--
-- PostgreSQL database dump
--

-- Dumped from database version 12.16
-- Dumped by pg_dump version 12.16

SET statement_timeout = 0;
SET lock_timeout = 0;
SET idle_in_transaction_session_timeout = 0;
SET client_encoding = 'UTF8';
SET standard_conforming_strings = on;
SELECT pg_catalog.set_config('search_path', '', false);
SET check_function_bodies = false;
SET xmloption = content;
SET client_min_messages = warning;
SET row_security = off;

--
-- Name: postgis; Type: EXTENSION; Schema: -; Owner: -
--

CREATE EXTENSION IF NOT EXISTS postgis WITH SCHEMA public;


--
-- Name: EXTENSION postgis; Type: COMMENT; Schema: -; Owner: 
--

COMMENT ON EXTENSION postgis IS 'PostGIS geometry and geography spatial types and functions';


SET default_tablespace = '';

SET default_table_access_method = heap;

--
-- Name: auth_group; Type: TABLE; Schema: public; Owner: postgres
--

CREATE TABLE public.auth_group (
    id integer NOT NULL,
    name character varying(150) NOT NULL
);


ALTER TABLE public.auth_group OWNER TO postgres;

--
-- Name: auth_group_id_seq; Type: SEQUENCE; Schema: public; Owner: postgres
--

ALTER TABLE public.auth_group ALTER COLUMN id ADD GENERATED BY DEFAULT AS IDENTITY (
    SEQUENCE NAME public.auth_group_id_seq
    START WITH 1
    INCREMENT BY 1
    NO MINVALUE
    NO MAXVALUE
    CACHE 1
);


--
-- Name: auth_group_permissions; Type: TABLE; Schema: public; Owner: postgres
--

CREATE TABLE public.auth_group_permissions (
    id integer NOT NULL,
    group_id integer NOT NULL,
    permission_id integer NOT NULL
);


ALTER TABLE public.auth_group_permissions OWNER TO postgres;

--
-- Name: auth_group_permissions_id_seq; Type: SEQUENCE; Schema: public; Owner: postgres
--

ALTER TABLE public.auth_group_permissions ALTER COLUMN id ADD GENERATED BY DEFAULT AS IDENTITY (
    SEQUENCE NAME public.auth_group_permissions_id_seq
    START WITH 1
    INCREMENT BY 1
    NO MINVALUE
    NO MAXVALUE
    CACHE 1
);


--
-- Name: auth_permission; Type: TABLE; Schema: public; Owner: postgres
--

CREATE TABLE public.auth_permission (
    id integer NOT NULL,
    name character varying(255) NOT NULL,
    content_type_id integer NOT NULL,
    codename character varying(100) NOT NULL
);


ALTER TABLE public.auth_permission OWNER TO postgres;

--
-- Name: auth_permission_id_seq; Type: SEQUENCE; Schema: public; Owner: postgres
--

ALTER TABLE public.auth_permission ALTER COLUMN id ADD GENERATED BY DEFAULT AS IDENTITY (
    SEQUENCE NAME public.auth_permission_id_seq
    START WITH 1
    INCREMENT BY 1
    NO MINVALUE
    NO MAXVALUE
    CACHE 1
);


--
-- Name: blog_blog; Type: TABLE; Schema: public; Owner: postgres
--

CREATE TABLE public.blog_blog (
    id bigint NOT NULL,
    name character varying(250) NOT NULL,
    slug character varying(127) NOT NULL,
    content text,
    image character varying(100) NOT NULL,
    priority integer NOT NULL,
    active boolean NOT NULL,
    created timestamp with time zone NOT NULL,
    updated timestamp with time zone NOT NULL,
    cate_id bigint NOT NULL,
    description text
);


ALTER TABLE public.blog_blog OWNER TO postgres;

--
-- Name: blog_blog_id_seq; Type: SEQUENCE; Schema: public; Owner: postgres
--

ALTER TABLE public.blog_blog ALTER COLUMN id ADD GENERATED BY DEFAULT AS IDENTITY (
    SEQUENCE NAME public.blog_blog_id_seq
    START WITH 1
    INCREMENT BY 1
    NO MINVALUE
    NO MAXVALUE
    CACHE 1
);


--
-- Name: blog_cate; Type: TABLE; Schema: public; Owner: postgres
--

CREATE TABLE public.blog_cate (
    id bigint NOT NULL,
    name character varying(250) NOT NULL,
    slug character varying(127) NOT NULL,
    created timestamp with time zone NOT NULL,
    updated timestamp with time zone NOT NULL
);


ALTER TABLE public.blog_cate OWNER TO postgres;

--
-- Name: blog_cate_id_seq; Type: SEQUENCE; Schema: public; Owner: postgres
--

ALTER TABLE public.blog_cate ALTER COLUMN id ADD GENERATED BY DEFAULT AS IDENTITY (
    SEQUENCE NAME public.blog_cate_id_seq
    START WITH 1
    INCREMENT BY 1
    NO MINVALUE
    NO MAXVALUE
    CACHE 1
);


--
-- Name: captcha_captchastore; Type: TABLE; Schema: public; Owner: postgres
--

CREATE TABLE public.captcha_captchastore (
    id integer NOT NULL,
    challenge character varying(32) NOT NULL,
    response character varying(32) NOT NULL,
    hashkey character varying(40) NOT NULL,
    expiration timestamp with time zone NOT NULL
);


ALTER TABLE public.captcha_captchastore OWNER TO postgres;

--
-- Name: captcha_captchastore_id_seq; Type: SEQUENCE; Schema: public; Owner: postgres
--

ALTER TABLE public.captcha_captchastore ALTER COLUMN id ADD GENERATED BY DEFAULT AS IDENTITY (
    SEQUENCE NAME public.captcha_captchastore_id_seq
    START WITH 1
    INCREMENT BY 1
    NO MINVALUE
    NO MAXVALUE
    CACHE 1
);


--
-- Name: city_city; Type: TABLE; Schema: public; Owner: postgres
--

CREATE TABLE public.city_city (
    id bigint NOT NULL,
    name character varying(250) NOT NULL,
    slug character varying(127) NOT NULL,
    priority integer NOT NULL,
    active boolean NOT NULL,
    created timestamp with time zone NOT NULL,
    updated timestamp with time zone NOT NULL
);


ALTER TABLE public.city_city OWNER TO postgres;

--
-- Name: city_city_id_seq; Type: SEQUENCE; Schema: public; Owner: postgres
--

ALTER TABLE public.city_city ALTER COLUMN id ADD GENERATED BY DEFAULT AS IDENTITY (
    SEQUENCE NAME public.city_city_id_seq
    START WITH 1
    INCREMENT BY 1
    NO MINVALUE
    NO MAXVALUE
    CACHE 1
);


--
-- Name: city_country; Type: TABLE; Schema: public; Owner: postgres
--

CREATE TABLE public.city_country (
    id bigint NOT NULL,
    name character varying(250) NOT NULL,
    slug character varying(127) NOT NULL,
    image character varying(100),
    content text,
    priority integer NOT NULL,
    active boolean NOT NULL,
    created timestamp with time zone NOT NULL,
    updated timestamp with time zone NOT NULL,
    show_home boolean NOT NULL,
    meta_description character varying(255),
    meta_title character varying(255),
    is_japan boolean NOT NULL
);


ALTER TABLE public.city_country OWNER TO postgres;

--
-- Name: city_country_id_seq; Type: SEQUENCE; Schema: public; Owner: postgres
--

ALTER TABLE public.city_country ALTER COLUMN id ADD GENERATED BY DEFAULT AS IDENTITY (
    SEQUENCE NAME public.city_country_id_seq
    START WITH 1
    INCREMENT BY 1
    NO MINVALUE
    NO MAXVALUE
    CACHE 1
);


--
-- Name: city_province; Type: TABLE; Schema: public; Owner: postgres
--

CREATE TABLE public.city_province (
    id bigint NOT NULL,
    name character varying(250) NOT NULL,
    priority integer NOT NULL,
    active boolean NOT NULL,
    created timestamp with time zone NOT NULL,
    updated timestamp with time zone NOT NULL,
    country_id bigint NOT NULL
);


ALTER TABLE public.city_province OWNER TO postgres;

--
-- Name: city_province_id_seq; Type: SEQUENCE; Schema: public; Owner: postgres
--

ALTER TABLE public.city_province ALTER COLUMN id ADD GENERATED BY DEFAULT AS IDENTITY (
    SEQUENCE NAME public.city_province_id_seq
    START WITH 1
    INCREMENT BY 1
    NO MINVALUE
    NO MAXVALUE
    CACHE 1
);


--
-- Name: django_admin_log; Type: TABLE; Schema: public; Owner: postgres
--

CREATE TABLE public.django_admin_log (
    id integer NOT NULL,
    action_time timestamp with time zone NOT NULL,
    object_id text,
    object_repr character varying(200) NOT NULL,
    action_flag smallint NOT NULL,
    change_message text NOT NULL,
    content_type_id integer,
    user_id bigint NOT NULL,
    CONSTRAINT django_admin_log_action_flag_check CHECK ((action_flag >= 0))
);


ALTER TABLE public.django_admin_log OWNER TO postgres;

--
-- Name: django_admin_log_id_seq; Type: SEQUENCE; Schema: public; Owner: postgres
--

ALTER TABLE public.django_admin_log ALTER COLUMN id ADD GENERATED BY DEFAULT AS IDENTITY (
    SEQUENCE NAME public.django_admin_log_id_seq
    START WITH 1
    INCREMENT BY 1
    NO MINVALUE
    NO MAXVALUE
    CACHE 1
);


--
-- Name: django_content_type; Type: TABLE; Schema: public; Owner: postgres
--

CREATE TABLE public.django_content_type (
    id integer NOT NULL,
    app_label character varying(100) NOT NULL,
    model character varying(100) NOT NULL
);


ALTER TABLE public.django_content_type OWNER TO postgres;

--
-- Name: django_content_type_id_seq; Type: SEQUENCE; Schema: public; Owner: postgres
--

ALTER TABLE public.django_content_type ALTER COLUMN id ADD GENERATED BY DEFAULT AS IDENTITY (
    SEQUENCE NAME public.django_content_type_id_seq
    START WITH 1
    INCREMENT BY 1
    NO MINVALUE
    NO MAXVALUE
    CACHE 1
);


--
-- Name: django_migrations; Type: TABLE; Schema: public; Owner: postgres
--

CREATE TABLE public.django_migrations (
    id integer NOT NULL,
    app character varying(255) NOT NULL,
    name character varying(255) NOT NULL,
    applied timestamp with time zone NOT NULL
);


ALTER TABLE public.django_migrations OWNER TO postgres;

--
-- Name: django_migrations_id_seq; Type: SEQUENCE; Schema: public; Owner: postgres
--

ALTER TABLE public.django_migrations ALTER COLUMN id ADD GENERATED BY DEFAULT AS IDENTITY (
    SEQUENCE NAME public.django_migrations_id_seq
    START WITH 1
    INCREMENT BY 1
    NO MINVALUE
    NO MAXVALUE
    CACHE 1
);


--
-- Name: django_session; Type: TABLE; Schema: public; Owner: postgres
--

CREATE TABLE public.django_session (
    session_key character varying(40) NOT NULL,
    session_data text NOT NULL,
    expire_date timestamp with time zone NOT NULL
);


ALTER TABLE public.django_session OWNER TO postgres;

--
-- Name: django_site; Type: TABLE; Schema: public; Owner: postgres
--

CREATE TABLE public.django_site (
    id integer NOT NULL,
    domain character varying(100) NOT NULL,
    name character varying(50) NOT NULL
);


ALTER TABLE public.django_site OWNER TO postgres;

--
-- Name: django_site_id_seq; Type: SEQUENCE; Schema: public; Owner: postgres
--

ALTER TABLE public.django_site ALTER COLUMN id ADD GENERATED BY DEFAULT AS IDENTITY (
    SEQUENCE NAME public.django_site_id_seq
    START WITH 1
    INCREMENT BY 1
    NO MINVALUE
    NO MAXVALUE
    CACHE 1
);


--
-- Name: page_page; Type: TABLE; Schema: public; Owner: postgres
--

CREATE TABLE public.page_page (
    id integer NOT NULL,
    name character varying(250) NOT NULL,
    slug character varying(127),
    content text,
    active boolean NOT NULL,
    created timestamp with time zone NOT NULL,
    updated timestamp with time zone NOT NULL
);


ALTER TABLE public.page_page OWNER TO postgres;

--
-- Name: page_page_id_seq; Type: SEQUENCE; Schema: public; Owner: postgres
--

ALTER TABLE public.page_page ALTER COLUMN id ADD GENERATED BY DEFAULT AS IDENTITY (
    SEQUENCE NAME public.page_page_id_seq
    START WITH 1
    INCREMENT BY 1
    NO MINVALUE
    NO MAXVALUE
    CACHE 1
);


--
-- Name: profession_profession; Type: TABLE; Schema: public; Owner: postgres
--

CREATE TABLE public.profession_profession (
    id bigint NOT NULL,
    name character varying(250) NOT NULL,
    slug character varying(127) NOT NULL,
    priority integer NOT NULL,
    active boolean NOT NULL,
    created timestamp with time zone NOT NULL,
    updated timestamp with time zone NOT NULL
);


ALTER TABLE public.profession_profession OWNER TO postgres;

--
-- Name: profession_profession_id_seq; Type: SEQUENCE; Schema: public; Owner: postgres
--

ALTER TABLE public.profession_profession ALTER COLUMN id ADD GENERATED BY DEFAULT AS IDENTITY (
    SEQUENCE NAME public.profession_profession_id_seq
    START WITH 1
    INCREMENT BY 1
    NO MINVALUE
    NO MAXVALUE
    CACHE 1
);


--
-- Name: thumbnail_kvstore; Type: TABLE; Schema: public; Owner: postgres
--

CREATE TABLE public.thumbnail_kvstore (
    key character varying(200) NOT NULL,
    value text NOT NULL
);


ALTER TABLE public.thumbnail_kvstore OWNER TO postgres;

--
-- Name: user_advisory; Type: TABLE; Schema: public; Owner: postgres
--

CREATE TABLE public.user_advisory (
    id bigint NOT NULL,
    name character varying(127) NOT NULL,
    phone character varying(155) NOT NULL,
    active boolean NOT NULL,
    created timestamp with time zone NOT NULL,
    work_id bigint,
    is_paid boolean NOT NULL
);


ALTER TABLE public.user_advisory OWNER TO postgres;

--
-- Name: user_advisory_id_seq; Type: SEQUENCE; Schema: public; Owner: postgres
--

ALTER TABLE public.user_advisory ALTER COLUMN id ADD GENERATED BY DEFAULT AS IDENTITY (
    SEQUENCE NAME public.user_advisory_id_seq
    START WITH 1
    INCREMENT BY 1
    NO MINVALUE
    NO MAXVALUE
    CACHE 1
);


--
-- Name: user_candidateview; Type: TABLE; Schema: public; Owner: postgres
--

CREATE TABLE public.user_candidateview (
    id bigint NOT NULL,
    viewed_at timestamp with time zone NOT NULL,
    candidate_id bigint NOT NULL,
    employer_id bigint NOT NULL
);


ALTER TABLE public.user_candidateview OWNER TO postgres;

--
-- Name: user_candidateview_id_seq; Type: SEQUENCE; Schema: public; Owner: postgres
--

ALTER TABLE public.user_candidateview ALTER COLUMN id ADD GENERATED BY DEFAULT AS IDENTITY (
    SEQUENCE NAME public.user_candidateview_id_seq
    START WITH 1
    INCREMENT BY 1
    NO MINVALUE
    NO MAXVALUE
    CACHE 1
);


--
-- Name: user_customuser; Type: TABLE; Schema: public; Owner: postgres
--

CREATE TABLE public.user_customuser (
    id bigint NOT NULL,
    password character varying(128) NOT NULL,
    last_login timestamp with time zone,
    is_superuser boolean NOT NULL,
    username character varying(150) NOT NULL,
    first_name character varying(150) NOT NULL,
    last_name character varying(150) NOT NULL,
    email character varying(254) NOT NULL,
    is_staff boolean NOT NULL,
    is_active boolean NOT NULL,
    date_joined timestamp with time zone NOT NULL,
    ho_va_ten_dem character varying(250),
    ten_goi character varying(250),
    gioi_tinh character varying,
    nam_sinh character varying,
    phone character varying(250),
    facebook character varying(250),
    dia_chi character varying(250),
    ghi_chu text,
    chieu_cao character varying,
    can_nang character varying,
    thi_luc character varying,
    hinh_xam character varying,
    viem_gan_b character varying,
    hut_thuoc character varying,
    uong_ruou character varying,
    benh_di_truyen character varying,
    tot_nghiep character varying,
    ngoai_ngu character varying,
    bang_nghe character varying,
    tay_nghe character varying(250),
    da_di_xkld character varying(250),
    tinh_cach character varying(250),
    so_thich character varying(250),
    yeu_cau_khac character varying(250),
    role character varying(20) NOT NULL,
    chuc_vu character varying(250),
    kinh_nghiem character varying,
    noi_lam_viec character varying(250),
    avata character varying(100),
    anh_bia character varying(100),
    tinh_thanh_pho_id bigint,
    otp_code character varying(6),
    otp_created_at timestamp with time zone,
    zalo character varying(250),
    tu_van text,
    ten_viet_tat character varying(250),
    sinh_song_tai character varying(250),
    point integer NOT NULL,
    free_posts_today integer NOT NULL,
    last_reset_date date,
    CONSTRAINT user_customuser_point_check CHECK ((point >= 0))
);


ALTER TABLE public.user_customuser OWNER TO postgres;

--
-- Name: user_customuser_country; Type: TABLE; Schema: public; Owner: postgres
--

CREATE TABLE public.user_customuser_country (
    id integer NOT NULL,
    customuser_id bigint NOT NULL,
    country_id bigint NOT NULL
);


ALTER TABLE public.user_customuser_country OWNER TO postgres;

--
-- Name: user_customuser_country_id_seq; Type: SEQUENCE; Schema: public; Owner: postgres
--

ALTER TABLE public.user_customuser_country ALTER COLUMN id ADD GENERATED BY DEFAULT AS IDENTITY (
    SEQUENCE NAME public.user_customuser_country_id_seq
    START WITH 1
    INCREMENT BY 1
    NO MINVALUE
    NO MAXVALUE
    CACHE 1
);


--
-- Name: user_customuser_groups; Type: TABLE; Schema: public; Owner: postgres
--

CREATE TABLE public.user_customuser_groups (
    id integer NOT NULL,
    customuser_id bigint NOT NULL,
    group_id integer NOT NULL
);


ALTER TABLE public.user_customuser_groups OWNER TO postgres;

--
-- Name: user_customuser_groups_id_seq; Type: SEQUENCE; Schema: public; Owner: postgres
--

ALTER TABLE public.user_customuser_groups ALTER COLUMN id ADD GENERATED BY DEFAULT AS IDENTITY (
    SEQUENCE NAME public.user_customuser_groups_id_seq
    START WITH 1
    INCREMENT BY 1
    NO MINVALUE
    NO MAXVALUE
    CACHE 1
);


--
-- Name: user_customuser_id_seq; Type: SEQUENCE; Schema: public; Owner: postgres
--

ALTER TABLE public.user_customuser ALTER COLUMN id ADD GENERATED BY DEFAULT AS IDENTITY (
    SEQUENCE NAME public.user_customuser_id_seq
    START WITH 1
    INCREMENT BY 1
    NO MINVALUE
    NO MAXVALUE
    CACHE 1
);


--
-- Name: user_customuser_nganh_nghe; Type: TABLE; Schema: public; Owner: postgres
--

CREATE TABLE public.user_customuser_nganh_nghe (
    id integer NOT NULL,
    customuser_id bigint NOT NULL,
    profession_id bigint NOT NULL
);


ALTER TABLE public.user_customuser_nganh_nghe OWNER TO postgres;

--
-- Name: user_customuser_nganh_nghe_id_seq; Type: SEQUENCE; Schema: public; Owner: postgres
--

ALTER TABLE public.user_customuser_nganh_nghe ALTER COLUMN id ADD GENERATED BY DEFAULT AS IDENTITY (
    SEQUENCE NAME public.user_customuser_nganh_nghe_id_seq
    START WITH 1
    INCREMENT BY 1
    NO MINVALUE
    NO MAXVALUE
    CACHE 1
);


--
-- Name: user_customuser_user_permissions; Type: TABLE; Schema: public; Owner: postgres
--

CREATE TABLE public.user_customuser_user_permissions (
    id integer NOT NULL,
    customuser_id bigint NOT NULL,
    permission_id integer NOT NULL
);


ALTER TABLE public.user_customuser_user_permissions OWNER TO postgres;

--
-- Name: user_customuser_user_permissions_id_seq; Type: SEQUENCE; Schema: public; Owner: postgres
--

ALTER TABLE public.user_customuser_user_permissions ALTER COLUMN id ADD GENERATED BY DEFAULT AS IDENTITY (
    SEQUENCE NAME public.user_customuser_user_permissions_id_seq
    START WITH 1
    INCREMENT BY 1
    NO MINVALUE
    NO MAXVALUE
    CACHE 1
);


--
-- Name: work_gender; Type: TABLE; Schema: public; Owner: postgres
--

CREATE TABLE public.work_gender (
    id bigint NOT NULL,
    name character varying(50) NOT NULL,
    updated timestamp with time zone NOT NULL
);


ALTER TABLE public.work_gender OWNER TO postgres;

--
-- Name: work_gender_id_seq; Type: SEQUENCE; Schema: public; Owner: postgres
--

ALTER TABLE public.work_gender ALTER COLUMN id ADD GENERATED BY DEFAULT AS IDENTITY (
    SEQUENCE NAME public.work_gender_id_seq
    START WITH 1
    INCREMENT BY 1
    NO MINVALUE
    NO MAXVALUE
    CACHE 1
);


--
-- Name: work_image; Type: TABLE; Schema: public; Owner: postgres
--

CREATE TABLE public.work_image (
    id bigint NOT NULL,
    image character varying(100) NOT NULL,
    work_id bigint NOT NULL
);


ALTER TABLE public.work_image OWNER TO postgres;

--
-- Name: work_image_id_seq; Type: SEQUENCE; Schema: public; Owner: postgres
--

ALTER TABLE public.work_image ALTER COLUMN id ADD GENERATED BY DEFAULT AS IDENTITY (
    SEQUENCE NAME public.work_image_id_seq
    START WITH 1
    INCREMENT BY 1
    NO MINVALUE
    NO MAXVALUE
    CACHE 1
);


--
-- Name: work_price; Type: TABLE; Schema: public; Owner: postgres
--

CREATE TABLE public.work_price (
    id bigint NOT NULL,
    price integer NOT NULL,
    khuyen_mai character varying(250),
    active boolean NOT NULL,
    priority integer NOT NULL,
    updated timestamp with time zone NOT NULL,
    CONSTRAINT work_price_price_check CHECK ((price >= 0))
);


ALTER TABLE public.work_price OWNER TO postgres;

--
-- Name: work_price_id_seq; Type: SEQUENCE; Schema: public; Owner: postgres
--

ALTER TABLE public.work_price ALTER COLUMN id ADD GENERATED BY DEFAULT AS IDENTITY (
    SEQUENCE NAME public.work_price_id_seq
    START WITH 1
    INCREMENT BY 1
    NO MINVALUE
    NO MAXVALUE
    CACHE 1
);


--
-- Name: work_work; Type: TABLE; Schema: public; Owner: postgres
--

CREATE TABLE public.work_work (
    id bigint NOT NULL,
    name character varying(250) NOT NULL,
    slug character varying(127) NOT NULL,
    cong_ty_nghiep_doan character varying(250),
    cong_viec_cu_the text NOT NULL,
    thoi_gian_lam_viec character varying(250) NOT NULL,
    luong_co_ban character varying(250) NOT NULL,
    luong_co_ban_menh_gia character varying,
    lam_them character varying,
    thu_nhap_du_kien character varying(250) NOT NULL,
    thu_nhap_du_kien_menh_gia character varying,
    quyen_loi_khac text,
    so_luong_tuyen character varying NOT NULL,
    hop_dong character varying,
    phi_xuat_canh character varying,
    phi_xuat_canh_menh_gia character varying,
    chuong_trinh_ho_tro text,
    image character varying(100),
    noi_dung_chi_tiet text NOT NULL,
    nam_sinh character varying NOT NULL,
    ket_thuc_nam_sinh character varying NOT NULL,
    trinh_do_hoc_van character varying,
    chuyen_nganh character varying,
    ngoai_ngu character varying,
    yeu_cau_hoc_tieng character varying,
    tinh_trang_suc_khoe character varying,
    thi_luc character varying,
    viem_gan_b character varying,
    xam_hinh character varying,
    yeu_cau_khac text NOT NULL,
    hinh_thuc_thi_tuyen character varying(250),
    ngay_thi_tuyen date,
    han_dang_ky date,
    du_kien_xuat_canh character varying(250),
    priority integer NOT NULL,
    active boolean NOT NULL,
    created timestamp with time zone NOT NULL,
    updated timestamp with time zone NOT NULL,
    country_id bigint NOT NULL,
    province_id bigint,
    view integer NOT NULL,
    user_id bigint,
    is_confirmed boolean NOT NULL,
    hot_expiry timestamp with time zone,
    CONSTRAINT work_work_view_check CHECK ((view >= 0))
);


ALTER TABLE public.work_work OWNER TO postgres;

--
-- Name: work_work_gioi_tinh; Type: TABLE; Schema: public; Owner: postgres
--

CREATE TABLE public.work_work_gioi_tinh (
    id integer NOT NULL,
    work_id bigint NOT NULL,
    gender_id bigint NOT NULL
);


ALTER TABLE public.work_work_gioi_tinh OWNER TO postgres;

--
-- Name: work_work_gioi_tinh_id_seq; Type: SEQUENCE; Schema: public; Owner: postgres
--

ALTER TABLE public.work_work_gioi_tinh ALTER COLUMN id ADD GENERATED BY DEFAULT AS IDENTITY (
    SEQUENCE NAME public.work_work_gioi_tinh_id_seq
    START WITH 1
    INCREMENT BY 1
    NO MINVALUE
    NO MAXVALUE
    CACHE 1
);


--
-- Name: work_work_id_seq; Type: SEQUENCE; Schema: public; Owner: postgres
--

ALTER TABLE public.work_work ALTER COLUMN id ADD GENERATED BY DEFAULT AS IDENTITY (
    SEQUENCE NAME public.work_work_id_seq
    START WITH 1
    INCREMENT BY 1
    NO MINVALUE
    NO MAXVALUE
    CACHE 1
);


--
-- Name: work_work_nganh_nghe; Type: TABLE; Schema: public; Owner: postgres
--

CREATE TABLE public.work_work_nganh_nghe (
    id integer NOT NULL,
    work_id bigint NOT NULL,
    profession_id bigint NOT NULL
);


ALTER TABLE public.work_work_nganh_nghe OWNER TO postgres;

--
-- Name: work_work_nganh_nghe_id_seq; Type: SEQUENCE; Schema: public; Owner: postgres
--

ALTER TABLE public.work_work_nganh_nghe ALTER COLUMN id ADD GENERATED BY DEFAULT AS IDENTITY (
    SEQUENCE NAME public.work_work_nganh_nghe_id_seq
    START WITH 1
    INCREMENT BY 1
    NO MINVALUE
    NO MAXVALUE
    CACHE 1
);


--
-- Name: work_work_noi_thi_tuyen; Type: TABLE; Schema: public; Owner: postgres
--

CREATE TABLE public.work_work_noi_thi_tuyen (
    id integer NOT NULL,
    work_id bigint NOT NULL,
    city_id bigint NOT NULL
);


ALTER TABLE public.work_work_noi_thi_tuyen OWNER TO postgres;

--
-- Name: work_work_noi_thi_tuyen_id_seq; Type: SEQUENCE; Schema: public; Owner: postgres
--

ALTER TABLE public.work_work_noi_thi_tuyen ALTER COLUMN id ADD GENERATED BY DEFAULT AS IDENTITY (
    SEQUENCE NAME public.work_work_noi_thi_tuyen_id_seq
    START WITH 1
    INCREMENT BY 1
    NO MINVALUE
    NO MAXVALUE
    CACHE 1
);


--
-- Name: work_work_tay_nghe; Type: TABLE; Schema: public; Owner: postgres
--

CREATE TABLE public.work_work_tay_nghe (
    id integer NOT NULL,
    work_id bigint NOT NULL,
    workmanship_id bigint NOT NULL
);


ALTER TABLE public.work_work_tay_nghe OWNER TO postgres;

--
-- Name: work_work_tay_nghe_id_seq; Type: SEQUENCE; Schema: public; Owner: postgres
--

ALTER TABLE public.work_work_tay_nghe ALTER COLUMN id ADD GENERATED BY DEFAULT AS IDENTITY (
    SEQUENCE NAME public.work_work_tay_nghe_id_seq
    START WITH 1
    INCREMENT BY 1
    NO MINVALUE
    NO MAXVALUE
    CACHE 1
);


--
-- Name: work_workmanship; Type: TABLE; Schema: public; Owner: postgres
--

CREATE TABLE public.work_workmanship (
    id bigint NOT NULL,
    name character varying(50) NOT NULL,
    updated timestamp with time zone NOT NULL
);


ALTER TABLE public.work_workmanship OWNER TO postgres;

--
-- Name: work_workmanship_id_seq; Type: SEQUENCE; Schema: public; Owner: postgres
--

ALTER TABLE public.work_workmanship ALTER COLUMN id ADD GENERATED BY DEFAULT AS IDENTITY (
    SEQUENCE NAME public.work_workmanship_id_seq
    START WITH 1
    INCREMENT BY 1
    NO MINVALUE
    NO MAXVALUE
    CACHE 1
);


--
-- Data for Name: auth_group; Type: TABLE DATA; Schema: public; Owner: postgres
--

COPY public.auth_group (id, name) FROM stdin;
\.


--
-- Data for Name: auth_group_permissions; Type: TABLE DATA; Schema: public; Owner: postgres
--

COPY public.auth_group_permissions (id, group_id, permission_id) FROM stdin;
\.


--
-- Data for Name: auth_permission; Type: TABLE DATA; Schema: public; Owner: postgres
--

COPY public.auth_permission (id, name, content_type_id, codename) FROM stdin;
1	Can add log entry	1	add_logentry
2	Can change log entry	1	change_logentry
3	Can delete log entry	1	delete_logentry
4	Can view log entry	1	view_logentry
5	Can add permission	2	add_permission
6	Can change permission	2	change_permission
7	Can delete permission	2	delete_permission
8	Can view permission	2	view_permission
9	Can add group	3	add_group
10	Can change group	3	change_group
11	Can delete group	3	delete_group
12	Can view group	3	view_group
13	Can add content type	4	add_contenttype
14	Can change content type	4	change_contenttype
15	Can delete content type	4	delete_contenttype
16	Can view content type	4	view_contenttype
17	Can add session	5	add_session
18	Can change session	5	change_session
19	Can delete session	5	delete_session
20	Can view session	5	view_session
21	Can add site	6	add_site
22	Can change site	6	change_site
23	Can delete site	6	delete_site
24	Can view site	6	view_site
25	Can add kv store	7	add_kvstore
26	Can change kv store	7	change_kvstore
27	Can delete kv store	7	delete_kvstore
28	Can view kv store	7	view_kvstore
29	Can add captcha store	8	add_captchastore
30	Can change captcha store	8	change_captchastore
31	Can delete captcha store	8	delete_captchastore
32	Can view captcha store	8	view_captchastore
33	Can add city	9	add_city
34	Can change city	9	change_city
35	Can delete city	9	delete_city
36	Can view city	9	view_city
37	Can add country	10	add_country
38	Can change country	10	change_country
39	Can delete country	10	delete_country
40	Can view country	10	view_country
41	Can add province	11	add_province
42	Can change province	11	change_province
43	Can delete province	11	delete_province
44	Can view province	11	view_province
45	Can add profession	12	add_profession
46	Can change profession	12	change_profession
47	Can delete profession	12	delete_profession
48	Can view profession	12	view_profession
49	Can add blog	13	add_blog
50	Can change blog	13	change_blog
51	Can delete blog	13	delete_blog
52	Can view blog	13	view_blog
53	Can add page	14	add_page
54	Can change page	14	change_page
55	Can delete page	14	delete_page
56	Can view page	14	view_page
57	Can add gender	15	add_gender
58	Can change gender	15	change_gender
59	Can delete gender	15	delete_gender
60	Can view gender	15	view_gender
61	Can add workmanship	16	add_workmanship
62	Can change workmanship	16	change_workmanship
63	Can delete workmanship	16	delete_workmanship
64	Can view workmanship	16	view_workmanship
65	Can add work	17	add_work
66	Can change work	17	change_work
67	Can delete work	17	delete_work
68	Can view work	17	view_work
69	Can add image	18	add_image
70	Can change image	18	change_image
71	Can delete image	18	delete_image
72	Can view image	18	view_image
73	Can add custom user	19	add_customuser
74	Can change custom user	19	change_customuser
75	Can delete custom user	19	delete_customuser
76	Can view custom user	19	view_customuser
77	Can add province	20	add_province
78	Can change province	20	change_province
79	Can delete province	20	delete_province
80	Can view province	20	view_province
81	Can add advisory	21	add_advisory
82	Can change advisory	21	change_advisory
83	Can delete advisory	21	delete_advisory
84	Can view advisory	21	view_advisory
85	Can add cate	22	add_cate
86	Can change cate	22	change_cate
87	Can delete cate	22	delete_cate
88	Can view cate	22	view_cate
89	Can add price	23	add_price
90	Can change price	23	change_price
91	Can delete price	23	delete_price
92	Can view price	23	view_price
93	Can add Lịch sử xem ứng viên	24	add_candidateview
94	Can change Lịch sử xem ứng viên	24	change_candidateview
95	Can delete Lịch sử xem ứng viên	24	delete_candidateview
96	Can view Lịch sử xem ứng viên	24	view_candidateview
\.


--
-- Data for Name: blog_blog; Type: TABLE DATA; Schema: public; Owner: postgres
--

COPY public.blog_blog (id, name, slug, content, image, priority, active, created, updated, cate_id, description) FROM stdin;
3	Đăng ký xin giấy tư pháp trên ứng dụng VNeID.	dang-ky-xin-giay-tu-phap-tren-ung-dung-vneid	<p>Từ ng&agrave;y 01/10/2024 tất mọi người d&acirc;n đều c&oacute; thể xin cấp giấy tư ph&aacute;p (Phiếu l&yacute; lịch tư ph&aacute;p) ngay tr&ecirc;n ứng dụng VNeID.</p>\r\n\r\n<p><img src="https://sanxuatkhaulaodong.com/upload/2024/10/1.-anh-bai-viet_2-large.png" style="height:262px; width:500px" /></p>\r\n\r\n<p><strong>Lợi &iacute;ch</strong></p>\r\n\r\n<ul>\r\n\t<li>C&oacute; thể thực hiện ngay tại nh&agrave; m&agrave; kh&ocirc;ng phải đến Sở Tư Ph&aacute;p.</li>\r\n\t<li>Thủ tục đăng k&yacute; đơn giản, nhanh ch&oacute;ng, kh&ocirc;ng phải xếp h&agrave;ng.</li>\r\n\t<li>Nhận được cả bản điện tử (Được k&yacute; số bởi người c&oacute; thẩm quyền v&agrave; k&yacute; số của Sở Tư ph&aacute;p) v&agrave; cả bản giấy phiếu l&yacute; lịch tư ph&aacute;p.</li>\r\n\t<li>Bản giấy tư ph&aacute;p sẽ được gửi chuyển ph&aacute;t nhanh về nh&agrave;.</li>\r\n\t<li>Thời gian cấp giấy tư ph&aacute;p: 14 ng&agrave;y l&agrave;m việc.</li>\r\n\t<li>Lệ ph&iacute; cấp:&nbsp;<strong>200.000</strong>&nbsp;đ.</li>\r\n</ul>\r\n\r\n<p><strong>Để đăng k&yacute; xin giấy tư ph&aacute;p c&aacute;c bạn cần chuẩn bị.</strong></p>\r\n\r\n<ul>\r\n\t<li>T&agrave;i khoản VNeID định danh mức độ 2.</li>\r\n\t<li>Số t&agrave;i khoản/ Thẻ ng&acirc;n h&agrave;ng d&ugrave;ng để thanh to&aacute;n lệ ph&iacute; cấp.</li>\r\n\t<li>Th&ocirc;ng tin bổ sung để điền Form đăng k&yacute; l&agrave;m tư ph&aacute;p.\r\n\t<ul>\r\n\t\t<li>Th&ocirc;ng tin &aacute;n t&iacute;ch (Nếu c&oacute;).</li>\r\n\t\t<li>Nơi sinh (Theo giấy khai sinh: X&atilde;/Phường - Huyện/Quận - Tỉnh/Th&agrave;nh Phố).</li>\r\n\t\t<li>Email c&aacute; nh&acirc;n.</li>\r\n\t\t<li>Số điện thoại ch&iacute;nh chủ. (SĐT được sử dụng khi định danh mức độ 2 tr&ecirc;n VNeID).</li>\r\n\t</ul>\r\n\t</li>\r\n</ul>\r\n\r\n<p>Để đăng k&yacute; xin cấp giấy tư ph&aacute;p c&aacute;c bạn đăng nhập v&agrave;o ứng dụng VNeID tr&ecirc;n điện thoại &gt;&gt; Chọn thủ tục h&agrave;nh ch&iacute;nh &gt;&gt; Chọn cấp phiếu l&yacute; lịch tư ph&aacute;p.</p>\r\n\r\n<p><img src="https://sanxuatkhaulaodong.com/upload/2024/10/cap-ly-lich-tu-phap_1-large.png" style="height:446px; width:500px" /></p>\r\n\r\n<p>Sau đ&oacute; c&aacute;c bạn nhập đầy đủ th&ocirc;ng tin rồi tiền h&agrave;nh thanh to&aacute;n lệ ph&iacute; cấp. Ngo&agrave;i ra, bạn cũng c&oacute; thể tham khảo hỗ trợ đăng k&yacute; xin cấp giấy tư ph&aacute;p ph&iacute;a dưới.</p>\r\n\r\n<p><img src="https://sanxuatkhaulaodong.com/upload/2024/10/3.-dich-vu-large.jpg" style="height:295px; width:500px" /></p>	blog/1.-anh-bai-viet_2-large.png	1	t	2025-03-01 14:50:01.30593+07	2025-03-01 14:50:01.30593+07	1	Từ ngày 01/10/2024 tất mọi người dân đều có thể xin cấp giấy tư pháp (Phiếu lý lịch tư pháp) ngay trên ứng dụng VNeID.
2	Hướng dẫn sử dụng esim khi ra nước ngoài.	huong-dan-su-dung-esim-khi-ra-nuoc-ngoai	<p>Esim l&agrave; c&aacute;ch nhanh ch&oacute;ng v&agrave; dễ d&agrave;ng để c&aacute;c bạn c&oacute; thể truy cập internet đi đi ra nước ngo&agrave;i. C&aacute;c bạn chỉ cần qu&eacute;t m&atilde; QR để c&agrave;i đặt sim v&agrave; kh&ocirc;ng cần th&aacute;o lắp sim vật l&yacute;.</p>\r\n\r\n<p><img src="https://sanxuatkhaulaodong.com/upload/2025/02/esim-large.png" style="height:366px; width:700px" /></p>\r\n\r\n<p>Lưu &yacute;:</p>\r\n\r\n<ul>\r\n\t<li>Điện thoại phải c&oacute; esim mới sử dụng được (Iphone từ iphone X trở l&ecirc;n).</li>\r\n\t<li>Cần c&agrave;i đặt esim ở Việt Nam trước v&agrave; điện thoại phải c&oacute; mạng để c&agrave;i đặt.</li>\r\n\t<li>Tuyệt đối kh&ocirc;ng xo&aacute; esim để c&agrave;i lại trong mọi trường hợp v&igrave; esim đ&atilde; xo&aacute; kh&ocirc;ng thể kh&ocirc;i phục được.</li>\r\n</ul>\r\n\r\n<p><strong>Bước 1: Chọn mua g&oacute;i esim:</strong></p>\r\n\r\n<p><strong><img src="https://sanxuatkhaulaodong.com/upload/2025/01/goi-esim.png" style="height:1418px; width:700px" /></strong></p>\r\n\r\n<p><a href="https://zalo.me/0976808600" rel="nofollow" target="_blank">Nhắn tin zalo đặt mua E-Sim</a></p>\r\n\r\n<p>Sau khi đặt mua sim, nh&agrave; cung cấp sẽ gửi cho bạn m&atilde; QR của esim.</p>\r\n\r\n<p><strong>Bước 2: C&agrave;i đặt esim tr&ecirc;n điện thoại.</strong></p>\r\n\r\n<ul>\r\n\t<li>Tr&ecirc;n điện thoại Iphone c&aacute;c bạn chọn C&agrave;i đặt.</li>\r\n\t<li>Chọn di động &gt;&gt; Th&ecirc;m esim.</li>\r\n\t<li>Chọn qu&eacute;t m&atilde; qr để th&ecirc;m esim.</li>\r\n\t<li>Chon tiếp tục. &quot;Chờ một ch&uacute;t&quot;</li>\r\n\t<li>Chọn xong.</li>\r\n\t<li>Nhập t&ecirc;n cho esim.</li>\r\n\t<li>Chọn tiếp tục.</li>\r\n\t<li>Chọn tiếp.</li>\r\n\t<li><strong>Bật chuyển d&ugrave;ng dữ liệu (Để điện sử dụng mạng từ cả 2 sim).(Quan trọng)</strong></li>\r\n\t<li>Esim sẽ trong trạng th&aacute;ng đang k&iacute;ch hoạt.</li>\r\n</ul>\r\n\r\n<p><strong>Bước 3: Sử dụng khi ra nước ngo&agrave;i.</strong></p>\r\n\r\n<ul>\r\n\t<li>Khi sang nước ngo&agrave;i c&aacute;c bạn bật esim l&ecirc;n, esim sẽ tự động k&iacute;ch hoạt.</li>\r\n\t<li>Nếu chưa c&oacute; mạng kiểm tra lại phần dữ liệu di động xem đ&atilde; chuyển sang esim hay chưa.</li>\r\n\t<li>Tr&ecirc;n điện thoại Androi c&aacute;c bạn l&agrave;m tương tự.</li>\r\n</ul>\r\n\r\n<p><strong>Bước 4: Sau khi hết thời gian sử dụng.</strong></p>\r\n\r\n<p>C&aacute;c bạn v&agrave;o lại phần di động &gt;&gt; chọn esim &gt;&gt; chọn xo&aacute; esim để gỡ esim khỏi điện thoại.</p>	blog/esim-large.png	1	t	2025-03-01 12:10:30.686701+07	2025-03-01 15:50:50.189333+07	1	Esim là cách nhanh chóng và dễ dàng để các bạn có thể truy cập internet đi đi ra nước ngoài. Các bạn chỉ cần quét mã QR để cài đặt sim và không cần tháo lắp sim vật lý.
4	Hỗ trợ tra cứu giá vé máy bay trong nước và quốc tế của tất cả các hãng.	ho-tro-tra-cuu-gia-ve-may-bay-trong-nuoc-va-quoc-te-cua-tat-ca-cac-hang	<p>S&agrave;n xuất khẩu lao động .com hỗ trợ kiểm tra miễn ph&iacute; gi&aacute; v&eacute; m&aacute;y b&aacute;y trong nước v&agrave; quốc tế của tất cả c&aacute;c h&atilde;ng. Tư vấn chọn chuyến bay rẻ nhất.</p>\r\n\r\n<p style="text-align:center"><a class="btn btn-success" href="https://zalo.me/0976808600" rel="nofollow" target="_blank">Nhắn tin zalo</a></p>\r\n\r\n<p><img src="https://sanxuatkhaulaodong.com/upload/2024/10/1-anh-quang-cao_2-large.jpg" style="height:419px; width:800px" /></p>\r\n\r\n<p><img src="https://sanxuatkhaulaodong.com/upload/2024/10/ve-may-bay-2-large.jpg" style="height:1192px; width:800px" /></p>\r\n\r\n<p><img src="https://sanxuatkhaulaodong.com/upload/2024/10/ve-may-bay-1-large.jpg" style="height:1012px; width:800px" /></p>	blog/1-anh-quang-cao_2-large.jpg	1	t	2025-03-01 14:50:57.701826+07	2025-03-01 15:44:40.367491+07	1	Sàn xuất khẩu lao động .com hỗ trợ kiểm tra miễn phí giá vé máy báy trong nước và quốc tế của tất cả các hãng. Tư vấn chọn chuyến bay rẻ nhất.
16	Kết quả lựa chọn doanh nghiệp tham gia Chương trình hỗ trợ công dân Việt Nam đi làm việc trong ngành nông nghiệp tại Australia	ket-qua-lua-chon-doanh-nghiep-tham-gia-chuong-trinh-ho-tro-cong-dan-viet-nam-di-lam-viec-trong-nganh-nong-nghiep-tai-australia	<p>Ng&agrave;y 10/12/2024, Đại sứ qu&aacute;n Australia đ&atilde; c&oacute; C&ocirc;ng h&agrave;m số 1217-2024 gửi Bộ Lao động &ndash; Thương binh v&agrave; X&atilde; hội th&ocirc;ng b&aacute;o, ngo&agrave;i Trung t&acirc;m lao động ngo&agrave;i nước (COLAB), ph&iacute;a Australia đ&atilde; quyết định lựa chọn 06 doanh nghiệp Việt Nam tham gia Chương tr&igrave;nh hỗ trợ c&ocirc;ng d&acirc;n Việt Nam đi l&agrave;m việc trong ng&agrave;nh n&ocirc;ng nghiệp tại Australia (Chương tr&igrave;nh VLMA).</p>\r\n\r\n<p><img src="https://sanxuatkhaulaodong.com/upload/2025/01/hnay-nhomoptimized-large.jpg" style="height:653px; width:1024px" /></p>\r\n\r\n<p>Ng&agrave;y 06/9, Bộ Lao động - Thương binh v&agrave; X&atilde; hội v&agrave; Đại sứ qu&aacute;n Australia tại Việt Nam c&ocirc;ng bố triển khai thực hiện hỗ trợ c&ocirc;ng d&acirc;n Việt Nam đi l&agrave;m việc trong ng&agrave;nh n&ocirc;ng nghiệp tại Australia</p>\r\n\r\n<p>Theo đ&oacute;, 06 doanh nghiệp Việt Nam tham gia Chương tr&igrave;nh hỗ trợ c&ocirc;ng d&acirc;n Việt Nam đi l&agrave;m việc trong ng&agrave;nh n&ocirc;ng nghiệp tại Australia gồm:</p>\r\n\r\n<p>1. C&ocirc;ng ty TNHH Hợp t&aacute;c Lao động v&agrave; Thương mại ISM (ISMLCCCO.LTD)</p>\r\n\r\n<p>2. C&ocirc;ng ty Cổ phần Đầu tư x&acirc;y dựng v&agrave; cung ứng nh&acirc;n lực Ho&agrave;ng Long (HOANGLONG CMS.JSC)</p>\r\n\r\n<p>3. C&ocirc;ng ty Cổ phần Ph&aacute;t triển nguồn nh&acirc;n lực LOD (LOD.,CORP)</p>\r\n\r\n<p>4. C&ocirc;ng ty Cổ phần Cung ứng nh&acirc;n lực quốc tế v&agrave; Thương mại SONA (SONA)</p>\r\n\r\n<p>5. C&ocirc;ng ty Cổ phần ph&aacute;t triển quốc tế Việt Thắng (VTC CORP)</p>\r\n\r\n<p>6. C&ocirc;ng ty Cổ phần MIRAI INTERNATIONAL.</p>\r\n\r\n<p>Theo kế hoạch, dự kiến th&aacute;ng 01/2025, hai b&ecirc;n sẽ tổ chức một số hoạt động để cung cấp th&ocirc;ng tin về Chương tr&igrave;nh VLMA tới 06 doanh nghiệp được chọn v&agrave; COLAB, giới thiệu c&aacute;c doanh nghiệp v&agrave; COLAB với người sử dụng lao động tham gia chương tr&igrave;nh của Australia.</p>\r\n\r\n<p>V&agrave;o đầu th&aacute;ng 3 năm nay, Ch&iacute;nh phủ hai nước đ&atilde; c&ugrave;ng c&ocirc;ng bố Kế hoạch thực hiện của chương tr&igrave;nh, trong đ&oacute; n&ecirc;u r&otilde; y&ecirc;u cầu, điều kiện đối với lao động Việt Nam tham gia chương tr&igrave;nh cũng như vai tr&ograve; v&agrave; tr&aacute;ch nhiệm của c&aacute;c cơ quan, tổ chức li&ecirc;n quan để đảm bảo ph&uacute;c lợi cho người lao động.</p>\r\n\r\n<p>Trong năm đầu ti&ecirc;n thực hiện chương tr&igrave;nh, một đơn vị sự nghiệp c&ocirc;ng lập v&agrave; tối đa 6 doanh nghiệp hoạt động dịch vụ đưa người lao động Việt Nam đi l&agrave;m việc ở nước ngo&agrave;i theo hợp đồng được lựa chọn tham gia chương tr&igrave;nh. Ph&iacute; tuyển dụng sẽ do người sử dụng lao động của Australia chi trả cho đơn vị sự nghiệp v&agrave; doanh nghiệp dịch vụ Việt Nam.</p>\r\n\r\n<p>Ch&iacute;nh phủ Australia sẽ cho ph&eacute;p tối đa 1.000 lao động Việt Nam l&agrave;m việc trong lĩnh vực n&ocirc;ng nghiệp tại Australia tại c&ugrave;ng một thời điểm.</p>\r\n\r\n<p>Người lao động Việt Nam tham gia Chương tr&igrave;nh c&oacute; thể l&agrave;m c&ocirc;ng việc ngắn hạn (từ 6 đến 9 th&aacute;ng) hoặc l&agrave;m c&ocirc;ng việc d&agrave;i hạn (từ 1 đến 4 năm). Vị tr&iacute; việc l&agrave;m của người lao động Việt Nam chỉ y&ecirc;u cầu c&oacute; kỹ năng nghề thấp đến b&aacute;n l&agrave;nh nghề trong ng&agrave;nh n&ocirc;ng nghiệp như trồng trọt, chế biến thịt, thủy sản (bao gồm nu&ocirc;i trồng thủy sản) v&agrave; l&acirc;m nghiệp.</p>\r\n\r\n<p>Nguồn: Molisa.gov.vn</p>	blog/hnay-nhomoptimized-large.jpg	1	t	2025-03-09 21:15:13.320992+07	2025-03-09 21:16:25.987048+07	5	Ngày 10/12/2024, Đại sứ quán Australia đã có Công hàm số 1217-2024 gửi Bộ Lao động – Thương binh và Xã h...
1	Các bước đăng ký làm hộ chiếu trên Cổng Dịch Vụ Công Quốc Gia.	cac-buoc-dang-ky-lam-ho-chieu-tren-cong-dich-vu-cong-quoc-gia	<p>Nếu bạn gặp kh&oacute; khăn trong qu&aacute; tr&igrave;nh đăng k&yacute;, c&aacute;c bạn c&oacute; thể nhắn tin zalo để được hỗ trợ nh&eacute;.</p>\r\n\r\n<p style="text-align: center;"><span style="font-weight: 400;"><a class="btn btn-success" href="https://zalo.me/0976808600" target="_blank" rel="nofollow">&nbsp; &nbsp; &nbsp; &nbsp; &nbsp; &nbsp; &nbsp; &nbsp; &nbsp;Nhắn tin zalo&nbsp;&nbsp;&nbsp;&nbsp;&nbsp;&nbsp;&nbsp;&nbsp;&nbsp;&nbsp;&nbsp;&nbsp;&nbsp;&nbsp;&nbsp;&nbsp;&nbsp;</a></span></p>\r\n\r\n<p><img src="https://sanxuatkhaulaodong.com/upload/2024/09/1c-large.png" style="height:366px; width:700px" /></p>\r\n\r\n<p><strong>Bước 1: Truy cập website:&nbsp;<a href="https://dichvucong.bocongan.gov.vn/" rel="nofollow" target="_blank">https://dichvucong.bocongan.gov.vn</a></strong></p>\r\n\r\n<p>Chọn &quot;Đăng nhập&quot; g&oacute;c tr&ecirc;n b&ecirc;n phải.</p>\r\n\r\n<p><img src="https://sanxuatkhaulaodong.com/upload/2024/10/h1.0-large.png" style="height:469px; width:800px" /></p>\r\n\r\n<p>Chọn: T&agrave;i khoản định danh điện tử cấp bởi Bộ C&ocirc;ng An d&agrave;nh cho C&ocirc;ng D&acirc;n.</p>\r\n\r\n<p><img src="https://sanxuatkhaulaodong.com/upload/2024/09/h1-large.png" style="height:528px; width:800px" /></p>\r\n\r\n<p><strong>Bước 2: Đăng nhập.</strong></p>\r\n\r\n<p>Sử dụng t&agrave;i khoản định danh VNeID để đăng nhập t&agrave;i khoản (Anh/chị c&oacute; thể lựa chọn nhập số định danh (Số cccd) v&agrave; mật khẩu, hoặc mở ứng dụng VNeID tr&ecirc;n điện thoại để qu&eacute;t m&atilde; QR đăng nhập.</p>\r\n\r\n<p><strong>Lưu &yacute;: Để đăng k&yacute; l&agrave;m hộ chiếu t&agrave;i khoản VNeID của bạn phải được định danh mức 2. Bạn c&oacute; thể kiểm tra trong ứng dụng VNeID tr&ecirc;n điện thoại.</strong></p>\r\n\r\n<p><img src="https://sanxuatkhaulaodong.com/upload/2024/09/h2-large.png" style="height:528px; width:800px" /></p>\r\n\r\n<p><strong>Bước 3: Chọn dịch vụ.</strong></p>\r\n\r\n<p>Chọn Nộp hồ sơ trực tuyến &gt;&gt; Cấp hộ chiếu phổ th&ocirc;ng trong nước (Thực hiện tại cấp tỉnh).</p>\r\n\r\n<p><img src="https://sanxuatkhaulaodong.com/upload/2024/09/h3_2-large.png" style="height:464px; width:800px" /></p>\r\n\r\n<p>Chọn: Nộp hồ sơ</p>\r\n\r\n<p><img src="https://sanxuatkhaulaodong.com/upload/2024/09/h4_1-large.png" style="height:464px; width:800px" /></p>\r\n\r\n<p><strong>Bước 4: Chọn tỉnh v&agrave; loại h&igrave;nh l&agrave;m hộ chiếu.</strong></p>\r\n\r\n<p>Chọn tỉnh nơi bạn sinh sống + đối tượng l&agrave;m hộ chiếu (Dưới 14 tuổi hoặc từ 14 tuổi trở l&ecirc;n).</p>\r\n\r\n<p><img src="https://sanxuatkhaulaodong.com/upload/2024/09/h5-large.png" style="height:464px; width:800px" /></p>\r\n\r\n<p><img src="https://sanxuatkhaulaodong.com/upload/2024/09/h6-large.png" style="height:464px; width:800px" /></p>\r\n\r\n<p><strong>Bước 5: Điền th&ocirc;ng tin.</strong></p>\r\n\r\n<p>Bổ sung c&aacute;c th&ocirc;ng tin c&aacute; nh&acirc;n c&ograve;n thiếu.</p>\r\n\r\n<p><img src="https://sanxuatkhaulaodong.com/upload/2024/09/h7-large.png" style="height:637px; width:800px" /></p>\r\n\r\n<p>Nhập th&ocirc;ng tin người th&acirc;n v&agrave; địa chỉ nhận hộ chiếu.</p>\r\n\r\n<p><img src="https://sanxuatkhaulaodong.com/upload/2024/10/h8-large.png" style="height:637px; width:800px" /></p>\r\n\r\n<p>Phần n&agrave;y c&aacute;c bạn kh&ocirc;ng cần chọn nh&eacute;.</p>\r\n\r\n<p><img src="https://sanxuatkhaulaodong.com/upload/2024/09/h9-large.png" style="height:637px; width:800px" /></p>\r\n\r\n<p>Sau khi cập nhật đầy đủ th&ocirc;ng tin, c&aacute;c bạn bấm&nbsp;<strong>Đồng &yacute; v&agrave; tiếp tục</strong>.</p>\r\n\r\n<p><strong>C&aacute;c lưu &yacute; quan trọng khi nhập th&ocirc;ng tin</strong></p>\r\n\r\n<ul>\r\n\t<li>Y&ecirc;u cầu về ảnh:\r\n\t<ul>\r\n\t\t<li>Ảnh mới chụp (kh&ocirc;ng qu&aacute; 6 th&aacute;ng);</li>\r\n\t\t<li>Tỉ lệ ảnh: rộng x d&agrave;i = 4 x 6;</li>\r\n\t\t<li>Tỉ lệ diện t&iacute;ch khu&ocirc;n mặt chiếm khoảng 75% diện t&iacute;ch ảnh;</li>\r\n\t\t<li>Chiều cao từ mắt l&ecirc;n m&eacute;p tr&ecirc;n của ảnh xấp xỉ 2/3 chiều cao từ mắt xuống m&eacute;p dưới của ảnh;</li>\r\n\t\t<li>Mặt nh&igrave;n thẳng, lộ 2 v&agrave;nh tai, đầu để trần, kh&ocirc;ng đeo k&iacute;nh;</li>\r\n\t\t<li>Ph&ocirc;ng nền trắng;</li>\r\n\t\t<li>Độ ph&acirc;n giải tối thiểu 300dpi;</li>\r\n\t\t<li>Định dạng file jpeg 2000;</li>\r\n\t</ul>\r\n\t</li>\r\n\t<li>Số điện thoại phải được đăng k&yacute; ch&iacute;nh chủ v&agrave; sử dụng khi định danh mức độ 2 tr&ecirc;n VNeID.</li>\r\n\t<li>Email phải c&oacute; thật để nhận th&ocirc;ng b&aacute;o v&agrave; c&oacute; thể kiểm tra thường xuy&ecirc;n.</li>\r\n</ul>\r\n\r\n<p><strong>Bước 6: Kiểm tra lại th&ocirc;ng tin.</strong></p>\r\n\r\n<p>C&aacute;c bạn kiểm tra lại c&aacute;c th&ocirc;ng tin của m&igrave;nh nhập đ&atilde; ch&iacute;nh x&aacute;c chưa, trường hợp chưa ch&iacute;nh x&aacute;c c&aacute;c bạn c&oacute; thể sửa lại. N&ecirc;n kiểm tra kỹ bước n&agrave;y.</p>\r\n\r\n<p>Sau khi th&ocirc;ng tin đ&atilde; ch&iacute;nh x&aacute;c c&aacute;c bạn bấm &quot;Nộp hồ sơ&quot; để ho&agrave;n tất thủ tục đăng k&yacute; &gt;&gt; Chờ x&eacute;t duyệt.</p>\r\n\r\n<p>C&aacute;c bạn nhớ chụp lại m&atilde; hồ sơ để tiện tra cứu.</p>\r\n\r\n<p><strong>Bước 7: Chờ x&eacute;t duyệt + Thanh to&aacute;n.</strong></p>\r\n\r\n<p>Kết quả x&eacute;t duyệt sẽ được gửi về email của c&aacute;c bạn trong 01 - 03 ng&agrave;y l&agrave;m việc.</p>\r\n\r\n<ul>\r\n\t<li>Nếu&nbsp;<strong>hồ sơ ĐẠT</strong>&nbsp;-&gt; C&aacute;c bạn tiến h&agrave;nh&nbsp;<strong>thanh to&aacute;n lệ ph&iacute; l&agrave;m hộ chiếu l&agrave; 160.000đ</strong>. Th&ocirc;ng tin thanh to&aacute;n sẽ được gửi trong email.</li>\r\n\t<li>Nếu hồ sơ&nbsp;<strong>KH&Ocirc;NG ĐẠT</strong>&nbsp;-&gt; C&aacute;c bạn tiến h&agrave;nh&nbsp;<strong>sửa đổi, bổ sung th&ocirc;ng tin v&agrave; đợi kết quả x&eacute;t duyệt lại.</strong></li>\r\n</ul>\r\n\r\n<p>Sau khi thanh to&aacute;n, Ph&ograve;ng QLXNC sẽ bắt đầu xử l&yacute; hồ sơ -&gt; Thời gian nhận hộ chiếu khoảng 14 ng&agrave;y l&agrave;m việc.</p>\r\n\r\n<p><strong>Vậy l&agrave; bạn đ&atilde; ho&agrave;n th&agrave;nh c&aacute;c bước đăng k&yacute; l&agrave;m hộ chiếu. C&aacute;c bạn lưu &yacute; để &yacute; điện thoại khi bưu điện gọi giao hộ chiếu nh&eacute;.</strong></p>\r\n\r\n<p>C&aacute;c bạn c&oacute; dự định đi xuất khẩu lao động hoặc du lịch nước ngo&agrave;i th&igrave; n&ecirc;n đăng k&yacute; l&agrave;m hộ chiếu trước nh&eacute;, v&igrave; thời gian cấp hộ chiếu l&agrave; 14 ng&agrave;y l&agrave;m việc,&nbsp;</p>\r\n\r\n<p><strong>Trong trường hợp c&aacute;c bạn kh&ocirc;ng tiện đăng k&yacute; l&agrave;m hộ chiếu, bạn c&oacute; thể tham khảo g&oacute;i hỗ trợ đăng k&yacute; hộ chiếu ph&iacute; dưới nh&eacute;.</strong></p>\r\n\r\n<p><img src="https://sanxuatkhaulaodong.com/upload/2025/01/3-goi-2-large.png" style="height:702px; width:700px" /></p>\r\n\r\n<p style="text-align:center"><a class="btn btn-success" href="https://zalo.me/0976808600" rel="nofollow" target="_blank">&nbsp; &nbsp; &nbsp; &nbsp; &nbsp; &nbsp; &nbsp; &nbsp; &nbsp;Nhắn tin zalo&nbsp;&nbsp;&nbsp;&nbsp;&nbsp;&nbsp;&nbsp;&nbsp;&nbsp;&nbsp;&nbsp;&nbsp;&nbsp;&nbsp;&nbsp;&nbsp;&nbsp;</a></p>\r\n\r\n<p><img src="https://sanxuatkhaulaodong.com/upload/2024/10/3.-dich-vu-large.jpg" style="height:413px; width:700px" /></p>\r\n\r\n<p style="text-align:center"><a class="btn btn-success" href="https://zalo.me/0976808600" rel="nofollow" target="_blank">&nbsp; &nbsp; &nbsp; &nbsp; &nbsp; &nbsp; &nbsp; &nbsp; &nbsp;Nhắn tin zalo&nbsp;&nbsp;&nbsp;&nbsp;&nbsp;&nbsp;&nbsp;&nbsp;&nbsp;&nbsp;&nbsp;&nbsp;&nbsp;&nbsp;&nbsp;&nbsp;&nbsp;</a></p>	blog/1c-large.png	1	t	2025-03-01 12:03:13.961695+07	2025-03-01 15:53:11.987755+07	1	Nếu bạn gặp khó khăn trong quá trình đăng ký, các bạn có thể nhắn tin zalo để được hỗ trợ nhé.
23	Thống kê số lượng người Việt Nam đi xuất khẩu lao động năm 2024	thong-ke-so-luong-nguoi-viet-nam-di-xuat-khau-lao-dong-nam-2024	<p>Theo số liệu b&aacute;o c&aacute;o của c&aacute;c doanh nghiệp, năm 2024 tổng số lao động Việt Nam đi l&agrave;m việc ở nước ngo&agrave;i l&agrave; 158.588 lao động (52.898 lao động nữ).</p>\r\n\r\n<p>Đạt 126,9% kế hoạch năm (năm 2024, kế hoạch đưa lao động Việt Nam đi l&agrave;m việc ở nước ngo&agrave;i theo hợp đồng l&agrave; từ 125.000 lao động) v&agrave; bằng 99,13% so với năm 2023 (năm 2023, tổng số lao động Việt Nam đi l&agrave;m việc ở nước ngo&agrave;i l&agrave; 159.986 lao động).</p>\r\n\r\n<p><img src="https://sanxuatkhaulaodong.com/upload/2025/02/thong-ke-xkld-2-large.png" style="height:314px; width:600px" /></p>\r\n\r\n<p>Trong đ&oacute; thị trường:</p>\r\n\r\n<ul>\r\n\t<li>Nhật Bản: 71.518 lao động (30.295 lao động nữ).</li>\r\n\t<li>Đ&agrave;i Loan: 62.282 lao động (19.824 lao động nữ).</li>\r\n\t<li>H&agrave;n Quốc: 13.649 lao động (1.465 lao động nữ).</li>\r\n\t<li>Trung Quốc: 2.335 lao động (05 lao động nữ).</li>\r\n\t<li>Hungary: 759 lao động (145 lao động nữ).</li>\r\n\t<li>Singapore: 1.544 lao động nam.</li>\r\n\t<li>Rumani: 1.023 lao động (95 lao động nữ).</li>\r\n\t<li>Ba Lan: 331 lao động (70 lao động nữ).</li>\r\n\t<li>Hồng K&ocirc;ng: 582 lao động (14 lao động nữ).</li>\r\n\t<li>Algeria: 397 lao động (06 lao động nữ).</li>\r\n\t<li>Ả-rập X&ecirc;-&uacute;t: 660 lao động (445 lao động nữ).</li>\r\n\t<li>Li&ecirc;n bang Nga: 591 lao động (148 lao động nữ).</li>\r\n\t<li>Macao: 346 lao động (130 lao động nữ).</li>\r\n\t<li>v&agrave; c&aacute;c thị trường kh&aacute;c.</li>\r\n</ul>	blog/thong-ke-xkld-2-large.png	1	t	2025-03-09 21:24:41.444289+07	2025-03-09 21:24:41.444289+07	4	Theo số liệu báo cáo của các doanh nghiệp, năm 2024 tổng số lao động Việt Nam đi làm việc ở nước ngoài là 158.588 lao động (52.898 lao động nữ).
24	Việt Nam - Phần Lan ký kết hợp tác về dịch chuyển chuyên gia, lao động có kỹ năng nghề, lao động thời vụ đi làm việc tại Phần Lan.	viet-nam-phan-lan-ky-ket-hop-tac-ve-dich-chuyen-chuyen-gia-lao-dong-co-ky-nang-nghe-lao-dong-thoi-vu-di-lam-viec-tai-phan-lan	<p>Từ ng&agrave;y 13 - 15/01/2025, Đo&agrave;n c&ocirc;ng t&aacute;c của Bộ Kinh tế v&agrave; Việc l&agrave;m Phần Lan do Bộ trưởng Việc l&agrave;m, Bộ Kinh tế v&agrave; Việc l&agrave;m Phần Lan Arto Olavi Satonen l&agrave; Trưởng đo&agrave;n đ&atilde; tới thăm v&agrave; l&agrave;m việc tại Việt Nam, đồng thời tham dự nhiều sự kiện tại Thủ đ&ocirc; H&agrave; Nội v&agrave; th&agrave;nh phố Hồ Ch&iacute; Minh, nhằm th&uacute;c đẩy mối quan hệ Phần Lan - Việt Nam. Chuyến thăm mở ra c&aacute;c hướng hợp t&aacute;c s&acirc;u rộng v&agrave; c&aacute;c cơ hội nghề nghiệp tại Phần Lan cho lao động Việt Nam trong c&aacute;c lĩnh vực như c&ocirc;ng nghệ, c&ocirc;ng nghiệp v&agrave; chăm s&oacute;c sức khỏe. Th&aacute;p t&ugrave;ng Bộ trưởng Satonen c&oacute; Thị trưởng Th&agrave;nh phố Helsinki v&agrave; l&atilde;nh đạo c&aacute;c tập đo&agrave;n, doanh nghiệp v&agrave; c&aacute;c tổ chức dịch vụ trong thị trường lao động.</p>\r\n\r\n<p>Tại Hội đ&agrave;m giữa Bộ Lao động - Thương binh v&agrave; X&atilde; hội Việt Nam v&agrave; Bộ Kinh tế v&agrave; Việc l&agrave;m Phần Lan, Bộ trưởng Bộ Lao động - Thương binh v&agrave; X&atilde; hội Đ&agrave;o Ngọc Dung đ&aacute;nh gi&aacute; cao những kết quả hợp t&aacute;c giữa Việt Nam v&agrave; Phần Lan trong thời gian qua. Theo Bộ trưởng, quan hệ hai nước đang chuyển dần từ đối t&aacute;c ph&aacute;t triển sang hợp t&aacute;c c&ugrave;ng c&oacute; lợi v&agrave; mối quan hệ hữu nghị n&agrave;y ng&agrave;y c&agrave;ng ph&aacute;t triển tốt đẹp với những chuyến thăm của l&atilde;nh đạo cấp cao hai b&ecirc;n, đặc biệt trong năm 2023 khi hai nước kỷ niệm 50 năm thiết lập quan hệ ngoại giao (1973 - 2023). Trước đ&oacute;, năm 2024, c&aacute;c hoạt động trao đổi đo&agrave;n cấp cao giữa hai nước như chuyến thăm ch&iacute;nh thức Việt Nam của Chủ tịch Quốc hội Phần Lan Jussi Halla-aho (3/2024); Tổng B&iacute; thư T&ocirc; L&acirc;m gặp Tổng thống Phần Lan Alecxander Stubb tại Đại hội đồng Li&ecirc;n Hợp Quốc (24/9/2024), đ&atilde; g&oacute;p phần th&uacute;c đẩy v&agrave; l&agrave;m s&acirc;u sắc hơn quan hệ đối t&aacute;c giữa hai nước.</p>\r\n\r\n<p><img src="https://sanxuatkhaulaodong.com/upload/2025/02/a1.jpg" style="height:375px; width:600px" /></p>\r\n\r\n<p>Bộ trưởng Đ&agrave;o Ngọc Dung ph&aacute;t biểu tại Hội đ&agrave;m</p>\r\n\r\n<p>Bộ trưởng Đ&agrave;o Ngọc Dung cho rằng chuyến thăm Việt Nam của Đo&agrave;n C&ocirc;ng t&aacute;c của Bộ Kinh tế v&agrave; Việc l&agrave;m Phần Lan mang &yacute; nghĩa rất quan trọng, g&oacute;p phần x&acirc;y dựng mối quan hệ ng&agrave;y c&agrave;ng tốt đẹp hơn giữa hai nước Việt Nam v&agrave; Phần Lan. Nh&acirc;n dịp n&agrave;y, Bộ trưởng đ&atilde; chia sẻ ngắn gọn một số th&ocirc;ng tin về thị trường lao động tại Việt Nam. Đặc biệt, Việt Nam cũng đ&atilde; c&oacute; khung ch&iacute;nh s&aacute;ch quốc gia để ứng ph&oacute; với gi&agrave; h&oacute;a d&acirc;n số. Việt Nam đang hướng tới đẩy mạnh đổi mới s&aacute;ng tạo khoa học c&ocirc;ng nghệ v&agrave; chuyển đổi số để đưa Việt Nam tho&aacute;t khỏi thu nhập trung b&igrave;nh v&agrave; sẽ trở th&agrave;nh quốc gia ph&aacute;t triển c&ocirc;ng nghiệp trong tương lai.</p>\r\n\r\n<p>Th&ocirc;ng tin về nguồn nh&acirc;n lực của Việt Nam đi l&agrave;m việc ở nước ngo&agrave;i, Bộ trưởng Đ&agrave;o Ngọc Dung cho biết, trong những năm gần đ&acirc;y, mỗi năm Việt Nam đưa gần 160.000 lao động đi l&agrave;m việc ở nước ngo&agrave;i (năm 2023 đưa 159.986 lao động, năm 2024 đưa gần 159.000 lao động) v&agrave; hiện nay c&oacute; khoảng 700.000 lao động Việt Nam đang l&agrave;m việc ở 40 nước v&agrave; v&ugrave;ng l&atilde;nh thổ, với hơn 30 nh&oacute;m ng&agrave;nh nghề kh&aacute;c nhau.</p>\r\n\r\n<p><img src="https://sanxuatkhaulaodong.com/upload/2025/02/a2.jpg" style="height:400px; width:600px" /></p>\r\n\r\n<p>Quang cảnh Hội đ&agrave;m</p>\r\n\r\n<p>&ldquo;Với những ưu điểm về tuổi trẻ, chăm chỉ, th&ocirc;ng minh, lao động Việt Nam ng&agrave;y c&agrave;ng được tin tưởng của c&aacute;c doanh nghiệp tr&ecirc;n thị trường lao động quốc tế, trong đ&oacute; c&oacute; Phần Lan&rdquo;, Bộ trưởng Đ&agrave;o Ngọc Dung khẳng định. Từ cuối năm 2023 đến nay, Bộ Lao động - Thương binh v&agrave; X&atilde; hội đ&atilde; chấp thuận đăng k&yacute; của 3 doanh nghiệp hoạt động dịch vụ Việt Nam c&oacute; hợp đồng cung ứng 134 lao động (trong đ&oacute; c&oacute; 65 nữ) đi l&agrave;m việc tại Phần Lan. Đến nay đ&atilde; c&oacute; 55 lao động đi l&agrave;m việc tại Phần Lan, với thu nhập ổn định từ 1.500 đến 2.000 EUR/th&aacute;ng, điều kiện l&agrave;m việc v&agrave; ph&uacute;c lợi x&atilde; hội kh&aacute; tốt.</p>\r\n\r\n<p><img src="https://sanxuatkhaulaodong.com/upload/2025/02/a3.jpg" style="height:400px; width:600px" /></p>\r\n\r\n<p>Bộ trưởng Việc l&agrave;m, Bộ Kinh tế v&agrave; Việc l&agrave;m Phần Lan Arto Olavi Satonen ph&aacute;t biểu tại Hội đ&agrave;m</p>\r\n\r\n<p>Về phần m&igrave;nh, Bộ trưởng Việc l&agrave;m, Bộ Kinh tế v&agrave; Việc l&agrave;m Phần Lan Arto Olavi Satonen b&agrave;y tỏ: &ldquo;Phần Lan mong muốn tăng cường hợp t&aacute;c giữa hai quốc gia nhằm gi&uacute;p c&aacute;c c&aacute;c doanh nghiệp v&agrave; chuy&ecirc;n gia quốc tế kết nối với nhau. Ch&uacute;ng t&ocirc;i cam kết hỗ trợ c&aacute;c nh&agrave; tuyển dụng v&agrave; chuy&ecirc;n gia để đảm bảo họ c&oacute; điều kiện thuận lợi cho qu&aacute; tr&igrave;nh tuyển dụng th&agrave;nh c&ocirc;ng. Duy tr&igrave; c&aacute;c ti&ecirc;u chuẩn đạo đức v&agrave; quy tr&igrave;nh tuyển dụng su&ocirc;n sẻ vẫn lu&ocirc;n l&agrave; những ưu ti&ecirc;n h&agrave;ng đầu của ch&uacute;ng t&ocirc;i. Phần Lan khẳng định tiếp tục l&agrave; đối t&aacute;c đ&aacute;ng tin cậy trong tuyển dụng quốc tế, đồng thời mang lại chất lượng cuộc sống cao v&agrave; nhiều cơ hội nghề nghiệp đa dạng&rdquo;.</p>\r\n\r\n<p>Tại hội đ&agrave;m giữa hai b&ecirc;n, b&agrave; Laura Lindeman, Gi&aacute;m đốc đơn vị Work in Finland thuộc Thương vụ Phần Lan tại Việt Nam, cũng b&agrave;y tỏ sự lạc quan về việc thu h&uacute;t nh&acirc;n lực từ Việt Nam đến Phần Lan. B&agrave; cho biết, &quot;Work in Finland nỗ lực x&acirc;y dựng cầu nối v&agrave; tăng cường hợp t&aacute;c tại Việt Nam với những s&aacute;ng kiến ​​nhằm kết nối c&aacute;c th&agrave;nh phố v&agrave; c&ocirc;ng ty tại Phần Lan với c&aacute;c đối t&aacute;c địa phương. Phần Lan l&agrave; một x&atilde; hội b&igrave;nh đẳng v&agrave; s&aacute;ng tạo, nổi bật với sự c&acirc;n bằng giữa c&ocirc;ng việc v&agrave; cuộc sống. C&aacute;c c&ocirc;ng ty h&agrave;ng đầu của ch&uacute;ng t&ocirc;i cung cấp nhiều cơ hội ph&aacute;t triển để c&aacute;c nh&acirc;n lực t&agrave;i năng ph&aacute;t triển về chuy&ecirc;n m&ocirc;n v&agrave; kiến thức&quot;, b&agrave; Lindeman cho biết.</p>\r\n\r\n<p><img src="https://sanxuatkhaulaodong.com/upload/2025/02/a4.jpg" style="height:401px; width:600px" /></p>\r\n\r\n<p>Lễ k&yacute; kết Bản ghi nhớ hợp t&aacute;c về dịch chuyển chuy&ecirc;n gia, lao động c&oacute; kỹ năng nghề, lao động thời vụ Việt Nam đi l&agrave;m việc tại Phần Lan</p>\r\n\r\n<p>Sau hội đ&agrave;m, hai Bộ trưởng đ&atilde; k&yacute; Bản Ghi nhớ (MOU) giữa Bộ Lao động - Thương binh v&agrave; X&atilde; hội Việt Nam v&agrave; Bộ Kinh tế v&agrave; Việc l&agrave;m Phần Lan, qua đ&oacute; thiết lập quan hệ đối t&aacute;c về di cư lao động giữa hai b&ecirc;n tham gia trong giới hạn thẩm quyền tương ứng của mỗi b&ecirc;n v&agrave; theo luật ph&aacute;p, thủ tục, nguồn lực hiện h&agrave;nh, t&ocirc;n trọng c&aacute;c quy tắc v&agrave; ti&ecirc;u chuẩn quốc tế. Hợp t&aacute;c bền vững, c&ugrave;ng c&oacute; lợi l&agrave; nền tảng để th&uacute;c đẩy đưa chuy&ecirc;n gia, lao động c&oacute; kỹ năng nghề v&agrave; lao động thời vụ Việt Nam đi l&agrave;m việc tại Phần Lan được minh bạch, bền vững, c&oacute; đạo đức v&agrave; chống lại t&igrave;nh trạng b&oacute;c lột, lạm dụng, ph&ugrave; hợp với ph&aacute;p luật hai nước.</p>\r\n\r\n<p>Bản Ghi nhớ hợp t&aacute;c n&agrave;y c&oacute; gi&aacute; trị trong v&ograve;ng 5 năm từ năm 2025 đến 2030, được k&yacute; tại H&agrave; Nội, ng&agrave;y 13/1/2025.</p>\r\n\r\n<p><img src="https://sanxuatkhaulaodong.com/upload/2025/02/a5.jpg" style="height:400px; width:600px" /></p>\r\n\r\n<p><em>C&aacute;c đại biểu chụp ảnh tại Bộ LĐTBXH</em></p>\r\n\r\n<p><em><img src="https://sanxuatkhaulaodong.com/upload/2025/02/a6.jpg" style="height:407px; width:600px" /></em></p>\r\n\r\n<p><em>Bộ trưởng Đ&agrave;o Ngọc Dung v&agrave; ng&agrave;i Arto Olavi Satonen trao đổi b&ecirc;n lề sự kiện</em></p>\r\n\r\n<p><em>Ngồn: Molisa.gov.vn</em></p>	blog/a4.jpg	1	t	2025-03-09 21:26:11.323537+07	2025-03-09 21:26:11.323537+07	4	Từ ngày 13 - 15/01/2025, Đoàn công tác của Bộ Kinh tế và Việc làm Phần Lan do Bộ trưởng Việc làm, Bộ Kinh tế và Việc làm Phần Lan Arto Olavi Satonen là Trưởng đoàn đã tới thăm và làm việc tại Việt Nam, đồng thời tham dự nhiều sự kiện tại Thủ đô Hà Nội và thành phố Hồ Chí Minh, nhằm thúc đẩy mối quan hệ Phần Lan - Việt Nam. Chuyến thăm mở ra các hướng hợp tác sâu rộng và các cơ hội nghề nghiệp tại Phần Lan cho lao động Việt Nam trong các lĩnh vực như công nghệ, công nghiệp và chăm sóc sức khỏe. Tháp tùng Bộ trưởng Satonen có Thị trưởng Thành phố Helsinki và lãnh đạo các tập đoàn, doanh nghiệp và các tổ chức dịch vụ trong thị trường lao động.
6	Chương trình hỗ trợ các bạn kỹ sư đi làm việc tại Nhật Bản từ công ty Abey’s	chuong-trinh-ho-tro-cac-ban-ky-su-di-lam-viec-tai-nhat-ban-tu-cong-ty-abeys	<p>C&ocirc;ng ty Abey&rsquo;s đang c&oacute; chương tr&igrave;nh hỗ trợ c&aacute;c bạn đăng k&yacute; xklđ diện kỹ sư tại Nhật Bản tất cả c&aacute;c ng&agrave;nh nghề với mức chi ph&iacute; rất thấp.</p>\r\n\r\n<p>&nbsp;</p>\r\n\r\n<p>C&ocirc;ng ty Abey&rsquo;s đang c&oacute; chương tr&igrave;nh hỗ trợ c&aacute;c bạn đăng k&yacute; xklđ diện kỹ sư tại Nhật Bản bao gồm tất cả c&aacute;c ng&agrave;nh nghề với mức chi ph&iacute; rất thấp. C&aacute;c bạn kỹ sư sẽ được:</p>\r\n\r\n<ul>\r\n\t<li>C&aacute;c c&ocirc;ng ty tiếp nhận tuyển chọn đ&uacute;ng ng&agrave;nh nghề được học. Trước khi về l&agrave;m việc ch&iacute;nh thức dưới diện kỹ sư, c&aacute;c bạn sẽ được c&aacute;c c&ocirc;ng ty tiếp nhận đầu tư chi ph&iacute; đ&agrave;o tạo nh&acirc;n vi&ecirc;n 01 năm.&nbsp;</li>\r\n\t<li>Trong thời gian n&agrave;y, c&aacute;c em được học tiếng Nhật, văn ho&aacute;, kỹ năng trong c&ocirc;ng việc v&agrave; c&aacute;c phong tục tập qu&aacute;n của Nhật Bản, được l&agrave;m việc, tham quan, thực tập thực tế ph&ugrave; hợp với chuy&ecirc;n ng&agrave;nh đ&atilde; học.</li>\r\n\t<li>C&aacute;c kỹ sư được l&agrave;m c&aacute;c c&ocirc;ng việc như người Nhật, v&iacute; dụ đối với kỹ sư cơ kh&iacute; được thiết kế, gi&aacute;m s&aacute;t cơ kh&iacute;, c&aacute;c kỹ sư x&acirc;y dựng v&agrave; c&ocirc;ng tr&igrave;nh được thiết kế, b&oacute;c t&aacute;ch khối lượng, gi&aacute;m s&aacute;t v&agrave; khảo s&aacute;t hiện trường l&agrave;m việc, kỹ sư kinh tế sẽ l&agrave;m c&aacute;c c&ocirc;ng việc văn ph&ograve;ng, phi&ecirc;n dịch, hỗ trợ thực tập sinh&hellip;</li>\r\n</ul>\r\n\r\n<p><img src="https://sanxuatkhaulaodong.com/upload/2023/09/1768305821720706761447103809713599796646856n-large.jpg" style="height:576px; width:1024px" /></p>\r\n\r\n<p><strong>Số lượng tuyển:</strong>&nbsp;100 bạn Nam, Nữ.</p>\r\n\r\n<p><strong>Quyền lợi:</strong></p>\r\n\r\n<ul>\r\n\t<li>Lương cơ bản: 250.000 - 300.000 y&ecirc;n/th&aacute;ng. (Tuỳ v&agrave;o ng&agrave;nh nghề v&agrave; tr&igrave;nh độ tiếng).</li>\r\n\t<li>L&agrave;m th&ecirc;m, trợ cấp từ 20.000.000 vnđ đến 30.000.000 vnđ/th&aacute;ng.</li>\r\n\t<li>Miễn ph&iacute; ăn học tại Việt Nam (Chỉ phải đ&oacute;ng tiền điện).</li>\r\n\t<li>Bảo hiểm x&atilde; hội, bảo hiểm th&acirc;n thể, bảo hiểm thất nghiệp&hellip;được đ&oacute;ng theo quy định luật ph&aacute;p Nhật Bản.</li>\r\n</ul>\r\n\r\n<p><strong>Y&ecirc;u cầu:</strong></p>\r\n\r\n<ul>\r\n\t<li>Độ tuổi: 22 - 35 tuổi.</li>\r\n\t<li>Tốt nghiệp đại học ch&iacute;nh quy c&aacute;c ng&agrave;nh: X&acirc;y dựng, c&ocirc;ng tr&igrave;nh, cơ kh&iacute;, điện, điện tử, c&ocirc;ng nghệ th&ocirc;ng tin, kinh tế, thực phẩm, n&ocirc;ng nghiệp&hellip;.</li>\r\n\t<li>Vui vẻ, ho&agrave; đồng, sức khoẻ tốt, thị lực tốt.</li>\r\n\t<li>Kh&ocirc;ng mắc c&aacute;c bệnh truyền nhiễm, HIV, vi&ecirc;n gan B&hellip;</li>\r\n\t<li>Nhanh nhẹn, c&oacute; tr&aacute;ch nhiệm trong c&ocirc;ng việc, th&aacute;i độ tốt.</li>\r\n\t<li>C&oacute; thể l&agrave;m việc l&acirc;u d&agrave;i tại Nhật Bản.</li>\r\n\t<li>Điều kiện xuất cảnh: Tiếng Nhật N3 cứng trở l&ecirc;n, kỹ thuật chuy&ecirc;n m&ocirc;n đạt. Y&ecirc;u cầu học tiếng Nhật tối thiểu 06 th&aacute;ng tại Việt Nam hoặc c&oacute; chứng chỉ N3.</li>\r\n</ul>\r\n\r\n<p><strong>H&igrave;nh thức thi tuyển:</strong>&nbsp;Phỏng vấn trực tiếp, online.</p>\r\n\r\n<p><strong>Dự kiến nhập cảnh</strong>: 06 th&aacute;ng sau khi tr&uacute;ng tuyển (Hoặc c&oacute; N3 04 th&aacute;ng sau khi tr&uacute;ng tuyển).</p>\r\n\r\n<p><strong>Th&ocirc;ng tin chi tiết tuyển dụng:&nbsp;</strong></p>\r\n\r\n<p>Abey&rsquo;s tuyển 30 kỹ sư ng&agrave;nh kỹ thuật, cơ kh&iacute;, điện tử.</p>\r\n\r\n<p><a href="https://sanxuatkhaulaodong.com/ky-su-nhat-ban/abeys-tuyen-30-ky-su-nhat-ban-nganh-ky-thuat-co-khi-dien-tong-chi-phi-1-500-p7314.html">ky-su-nhat-ban/abeys-tuyen-30-ky-su-nhat-ban-nganh-ky-thuat-co-khi-dien-tong-chi-phi-1-500-p7314.html</a>&nbsp;</p>\r\n\r\n<p>Abey&rsquo;s tuyển 25 kỹ sư ng&agrave;nh x&acirc;y dựng.</p>\r\n\r\n<p><a href="https://sanxuatkhaulaodong.com/ky-su-nhat-ban/abeys-tuyen-25-ky-su-nhat-ban-nganh-xay-dung-tong-chi-phi-1-500-p7315.html">ky-su-nhat-ban/abeys-tuyen-25-ky-su-nhat-ban-nganh-xay-dung-tong-chi-phi-1-500-p7315.html</a>&nbsp;</p>\r\n\r\n<p>Abey&rsquo;s tuyển 30 kỹ sư ng&agrave;nh kinh tế, nh&agrave; h&agrave;ng, kh&aacute;ch san.</p>\r\n\r\n<p><a href="https://sanxuatkhaulaodong.com/ky-su-nhat-ban/abeys-tuyen-30-ky-su-nhat-ban-nganh-kinh-te-nha-hang-khach-san-tong-chi-phi-1-500-p7316.html">ky-su-nhat-ban/abeys-tuyen-30-ky-su-nhat-ban-nganh-kinh-te-nha-hang-khach-san-tong-chi-phi-1-500-p7316.html</a>&nbsp;</p>\r\n\r\n<table border="0" cellpadding="5" cellspacing="0" style="width:100%">\r\n\t<tbody>\r\n\t\t<tr>\r\n\t\t\t<td>\r\n\t\t\t<p>Để biết th&ocirc;ng tin chi tiết c&aacute;c bạn h&atilde;y li&ecirc;n hệ anh B&ugrave;i Tấn (Trưởng ph&ograve;ng tuyển sinh) qua số điện thoại:&nbsp;<strong>0356111283</strong></p>\r\n\r\n\t\t\t<p><strong>C&Ocirc;NG TY CỔ PHẦN HỢP T&Aacute;C QUỐC TẾ ABEY&#39;S MEDICAL HR</strong></p>\r\n\r\n\t\t\t<p>Địa chỉ: Tầng 2, L&ocirc; 5, dự án x&acirc;y dựng nhà ở th&acirc;́p t&acirc;̀ng đ&ecirc;̉ bán, đường Nguy&ecirc;̃n Xu&acirc;n Khoát, phường Xu&acirc;n Đỉnh, qu&acirc;̣n Bắc Từ Li&ecirc;m, Hà N&ocirc;̣i</p>\r\n\r\n\t\t\t<p>Website: Abey.com.vn</p>\r\n\r\n\t\t\t<p>Email: Abeysjsc@gmail.com</p>\r\n\t\t\t</td>\r\n\t\t</tr>\r\n\t</tbody>\r\n</table>	blog/1768305821720706761447103809713599796646856n-large.jpg	1	t	2025-03-01 16:04:38.348162+07	2025-03-01 16:04:38.348162+07	2	Công ty Abey’s đang có chương trình hỗ trợ các bạn đăng ký xklđ diện kỹ sư tại Nhật Bản tất cả các ngành nghề với mức chi phí rất thấp.
7	Chính sách mới của Thái Lan liên quan đến lao động nước ngoài làm việc tại Thái Lan	chinh-sach-moi-cua-thai-lan-lien-quan-den-lao-dong-nuoc-ngoai-lam-viec-tai-thai-lan	<p><img src="https://sanxuatkhaulaodong.com/upload/2025/01/thai-lan-large.jpg" style="height:350px; width:550px" /></p>\r\n\r\n<p>Vừa qua, cơ quan chức năng của Th&aacute;i Lan th&ocirc;ng b&aacute;o một số quy định mới nhằm quản l&yacute; lao động nước ngo&agrave;i l&agrave;m việc tại Th&aacute;i Lan, bao gồm lao động nước ngo&agrave;i cư tr&uacute; bất hợp ph&aacute;p v&agrave; lao động đang c&oacute; giấy ph&eacute;p lao động hợp ph&aacute;p nhưng sẽ hết hạn v&agrave;o ng&agrave;y 13 th&aacute;ng 2 năm 2025. Cụ thể như sau:</p>\r\n\r\n<p>1. Đối với người lao động nước ngo&agrave;i cư tr&uacute; bất hợp ph&aacute;p</p>\r\n\r\n<p>Giai đoạn I: Người lao động nước ngo&agrave;i cần nộp Danh s&aacute;ch y&ecirc;u cầu tuyển dụng trong thời gian từ 16/12/2024 đến 30/12/2024.</p>\r\n\r\n<p>Giai đoạn II: Người lao động nước ngo&agrave;i phải đi kiểm tra sức khỏe v&agrave; cung cấp giấy chứng nhận sức khỏe hợp lệ cũng như chứng từ tham gia bảo hiểm y tế khi nộp đơn xin giấy ph&eacute;p lao động. Kiểm tra sức khỏe c&oacute; thể thực hiện tại bệnh viện c&ocirc;ng hoặc c&aacute;c cơ sở y tế tư nh&acirc;n được Cục Việc l&agrave;m Th&aacute;i Lan ph&ecirc; duyệt. Những người lao động kh&ocirc;ng tham gia bảo hiểm x&atilde; hội c&oacute; thể chọn tham gia bảo hiểm y tế qua Bộ Y tế C&ocirc;ng cộng hoặc một c&ocirc;ng ty bảo hiểm được Cục Việc l&agrave;m Th&aacute;i Lan c&ocirc;ng nhận. Th&ocirc;ng tin chi tiết c&oacute; thể t&igrave;m thấy tr&ecirc;n trang web của Cục Việc l&agrave;m Th&aacute;i Lan.</p>\r\n\r\n<p>Người lao động nước ngo&agrave;i cần nộp Đơn xin cấp giấy ph&eacute;p lao động trong v&ograve;ng 90 ng&agrave;y, từ ng&agrave;y 31/12/2024 đến 30/3/2025.</p>\r\n\r\n<p>Giai đoạn III: Sau khi người lao động nộp Đơn xin cấp Giấy ph&eacute;p lao động, sẽ được xem x&eacute;t trong v&ograve;ng 30 ng&agrave;y, kể từ ng&agrave;y 31/3/2025 đến ng&agrave;y 29/4/2025.</p>\r\n\r\n<p>Người lao động nước ngo&agrave;i sẽ phải cung cấp dữ liệu sinh trắc học trong v&ograve;ng 90 ng&agrave;y, từ ng&agrave;y 31/3/2025 đến ng&agrave;y 28/6/2025.</p>\r\n\r\n<p>Người lao động nước ngo&agrave;i phải đăng k&yacute; hồ sơ c&aacute; nh&acirc;n tại Cục H&agrave;nh ch&iacute;nh tỉnh hoặc Cục Quản l&yacute; Đ&ocirc; thị Bangkok trong v&ograve;ng một năm kể từ ng&agrave;y được cấp Giấy ph&eacute;p lao động (tức l&agrave; từ ng&agrave;y 31/3/2025 đến ng&agrave;y 31/3/2026).</p>\r\n\r\n<p>2. Đối với người lao động nước ngo&agrave;i c&oacute; giấy ph&eacute;p lao động sẽ hết hạn v&agrave;o ng&agrave;y 13 th&aacute;ng 2 năm 2025</p>\r\n\r\n<p>Người lao động nước ngo&agrave;i cần nộp Danh s&aacute;ch y&ecirc;u cầu tuyển dụng v&agrave; c&aacute;c t&agrave;i liệu li&ecirc;n quan để gia hạn Giấy ph&eacute;p lao động trước ng&agrave;y 13/2/2025. C&aacute;c y&ecirc;u cầu về kh&aacute;m sức khỏe v&agrave; bảo hiểm y tế cũng &aacute;p dụng cho nh&oacute;m n&agrave;y (như n&ecirc;u tại Giai đoạn II tr&ecirc;n). Sau khi ho&agrave;n th&agrave;nh c&aacute;c thủ tục, người lao động sẽ nhận Giấy ph&eacute;p lao động thời hạn 2 năm v&agrave; c&oacute; thể gia hạn th&ecirc;m 2 năm.</p>\r\n\r\n<p>3. Về việc gia hạn thời gian Thay đổi Nh&agrave; Tuyển Dụng</p>\r\n\r\n<p>Người lao động nước ngo&agrave;i c&oacute; thể chuyển nh&agrave; tuyển dụng trong v&ograve;ng 30 ng&agrave;y. Tuy nhi&ecirc;n, theo th&ocirc;ng b&aacute;o mới nhất của Th&aacute;i Lan, thời gian n&agrave;y được gia hạn l&ecirc;n 60 ng&agrave;y kể từ khi chấm dứt hợp đồng với nh&agrave; tuyển dụng cũ. Việc gia hạn n&agrave;y c&oacute; hiệu lực đến ng&agrave;y 13/2/2029.</p>\r\n\r\n<p>4. Về việc miễn Th&ocirc;ng b&aacute;o Th&ocirc;ng tin Việc l&agrave;m</p>\r\n\r\n<p>Người lao động nước ngo&agrave;i l&agrave;m việc theo c&aacute;c Điều: 59, 62, 63, 63/1 v&agrave; 64 của Sắc lệnh Ho&agrave;ng gia được miễn y&ecirc;u cầu b&aacute;o c&aacute;o th&ocirc;ng tin việc l&agrave;m theo Điều 64/2 của Sắc lệnh n&agrave;y, nhằm giảm bớt g&aacute;nh nặng cho người lao động, nhưng kh&ocirc;ng &aacute;p dụng nếu c&oacute; thay đổi nh&agrave; tuyển dụng. Việc miễn th&ocirc;ng b&aacute;o n&agrave;y c&oacute; hiệu lực đến ng&agrave;y 13/2/2029.</p>\r\n\r\n<p>Nguồn: Dolab.molisa.gov.vn</p>	blog/thai-lan-large.jpg	1	t	2025-03-01 16:06:42.511453+07	2025-03-01 16:06:42.511453+07	5	Vừa qua, cơ quan chức năng của Thái Lan thông báo một số quy định mới nhằm quản lý lao động nước ngoài làm việc tại Th&aacut...
5	Tổng hợp thẻ quà tặng từ các trung tâm khi đăng ký xklđ và du học các nước.	tong-hop-the-qua-tang-tu-cac-trung-tam-khi-dang-ky-xkld-va-du-hoc-cac-nuoc	<p>C&aacute;c thẻ voucher đều được quy đổi bằng tiền mặt c&aacute;c bạn nh&eacute;. C&aacute;c bạn ứng vi&ecirc;n của s&agrave;n xuất khẩu lao động.com c&oacute; thể đăng k&yacute; nhận thẻ trước v&agrave; sử dụng sau.</p>\r\n\r\n<p>C&aacute;c bạn c&oacute; thể nhắn tin với m&igrave;nh qua zalo để được hướng dẫn nhận thẻ nh&eacute;:&nbsp;<a class="btn btn-success" href="https://zalo.me/0978006030" rel="nofollow" target="_blank">Nhắn tin</a></p>\r\n\r\n<p style="text-align:center"><span style="color:#e74c3c"><strong>Thị trường Nhật Bản.</strong></span></p>\r\n\r\n<p style="text-align:center"><strong>Trung T&acirc;m Cung Ứng Nh&acirc;n Lực Nhật Bản</strong></p>\r\n\r\n<p style="text-align:center"><img src="https://sanxuatkhaulaodong.com/upload/2025/01/uu-dai-tan-dang-web-large.png" style="height:262px; width:500px" /></p>\r\n\r\n<p style="text-align:center"><a class="btn btn-success" href="https://sanxuatkhaulaodong.com/chuong-trinh-ho-tro-xuat-khau-lao-dong/uu-dai-nhan-luc-nhat-ban-2024-b11245.htm" rel="noopener">Đăng k&yacute; nhận thẻ</a>&nbsp;<a class="btn btn-primary" href="https://sanxuatkhaulaodong.com/hosotuyendung/544" rel="noopener">Xem đơn h&agrave;ng &aacute;p dụng</a></p>\r\n\r\n<p style="text-align:center"><strong>NĂM CH&Acirc;U IMS</strong></p>\r\n\r\n<p style="text-align:center"><img src="https://sanxuatkhaulaodong.com/upload/2025/01/uu-dai-nam-chau-ims-3-khong-ma-large.png" style="height:262px; width:500px" /></p>\r\n\r\n<p style="text-align:center"><a href="https://sanxuatkhaulaodong.com/chuong-trinh-ho-tro-xuat-khau-lao-dong/uu-dai-nam-chau-ims-2024-b11204.htm" rel="noopener" class="btn btn-success" >Đăng k&yacute; nhận thẻ</a>&nbsp;<a class="btn btn-primary" href="https://sanxuatkhaulaodong.com/hosotuyendung/2340" rel="noopener">Xem đơn h&agrave;ng &aacute;p dụng</a></p>\r\n\r\n<p style="text-align:center"><strong>MOTHER BRAIN</strong></p>\r\n\r\n<p style="text-align:center"><img src="https://sanxuatkhaulaodong.com/upload/2025/01/mb-uu-dai-3-trieu-dang-web-large.png" style="height:262px; width:500px" /></p>\r\n\r\n<p style="text-align:center"><a href="https://sanxuatkhaulaodong.com/chuong-trinh-ho-tro-xuat-khau-lao-dong/mother-brian-ky-niem-10-nam-thanh-lap-tang-voucher-dac-biet-khi-tham-gia-chuong-trinh-xuat-khau-lao-dong-va-du-hoc-b11238.htm" rel="noopener" class="btn btn-success" >Đăng k&yacute; nhận thẻ</a>&nbsp;<a class="btn btn-primary" href="https://sanxuatkhaulaodong.com/hosotuyendung/60" rel="noopener">Xem đơn h&agrave;ng &aacute;p dụng</a></p>\r\n\r\n<p style="text-align:center"><strong>GLC GROUP</strong></p>\r\n\r\n<p style="text-align:center"><img src="https://sanxuatkhaulaodong.com/upload/2025/01/glc-uu-dai-100-do-dang-web-large.png" style="height:262px; width:500px" /></p>\r\n\r\n<p style="text-align:center"><a class="btn btn-success" href="https://sanxuatkhaulaodong.com/chuong-trinh-ho-tro-xuat-khau-lao-dong/uu-dai-glc-group-2024-b11260.htm" rel="noopener">Đăng k&yacute; nhận thẻ</a>&nbsp;<a class="btn btn-primary" href="https://sanxuatkhaulaodong.com/hosotuyendung/4630" rel="noopener">Xem đơn h&agrave;ng &aacute;p dụng</a></p>\r\n\r\n<p style="text-align:center"><strong>VINACOOP</strong></p>\r\n\r\n<p style="text-align:center"><img src="https://sanxuatkhaulaodong.com/upload/2024/11/vinacoop2-large.png" style="height:262px; width:500px" /></p>\r\n\r\n<p style="text-align:center"><a class="btn btn-success" href="https://sanxuatkhaulaodong.com/chuong-trinh-ho-tro-xuat-khau-lao-dong/uu-dai-vinacoop-2024-b12348.htm">Đăng k&yacute; nhận thẻ</a>&nbsp;<a class="btn btn-primary" href="https://sanxuatkhaulaodong.com/hosotuyendung/6197">Xem đơn h&agrave;ng &aacute;p dụng</a></p>\r\n\r\n<p style="text-align:center"><strong>JAVIET HR</strong></p>\r\n\r\n<p style="text-align:center"><img src="https://sanxuatkhaulaodong.com/upload/2024/11/javiet-dang-web-large.png" style="height:262px; width:500px" /></p>\r\n\r\n<p style="text-align:center"><a href="https://sanxuatkhaulaodong.com/chuong-trinh-ho-tro-xuat-khau-lao-dong/uu-dai-javiethr-2024-b12162.htm">Đăng k&yacute; nhận thẻ</a>&nbsp;<a class="btn btn-primary" href="https://sanxuatkhaulaodong.com/hosotuyendung/5716">Xem đơn h&agrave;ng &aacute;p dụng</a></p>\r\n\r\n<p style="text-align:center"><strong>Bảo Minh JSC</strong></p>\r\n\r\n<p style="text-align:center"><img src="https://sanxuatkhaulaodong.com/upload/2024/11/uu-dai-bao-minh-2-large.png" style="height:262px; width:500px" /></p>\r\n\r\n<p style="text-align:center"><a href="https://sanxuatkhaulaodong.com/chuong-trinh-ho-tro-xuat-khau-lao-dong/uu-dai-bao-minh-2024-b12029.htm">Đăng k&yacute; nhận thẻ</a>&nbsp;<a class="btn btn-primary" href="https://sanxuatkhaulaodong.com/hosotuyendung/5904">Xem đơn h&agrave;ng &aacute;p dụng</a></p>\r\n\r\n<p style="text-align:center"><strong>ICO Group</strong></p>\r\n\r\n<p style="text-align:center"><img src="https://sanxuatkhaulaodong.com/upload/2024/09/uu-dai-ico-group--large.png" style="height:262px; width:500px" /></p>\r\n\r\n<p style="text-align:center"><a class="btn btn-success" href="https://sanxuatkhaulaodong.com/chuong-trinh-ho-tro-xuat-khau-lao-dong/uu-dai-ico-group-2024-b11301.htm">Đăng k&yacute; nhận thẻ</a>&nbsp;<a class="btn btn-primary" href="https://sanxuatkhaulaodong.com/hosotuyendung/4683">Xem đơn h&agrave;ng &aacute;p dụng</a></p>\r\n\r\n<p style="text-align:center"><strong>Thị trường H&agrave;n Quốc.</strong></p>\r\n\r\n<p style="text-align:center"><strong>Năm Ch&acirc;u IMS</strong></p>\r\n\r\n<p style="text-align:center"><img src="https://sanxuatkhaulaodong.com/upload/2025/01/uu-dai-nam-chau-ims-3-khong-ma-large.png" style="height:262px; width:500px" /></p>\r\n\r\n<p style="text-align:center"><a class="btn btn-success" href="https://sanxuatkhaulaodong.com/chuong-trinh-ho-tro-xuat-khau-lao-dong/uu-dai-nam-chau-ims-2024-b11204.htm" rel="noopener">Đăng k&yacute; nhận thẻ</a>&nbsp;<a class="btn btn-primary" href="https://sanxuatkhaulaodong.com/hosotuyendung/2340" rel="noopener">Xem đơn h&agrave;ng &aacute;p dụng</a></p>\r\n\r\n<p style="text-align:center"><strong>ICO Group</strong></p>\r\n\r\n<p style="text-align:center"><img src="https://sanxuatkhaulaodong.com/upload/2024/09/uu-dai-ico-group--large.png" style="height:262px; width:500px" /></p>\r\n\r\n<p style="text-align:center"><a class="btn btn-success" href="https://sanxuatkhaulaodong.com/chuong-trinh-ho-tro-xuat-khau-lao-dong/uu-dai-ico-group-2024-b11301.htm">Đăng k&yacute; nhận thẻ</a>&nbsp;<a class="btn btn-primary" href="https://sanxuatkhaulaodong.com/hosotuyendung/4683">Xem đơn h&agrave;ng &aacute;p dụng</a></p>\r\n\r\n<p style="text-align:center"><strong>Thị trường Đ&agrave;i Loan.</strong></p>\r\n\r\n<p style="text-align:center"><strong>Năm Ch&acirc;u IMS</strong></p>\r\n\r\n<p style="text-align:center"><img src="https://sanxuatkhaulaodong.com/upload/2025/01/uu-dai-nam-chau-ims-3-khong-ma-large.png" style="height:262px; width:500px" /></p>\r\n\r\n<p style="text-align:center"><a class="btn btn-success" href="https://sanxuatkhaulaodong.com/chuong-trinh-ho-tro-xuat-khau-lao-dong/uu-dai-nam-chau-ims-2024-b11204.htm" rel="noopener">Đăng k&yacute; nhận thẻ</a>&nbsp;<a class="btn btn-primary" href="https://sanxuatkhaulaodong.com/hosotuyendung/2340" rel="noopener">Xem đơn h&agrave;ng &aacute;p dụng</a></p>\r\n\r\n<p style="text-align:center"><strong>Thị trường Ch&acirc;u &Acirc;u</strong></p>\r\n\r\n<p style="text-align:center"><strong>ICO Group</strong></p>\r\n\r\n<p style="text-align:center"><img src="https://sanxuatkhaulaodong.com/upload/2024/09/uu-dai-ico-group--large.png" style="height:262px; width:500px" /></p>\r\n\r\n<p style="text-align:center"><a class="btn btn-success" href="https://sanxuatkhaulaodong.com/chuong-trinh-ho-tro-xuat-khau-lao-dong/uu-dai-ico-group-2024-b11301.htm">Đăng k&yacute; nhận thẻ</a>&nbsp;<a class="btn btn-primary" href="https://sanxuatkhaulaodong.com/hosotuyendung/4683">Xem đơn h&agrave;ng &aacute;p dụng</a></p>\r\n\r\n<p style="text-align:center"><strong>Thị trường &Uacute;c - New Zealand</strong></p>\r\n\r\n<p style="text-align:center"><strong>ICO Group</strong></p>\r\n\r\n<p style="text-align:center"><img src="https://sanxuatkhaulaodong.com/upload/2024/09/uu-dai-ico-group--large.png" style="height:262px; width:500px" /></p>\r\n\r\n<p style="text-align:center"><a class="btn btn-success" href="https://sanxuatkhaulaodong.com/chuong-trinh-ho-tro-xuat-khau-lao-dong/uu-dai-ico-group-2024-b11301.htm">Đăng k&yacute; nhận thẻ</a>&nbsp;<a class="btn btn-primary" href="https://sanxuatkhaulaodong.com/hosotuyendung/4683">Xem đơn h&agrave;ng &aacute;p dụng</a></p>\r\n\r\n<p style="text-align:center">C&aacute;c bạn c&oacute; thể nhắn tin với m&igrave;nh qua zalo để được hướng dẫn nhận thẻ nh&eacute;:&nbsp;<a href="https://zalo.me/0978006030" rel="nofollow" target="_blank">Nhắn tin</a></p>\r\n\r\n<p style="text-align:center">&nbsp;</p>	blog/chuong-trinh-ho-tro-chung-medium.png.webp	1	t	2025-03-01 15:55:02.311977+07	2025-03-09 19:17:00.474817+07	2	Các thẻ voucher đều được quy đổi bằng tiền mặt các bạn nhé. Các bạn ứng viên của sàn xuất khẩu lao động.com có thể đăng ký nhận thẻ trước và sử dụng sau.
8	Công ty Asia - Hỗ trợ đơn hàng nam/nữ linh kiện điện tử Nhật Bản - Phí xuất cảnh chỉ 1.500$ ~ 36 triệu.	cong-ty-asia-ho-tro-don-hang-namnu-linh-kien-dien-tu-nhat-ban-phi-xuat-canh-chi-1500-36-trieu	<p>C&ocirc;ng ty Cổ Phần Nh&acirc;n Lực Quốc Tế Asia đang c&oacute; chương tr&igrave;nh hỗ trợ c&aacute;c bạn nam nữ đăng k&yacute; đơn h&agrave;ng thực tập sinh Nhật Bản. Tổng chi ph&iacute; xuất cảnh chỉ 1.500$.</p>\r\n\r\n<p><img src="https://sanxuatkhaulaodong.com/upload/2023/12/don-asia-dang-web-large.jpg" style="height:450px; width:800px" /></p>\r\n\r\n<p><strong>Th&ocirc;ng tin chi tiết:</strong></p>\r\n\r\n<ul>\r\n\t<li>Số lượng dự tuyển: 30 Nam + 70 Nữ.</li>\r\n\t<li>C&ocirc;ng việc cụ thể: Kiểm tra linh kiện m&aacute;y m&oacute;c, gia c&ocirc;ng, lắp r&aacute;p linh kiện điện tử.</li>\r\n\t<li>Địa điểm l&agrave;m việc: Tỉnh Ibaraki - Nhật Bản.</li>\r\n\t<li>Lương cơ bản: 165.086 y&ecirc;n/th&aacute;ng (Thời gian l&agrave;m việc 08h/ng&agrave;y, ngo&agrave;i ra t&iacute;nh giờ l&agrave;m th&ecirc;m theo quy định).</li>\r\n</ul>\r\n\r\n<p>C&ocirc;ng ty lớn, c&oacute; cơ hội tiếp x&uacute;c v&agrave; l&agrave;m việc với nhiều người cũng như học được nhiều tiếng Nhật. C&ocirc;ng ty c&oacute; 03 nh&agrave; m&aacute;y lớn ở Việt Nam (KCN Thăng Long - H&agrave; Nội, Đ&agrave; Nẵng, Bắc Ninh). Hiện tại c&oacute; nhiều thực tập sinh, kỹ sư, lao động đặc định Việt Nam l&agrave;m việc trong c&ocirc;ng ty.</p>\r\n\r\n<p><strong>Y&ecirc;u cầu:</strong></p>\r\n\r\n<ul>\r\n\t<li>C&aacute;c bạn Nam/Nữ 18 - 25 tuổi.</li>\r\n\t<li>Chưa kết h&ocirc;n, thật th&agrave;, trung thực.</li>\r\n\t<li>Y&ecirc;u th&iacute;ch v&agrave; c&oacute; khả năng học tiếng Nhật.</li>\r\n\t<li>Tu&acirc;n thủ quy định, tự chủ trong c&ocirc;ng việc, ho&agrave; đồng.</li>\r\n\t<li>Sức khoẻ tốt, kh&ocirc;ng mắc c&aacute;c bệnh truyền nhiễm.</li>\r\n\t<li>Kh&ocirc;ng xăm h&igrave;nh.</li>\r\n</ul>\r\n\r\n<p>Tập trung đ&agrave;o tạo:&nbsp;<strong>03/01/2023.</strong></p>\r\n\r\n<p>Thi tuyển:&nbsp;<strong>10/01/2024.</strong></p>\r\n\r\n<p>Th&ocirc;ng tin chi tiết:&nbsp;<a href="https://sanxuatkhaulaodong.com/asia-tuyen-30-nam-70-nu-kiem-tra-lap-rap-may-moc-linh-kien-dien-tu-tai-ibaraki-nhat-ban-phi-xuat-canh-1-500-p8058.html">asia-tuyen-30-nam-70-nu-kiem-tra-lap-rap-may-moc-linh-kien-dien-tu-tai-ibaraki-nhat-ban-phi-xuat-canh-1-500-p8058.html</a>&nbsp;</p>\r\n\r\n<p>Để được tư vấn cụ thể v&agrave; hướng dẫn đăng k&yacute;, c&aacute;c bạn li&ecirc;n hệ&nbsp;<strong>anh N&uacute;i</strong>&nbsp;(Trưởng ph&ograve;ng tuyển sinh) qua số điện thoại:&nbsp;<strong>0983.141.251</strong></p>\r\n\r\n<p><strong>C&Ocirc;NG TY CỔ PHẦN NH N LỰC QUỐC TẾ ASIA.</strong></p>\r\n\r\n<p>Địa chỉ : Số 8, Ng&otilde; 4, Trung Thanh, Hữu Ho&agrave;, Thanh Tr&igrave;, H&agrave; Nội</p>\r\n\r\n<p><strong>Văn ph&ograve;ng giao dịch</strong></p>\r\n\r\n<p>Địa chỉ : Số 25-TT38, Khu Đ&ocirc; Thị Mới Văn Ph&uacute;, Phường Ph&uacute; La, Quận H&agrave; Đ&ocirc;ng, H&agrave; Nội</p>\r\n\r\n<p><strong>Văn ph&ograve;ng ASIA tại TP HCM.</strong></p>\r\n\r\n<p>Địa chỉ : 125 Nguyễn Thị Nhung, P. Hiệp B&igrave;nh Phước, Q. Thủ Đức, TP.HCM</p>	blog/don-asia-dang-web-large.jpg	1	t	2025-03-09 19:19:09.505749+07	2025-03-09 19:19:09.505749+07	2	Công ty Cổ Phần Nhân Lực Quốc Tế Asia đang có chương trình hỗ trợ các bạn nam nữ đăng ký đơn hàng thực tập sinh Nhật Bản. Tổng chi phí xuất cảnh chỉ 1.500$.
9	Giấy Chứng Nhận Tư Cách Lưu Trú Là Gì?	giay-chung-nhan-tu-cach-luu-tru-la-gi	<p>Để được học tập v&agrave; l&agrave;m việc d&agrave;i hạn tại Nhật bản c&aacute;c bạn cần c&oacute; giấy chứng nhận tư c&aacute;ch lưu tr&uacute; COE. Đ&acirc;y l&agrave; một t&agrave;i liệu quan trọng được cấp bởi Cục Xuất Nhập Cảnh Nhật Bản nhằm x&aacute;c nhận bạn đủ điều kiện lưu tr&uacute; hợp ph&aacute;p tại quốc gia n&agrave;y. Vậy giấy chứng nhận tư c&aacute;ch lưu tr&uacute; l&agrave; g&igrave;? B&agrave;i viết dưới đ&acirc;y sẽ gi&uacute;p bạn hiểu r&otilde; hơn về COE v&agrave; c&aacute;c lưu &yacute; quan trọng để tăng tỷ lệ th&agrave;nh c&ocirc;ng khi xin giấy, theo d&otilde;i ngay.</p>\r\n\r\n<h2>T&igrave;m hiểu giấy chứng nhận tư c&aacute;ch lưu tr&uacute; COE l&agrave; g&igrave;?</h2>\r\n\r\n<p>COE (Certificate of Eligibility) l&agrave; giấy chứng nhận tư c&aacute;ch lưu tr&uacute; được Cục Xuất Nhập Cảnh Nhật Bản cấp để x&aacute;c nhận rằng người nộp đơn đ&aacute;p ứng c&aacute;c điều kiện để được lưu tr&uacute; tại Nhật Bản trong một khoảng thời gian nhất định.</p>\r\n\r\n<p><img alt="Mẫu giấy chứng nhận tư cách lưu trú COE (Certificate of Eligibility)" src="https://sanxuatkhaulaodong.com/upload/2025/01/giay-chung-nhan-tu-cach-luu-tru-1.jpg" style="height:512px; width:768px" title="Mẫu giấy chứng nhận tư cách lưu trú COE (Certificate of Eligibility)" /></p>\r\n\r\n<p>Mẫu giấy chứng nhận tư c&aacute;ch lưu tr&uacute; COE (Certificate of Eligibility)</p>\r\n\r\n<p>&nbsp;</p>\r\n\r\n<p>COE kh&ocirc;ng phải l&agrave; visa, m&agrave; l&agrave; t&agrave;i liệu cần thiết để bạn tiếp tục xin visa Nhật Bản tại đại sứ qu&aacute;n hoặc l&atilde;nh sự qu&aacute;n. N&oacute; gi&uacute;p đẩy nhanh qu&aacute; tr&igrave;nh kiểm tra v&agrave; ph&ecirc; duyệt hồ sơ xin visa, v&igrave; c&aacute;c cơ quan chức năng Nhật Bản đ&atilde; xem x&eacute;t v&agrave; chấp thuận bạn đủ điều kiện lưu tr&uacute; trước đ&oacute;.</p>\r\n\r\n<h2>Những đối tượng n&agrave;o cần xin COE?</h2>\r\n\r\n<p>Những trường hợp bắt buộc phải xin Giấy chứng nhận tư c&aacute;ch lưu tr&uacute; COE l&agrave; c&aacute;c trường hợp đi Nhật với visa d&agrave;i hạn (tr&ecirc;n 90 ng&agrave;y), bao gồm:</p>\r\n\r\n<ul>\r\n\t<li>Du học sinh Nhật Bản cần COE để học tập tại c&aacute;c trường học, đại học, hoặc cơ sở đ&agrave;o tạo tại Nhật Bản.</li>\r\n\t<li>Người đi&nbsp;<a href="https://sanxuatkhaulaodong.com/xuat-khau-lao-dong-nhat-ban" title="Xuất khẩu lao động Nhật Bản"><strong>xuất khẩu lao động Nhật Bản</strong></a>&nbsp;theo hợp đồng d&agrave;i hạn cần COE để xin visa l&agrave;m việc.</li>\r\n\t<li>Những người định cư tại Nhật theo diện gia đ&igrave;nh, h&ocirc;n nh&acirc;n hoặc c&aacute;c l&yacute; do kh&aacute;c cũng cần xin giấy n&agrave;y.</li>\r\n</ul>\r\n\r\n<h2>Hồ sơ xin giấy chứng nhận tư c&aacute;ch lưu tr&uacute; cần những g&igrave;?</h2>\r\n\r\n<p>Để xin COE, bạn cần chuẩn bị đầy đủ c&aacute;c loại giấy tờ sau:</p>\r\n\r\n<ul>\r\n\t<li>Đơn xin cấp COE (theo mẫu của Cục Xuất Nhập Cảnh Nhật Bản).</li>\r\n\t<li>Hộ chiếu bản sao hoặc ảnh chụp.</li>\r\n\t<li>H&igrave;nh thẻ k&iacute;ch thước 3x4 cm (ảnh chụp trong v&ograve;ng 6 th&aacute;ng gần nhất).</li>\r\n\t<li>Giấy chứng minh t&agrave;i ch&iacute;nh: như sao k&ecirc; t&agrave;i khoản ng&acirc;n h&agrave;ng, thư bảo l&atilde;nh t&agrave;i ch&iacute;nh từ gia đ&igrave;nh hoặc c&ocirc;ng ty.</li>\r\n\t<li>Hồ sơ li&ecirc;n quan đến mục đ&iacute;ch lưu tr&uacute;: V&iacute; dụ: giấy nhập học từ trường, hợp đồng lao động từ c&ocirc;ng ty tại Nhật.</li>\r\n\t<li>Chứng chỉ hoặc bằng cấp li&ecirc;n quan (nếu cần thiết).</li>\r\n\t<li>Thư mời từ ph&iacute;a Nhật Bản: do trường học, c&ocirc;ng ty hoặc người bảo l&atilde;nh tại Nhật cung cấp.</li>\r\n</ul>\r\n\r\n<p><img alt="Trong hồ sơ xin COE cần có hộ chiếu" src="https://sanxuatkhaulaodong.com/upload/2025/01/giay-chung-nhan-tu-cach-luu-tru-2.jpg" style="height:512px; width:768px" title="Trong hồ sơ xin COE cần có hộ chiếu" /></p>\r\n\r\n<p>Trong hồ sơ xin COE cần c&oacute; hộ chiếu</p>\r\n\r\n<h2>Quy tr&igrave;nh xin cấp giấy chứng nhận tư c&aacute;ch lưu tr&uacute; COE</h2>\r\n\r\n<p>Quy tr&igrave;nh xin COE diễn ra theo c&aacute;c bước sau:</p>\r\n\r\n<ul>\r\n\t<li><strong>Bước 1:</strong>&nbsp;Nộp đầy đủ c&aacute;c loại giấy tờ cần thiết cho Cục Xuất Nhập Cảnh tại khu vực m&agrave; bạn dự kiến sẽ sinh sống hoặc l&agrave;m việc.</li>\r\n\t<li><strong>Bước 2:</strong>&nbsp;Cục Xuất Nhập Cảnh xem x&eacute;t v&agrave; cấp giấy chứng nhận hợp ph&aacute;p nếu hồ sơ đạt y&ecirc;u cầu. Thời gian xử l&yacute; thường k&eacute;o d&agrave;i từ 1 đến 3 th&aacute;ng. Cơ quan chức năng c&oacute; thể li&ecirc;n hệ để y&ecirc;u cầu bổ sung th&ecirc;m giấy tờ nếu cần.</li>\r\n\t<li><strong>Bước 3:</strong>&nbsp;Sau khi nhận được COE, bạn sử dụng giấy n&agrave;y để xin visa tại đại sứ qu&aacute;n hoặc l&atilde;nh sự qu&aacute;n Nhật Bản tại Việt Nam.</li>\r\n\t<li><strong>Bước 4:</strong>&nbsp;Th&ocirc;ng b&aacute;o kết quả đến người đăng k&yacute; cấp COE. Kết quả sẽ được th&ocirc;ng b&aacute;o qua đơn vị bảo l&atilde;nh tại Nhật hoặc trực tiếp đến người nộp đơn. Nếu được chấp thuận, bạn sẽ nhận được giấy COE ch&iacute;nh thức.</li>\r\n</ul>\r\n\r\n<p>&gt;&gt; Tham khảo th&ecirc;m:&nbsp;<a href="https://sanxuatkhaulaodong.com/tin-tuc/ly-do-truot-tu-cach-luu-tru-b12834.htm" title="TOP 5 lý do trượt tư cách lưu trú"><strong>TOP 5 l&yacute; do trượt tư c&aacute;ch lưu tr&uacute;</strong></a></p>\r\n\r\n<h2>Một số điều cần lưu &yacute; khi xin COE để tăng tỉ lệ th&agrave;nh c&ocirc;ng</h2>\r\n\r\n<p>Để c&oacute; tỉ lệ th&agrave;nh c&ocirc;ng cao hơn khi xin tư c&aacute;ch lưu tr&uacute; c&aacute;c bạn cần lưu &yacute;:&nbsp;</p>\r\n\r\n<ul>\r\n\t<li><strong>Chuẩn bị hồ sơ đầy đủ v&agrave; ch&iacute;nh x&aacute;c:</strong>&nbsp;Thiếu s&oacute;t hoặc sai lệch th&ocirc;ng tin c&oacute; thể dẫn đến việc bị từ chối cấp COE.</li>\r\n\t<li><strong>Thể hiện mục đ&iacute;ch lưu tr&uacute; r&otilde; r&agrave;ng:</strong>&nbsp;Mục đ&iacute;ch như học tập, l&agrave;m việc, định cư cần được m&ocirc; tả chi tiết v&agrave; thuyết phục.</li>\r\n\t<li><strong>Cung cấp giấy tờ t&agrave;i ch&iacute;nh minh bạch:</strong>&nbsp;Điều n&agrave;y gi&uacute;p chứng minh rằng bạn c&oacute; đủ khả năng trang trải chi ph&iacute; trong thời gian lưu tr&uacute;.</li>\r\n\t<li><strong>L&agrave;m việc với đơn vị bảo l&atilde;nh uy t&iacute;n:</strong>&nbsp;Đối t&aacute;c tại Nhật Bản (trường học, c&ocirc;ng ty) cần hỗ trợ cung cấp c&aacute;c giấy tờ cần thiết đ&uacute;ng thời hạn.</li>\r\n</ul>\r\n\r\n<h2>Giải đ&aacute;p c&aacute;c c&acirc;u hỏi thường gặp về giấy chứng nhận tư c&aacute;ch lưu tr&uacute;</h2>\r\n\r\n<p><em>Q: COE v&agrave; VISA c&oacute; giống nhau hay kh&ocirc;ng?</em></p>\r\n\r\n<p>A: Kh&ocirc;ng, COE v&agrave; Visa l&agrave; hai loại giấy tờ kh&aacute;c nhau. COE l&agrave; giấy chứng nhận tư c&aacute;ch lưu tr&uacute;, trong khi Visa l&agrave; giấy ph&eacute;p cho ph&eacute;p bạn nhập cảnh v&agrave;o Nhật Bản.</p>\r\n\r\n<p><em>Q: Xin tư c&aacute;ch lưu tr&uacute; tại Nhật Bản mất bao nhi&ecirc;u thời gian?</em></p>\r\n\r\n<p>A: Th&ocirc;ng thường, việc xử l&yacute; hồ sơ xin COE mất từ 1 đến 3 th&aacute;ng, t&ugrave;y thuộc v&agrave;o từng trường hợp cụ thể v&agrave; thời gian xem x&eacute;t của Cục Xuất Nhập Cảnh.</p>\r\n\r\n<p>Tổng kết lại, giấy chứng nhận tư c&aacute;ch lưu tr&uacute; (COE) l&agrave; một bước quan trọng trong việc xin visa d&agrave;i hạn để đến Nhật Bản học tập, l&agrave;m việc hoặc định cư. Qu&aacute; tr&igrave;nh n&agrave;y đ&ograve;i hỏi sự chuẩn bị kỹ lưỡng về hồ sơ, sự phối hợp chặt chẽ với đơn vị bảo l&atilde;nh tại Nhật v&agrave; tu&acirc;n thủ c&aacute;c y&ecirc;u cầu của Cục Xuất Nhập Cảnh. Hy vọng b&agrave;i viết đ&atilde; gi&uacute;p bạn nắm r&otilde; hơn về COE, từ đ&oacute; tự tin hơn trong việc chuẩn bị hồ sơ v&agrave; tăng cơ hội th&agrave;nh c&ocirc;ng.</p>\r\n\r\n<p>Lưu &yacute;: C&aacute;c th&ocirc;ng tin trong b&agrave;i viết chỉ mang t&iacute;nh chất tham khảo, người lao động n&ecirc;n li&ecirc;n hệ trực tiếp với c&aacute;c c&ocirc;ng ty tuyển dụng để được tư vấn v&agrave; hỗ trợ ch&iacute;nh x&aacute;c.&nbsp;</p>	blog/giay-chung-nhan-tu-cach-luu-tru-dd-medium.jpg.webp	1	t	2025-03-09 20:14:10.599338+07	2025-03-09 20:14:10.599338+07	3	Để được học tập và làm việc dài hạn tại Nhật bản các bạn cần có giấy chứng nhận tư cách lưu trú COE. Đây là một tài liệu quan trọng được cấp bởi Cục Xuất Nhập Cảnh Nhật Bản nhằm xác nhận bạn đủ điều kiện lưu trú hợp pháp tại quốc gia này. Vậy giấy chứng nhận tư cách lưu trú là gì? Bài viết dưới đây sẽ giúp bạn hiểu rõ hơn về COE và các lưu ý quan trọng để tăng tỷ lệ thành công khi xin giấy, theo dõi ngay.
10	A-Z Về Xuất Khẩu Lao Động Nhật Bản Ngành Điện Tử	a-z-ve-xuat-khau-lao-dong-nhat-ban-nganh-dien-tu	<h2>Tiềm năng xuất khẩu lao động Nhật Bản ng&agrave;nh điện tử</h2>\r\n\r\n<p>Nhật Bản l&agrave; quốc gia dẫn đầu thế giới về c&ocirc;ng nghệ v&agrave; sản xuất điện tử. Rất nhiều tập đo&agrave;n lớn như Sony, Panasonic, v&agrave; Toshiba đều c&oacute; trụ sở ch&iacute;nh tại đất nước n&agrave;y. Ng&agrave;nh c&ocirc;ng nghiệp điện tử kh&ocirc;ng chỉ đ&oacute;ng vai tr&ograve; quan trọng trong nền kinh tế Nhật m&agrave; c&ograve;n l&agrave; trụ cột tạo ra việc l&agrave;m cho h&agrave;ng triệu lao động, bao gồm cả lao động nước ngo&agrave;i.</p>\r\n\r\n<p><img alt="Lao động làm việc trong các dây chuyền lắp ráp linh kiện điện tử tại Nhật Bản" src="https://sanxuatkhaulaodong.com/upload/2025/01/xuat-khau-lao-dong-nhat-ban-nganh-dien-tu-2.jpg" style="height:512px; width:768px" title="Lao động làm việc trong các dây chuyền lắp ráp linh kiện điện tử tại Nhật Bản" /></p>\r\n\r\n<p>Lao động l&agrave;m việc trong c&aacute;c d&acirc;y chuyền lắp r&aacute;p linh kiện điện tử tại Nhật Bản</p>\r\n\r\n<p>Hiện nay, nhu cầu tuyển dụng lao động trong ng&agrave;nh điện tử tại Nhật Bản rất lớn, đặc biệt l&agrave; ở c&aacute;c d&acirc;y chuyền lắp r&aacute;p v&agrave; sản xuất linh kiện. Đ&acirc;y l&agrave; cơ hội cho lao động Việt Nam kh&ocirc;ng chỉ c&oacute; việc l&agrave;m với thu nhập cao m&agrave; c&ograve;n được tiếp cận với m&ocirc;i trường l&agrave;m việc chuy&ecirc;n nghiệp, hiện đại.</p>\r\n\r\n<h2>Thời điểm hiện tại c&oacute; n&ecirc;n đi XKLĐ Nhật Bản ng&agrave;nh điện tử kh&ocirc;ng?</h2>\r\n\r\n<p>Mỗi ng&agrave;nh nghề đều c&oacute; những đặc điểm ph&ugrave; hợp với từng nh&oacute;m đối tượng lao động kh&aacute;c nhau. V&igrave; vậy, c&aacute;c bạn n&ecirc;n c&acirc;n nhắc đến những thuận lợi v&agrave; kh&oacute; khăn của ng&agrave;nh điện tử trước khi quyết định đăng k&yacute; tham gia đơn h&agrave;ng. Cụ thể những thuận lợi v&agrave; kh&oacute; khăn của ng&agrave;nh gồm c&oacute;:&nbsp;</p>\r\n\r\n<p><strong>Thuận lợi</strong></p>\r\n\r\n<ul>\r\n\t<li><strong>Thu nhập ổn định:</strong>&nbsp;Mức lương cơ bản của ng&agrave;nh điện tử thường từ 30 &ndash; 35 triệu VNĐ/th&aacute;ng, chưa kể l&agrave;m th&ecirc;m giờ.</li>\r\n\t<li><strong>Điều kiện l&agrave;m việc tốt:</strong>&nbsp;C&aacute;c nh&agrave; m&aacute;y điện tử tại Nhật Bản thường sạch sẽ, an to&agrave;n v&agrave; được trang bị c&ocirc;ng nghệ hiện đại.</li>\r\n\t<li><strong>Kh&ocirc;ng y&ecirc;u cầu kinh nghiệm:</strong>&nbsp;Đ&acirc;y l&agrave; cơ hội tốt cho lao động phổ th&ocirc;ng hoặc những người chưa c&oacute; tay nghề.</li>\r\n</ul>\r\n\r\n<p><strong>Kh&oacute; khăn</strong></p>\r\n\r\n<ul>\r\n\t<li><strong>T&iacute;nh lặp đi lặp lại:</strong>&nbsp;C&ocirc;ng việc c&oacute; thể g&acirc;y mệt mỏi hoặc nh&agrave;m ch&aacute;n do y&ecirc;u cầu sự tỉ mỉ v&agrave; l&agrave;m việc li&ecirc;n tục.</li>\r\n\t<li><strong>Y&ecirc;u cầu nghi&ecirc;m ngặt:</strong>&nbsp;Người lao động cần tu&acirc;n thủ kỷ luật cao v&agrave; chịu &aacute;p lực về thời gian ho&agrave;n th&agrave;nh c&ocirc;ng việc.</li>\r\n</ul>\r\n\r\n<h2>Ng&agrave;nh điện tử bao gồm những c&ocirc;ng việc g&igrave;?</h2>\r\n\r\n<p>Ng&agrave;nh điện tử tại Nhật Bản rất đa dạng, với nhiều c&ocirc;ng việc li&ecirc;n quan đến sản xuất v&agrave; lắp r&aacute;p c&aacute;c thiết bị điện tử. Đa phần c&aacute;c đơn h&agrave;ng tuyển dụng lao động nước ngo&agrave;i đều c&oacute; y&ecirc;u cầu c&ocirc;ng việc l&agrave;:&nbsp;</p>\r\n\r\n<ul>\r\n\t<li><strong>Lắp r&aacute;p linh kiện, thiết bị điện tử:</strong>&nbsp;Lắp r&aacute;p c&aacute;c linh kiện điện tử th&agrave;nh sản phẩm ho&agrave;n chỉnh, như điện thoại, m&aacute;y t&iacute;nh, hoặc c&aacute;c thiết bị c&ocirc;ng nghệ cao. C&ocirc;ng việc n&agrave;y thường y&ecirc;u cầu sự tỉ mỉ v&agrave; khả năng l&agrave;m việc ch&iacute;nh x&aacute;c theo hướng dẫn.</li>\r\n\t<li><strong>Lắp r&aacute;p thiết bị, m&aacute;y m&oacute;c điện tử:</strong>&nbsp;Lắp r&aacute;p c&aacute;c thiết bị điện gia dụng như tủ lạnh, m&aacute;y giặt, điều h&ograve;a kh&ocirc;ng kh&iacute;. C&ocirc;ng việc &iacute;t y&ecirc;u cầu kỹ năng chuy&ecirc;n m&ocirc;n, ph&ugrave; hợp với lao động phổ th&ocirc;ng.</li>\r\n\t<li><strong>Sản xuất bản mạch in:</strong>&nbsp;Lắp r&aacute;p v&agrave; kiểm tra c&aacute;c bảng mạch điện tử, đảm bảo chất lượng trước khi đưa v&agrave;o sản xuất đại tr&agrave;. C&ocirc;ng việc n&agrave;y y&ecirc;u cầu độ ch&iacute;nh x&aacute;c cao nhưng kh&ocirc;ng đ&ograve;i hỏi kinh nghiệm l&acirc;u năm.</li>\r\n</ul>\r\n\r\n<p><img alt="Công việc sản xuất bản mạch in điện tử tại Nhật Bản" src="https://sanxuatkhaulaodong.com/upload/2025/01/xuat-khau-lao-dong-nhat-ban-nganh-dien-tu-3.jpg" style="height:512px; width:768px" title="Công việc sản xuất bản mạch in điện tử tại Nhật Bản" /></p>\r\n\r\n<p>C&ocirc;ng việc sản xuất bản mạch in điện tử tại Nhật Bản</p>\r\n\r\n<p>Nh&igrave;n chung, c&aacute;c c&ocirc;ng việc trong ng&agrave;nh điện tử tại Nhật Bản thường mang t&iacute;nh lặp đi lặp lại, kh&ocirc;ng đ&ograve;i hỏi kiến thức chuy&ecirc;n m&ocirc;n s&acirc;u. Điều n&agrave;y khiến ng&agrave;nh điện tử trở th&agrave;nh lựa chọn l&yacute; tưởng cho nhiều nh&oacute;m lao động Việt Nam.</p>\r\n\r\n<h2>Điều kiện đi xuất khẩu lao động Nhật Bản ng&agrave;nh điện tử</h2>\r\n\r\n<p>Để l&agrave;m việc tại Nhật Bản trong ng&agrave;nh điện tử, bạn cần đ&aacute;p ứng c&aacute;c điều kiện sau:</p>\r\n\r\n<ul>\r\n\t<li><strong>Độ tuổi:</strong>&nbsp;Thường từ 18 &ndash; 35 tuổi.</li>\r\n\t<li><strong>Tr&igrave;nh độ học vấn:</strong>&nbsp;Tốt nghiệp THPT trở l&ecirc;n.</li>\r\n\t<li><strong>Sức khỏe:</strong>&nbsp;Đ&aacute;p ứng ti&ecirc;u chuẩn sức khỏe lao động Nhật Bản, kh&ocirc;ng mắc c&aacute;c bệnh truyền nhiễm.</li>\r\n\t<li><strong>Kinh nghiệm:</strong>&nbsp;Kh&ocirc;ng y&ecirc;u cầu kinh nghiệm, nhưng người lao động cần trải qua đ&agrave;o tạo cơ bản.</li>\r\n\t<li><strong>Tiếng Nhật:</strong>&nbsp;Tối thiểu tr&igrave;nh độ N5 (giao tiếp cơ bản).</li>\r\n</ul>\r\n\r\n<p>&gt;&gt; Tham khảo chi tiết:&nbsp;<strong><a href="https://sanxuatkhaulaodong.com/dieu-kien-xuat-khau-lao-dong-nhat-ban-b8262.htm">Điều kiện đi xuất khẩu lao động Nhật Bản</a></strong></p>\r\n\r\n<h2>Lương xklđ Nhật Bản ng&agrave;nh điện tử c&oacute; cao kh&ocirc;ng?</h2>\r\n\r\n<p>Lương ng&agrave;nh điện tử tại Nhật Bản rất cạnh tranh. Th&ocirc;ng thường mức lương cơ bản cho lao động nước ngo&agrave;i l&agrave; 140.000 &ndash; 180.000 y&ecirc;n/th&aacute;ng (tương đương 30 &ndash; 35 triệu VNĐ). Ngo&agrave;i ra, c&aacute;c bạn c&ograve;n được hưởng lương tăng ca (125% &ndash; 150% mức lương cơ bản) v&agrave; một số trợ cấp x&atilde; hội kh&aacute;c.</p>\r\n\r\n<p>Sau khi trừ chi ph&iacute; sinh hoạt, người lao động c&oacute; thể tiết kiệm từ 20 &ndash; 25 triệu VNĐ/th&aacute;ng.</p>\r\n\r\n<h2>C&aacute;c đơn h&agrave;ng điện tử tại Nhật Bản tuyển dụng lao động Việt Nam</h2>\r\n\r\n<p>Dưới đ&acirc;y l&agrave; bảng tổng hợp c&aacute;c đơn h&agrave;ng ng&agrave;nh điện tử tại Nhật Bản:</p>\r\n\r\n<table style="width:813px">\r\n\t<tbody>\r\n\t\t<tr>\r\n\t\t\t<td>\r\n\t\t\t<p><strong>STT</strong></p>\r\n\t\t\t</td>\r\n\t\t\t<td>\r\n\t\t\t<p><strong>T&ecirc;n đơn h&agrave;ng</strong></p>\r\n\t\t\t</td>\r\n\t\t\t<td>\r\n\t\t\t<p><strong>Địa điểm</strong></p>\r\n\t\t\t</td>\r\n\t\t\t<td>\r\n\t\t\t<p><strong>Mức lương</strong></p>\r\n\t\t\t</td>\r\n\t\t</tr>\r\n\t\t<tr>\r\n\t\t\t<td>1</td>\r\n\t\t\t<td>\r\n\t\t\t<p>Lắp r&aacute;p linh kiện điện tử</p>\r\n\t\t\t</td>\r\n\t\t\t<td>\r\n\t\t\t<p>Tokyo</p>\r\n\t\t\t</td>\r\n\t\t\t<td>\r\n\t\t\t<p>150.000 y&ecirc;n/th&aacute;ng</p>\r\n\t\t\t</td>\r\n\t\t</tr>\r\n\t\t<tr>\r\n\t\t\t<td>2</td>\r\n\t\t\t<td>\r\n\t\t\t<p>Lắp r&aacute;p m&aacute;y điều h&ograve;a</p>\r\n\t\t\t</td>\r\n\t\t\t<td>\r\n\t\t\t<p>Osaka</p>\r\n\t\t\t</td>\r\n\t\t\t<td>\r\n\t\t\t<p>160.000 y&ecirc;n/th&aacute;ng</p>\r\n\t\t\t</td>\r\n\t\t</tr>\r\n\t\t<tr>\r\n\t\t\t<td>3</td>\r\n\t\t\t<td>\r\n\t\t\t<p>Sản xuất bảng mạch PCB</p>\r\n\t\t\t</td>\r\n\t\t\t<td>\r\n\t\t\t<p>Nagoya</p>\r\n\t\t\t</td>\r\n\t\t\t<td>\r\n\t\t\t<p>155.000 y&ecirc;n/th&aacute;ng</p>\r\n\t\t\t</td>\r\n\t\t</tr>\r\n\t\t<tr>\r\n\t\t\t<td>4</td>\r\n\t\t\t<td>\r\n\t\t\t<p>Kiểm tra sản phẩm điện tử</p>\r\n\t\t\t</td>\r\n\t\t\t<td>\r\n\t\t\t<p>Kyoto</p>\r\n\t\t\t</td>\r\n\t\t\t<td>\r\n\t\t\t<p>145.000 y&ecirc;n/th&aacute;ng</p>\r\n\t\t\t</td>\r\n\t\t</tr>\r\n\t\t<tr>\r\n\t\t\t<td>5</td>\r\n\t\t\t<td>\r\n\t\t\t<p>Đ&oacute;ng g&oacute;i linh kiện điện tử</p>\r\n\t\t\t</td>\r\n\t\t\t<td>\r\n\t\t\t<p>Fukuoka</p>\r\n\t\t\t</td>\r\n\t\t\t<td>\r\n\t\t\t<p>140.000 y&ecirc;n/th&aacute;ng</p>\r\n\t\t\t</td>\r\n\t\t</tr>\r\n\t</tbody>\r\n</table>\r\n\r\n<p>Để t&igrave;m kiếm v&agrave; tham khảo c&aacute;c đơn h&agrave;ng đang tuyển dụng mới nhất c&aacute;c bạn c&oacute; thể truy cập&nbsp;<strong><a href="https://sanxuatkhaulaodong.com/">S&agrave;n xuất khẩu lao động. Com</a></strong>&nbsp;hoặc xem trực tiếp tại:&nbsp;<strong><a href="https://sanxuatkhaulaodong.com/xuat-khau-lao-dong-nhat-ban">Đơn h&agrave;ng xuất khẩu lao động Nhật Bản</a></strong></p>\r\n\r\n<p><img alt="Các đơn hàng điện tử được update liên tục trên sàn xuất khẩu lao động. Com" src="https://sanxuatkhaulaodong.com/upload/2025/01/xuat-khau-lao-dong-nhat-ban-nganh-dien-tu-4.jpg" style="height:512px; width:768px" title="Các đơn hàng điện tử được update liên tục trên sàn xuất khẩu lao động. Com" /></p>\r\n\r\n<p>C&aacute;c đơn h&agrave;ng điện tử được update li&ecirc;n tục tr&ecirc;n s&agrave;n xuất khẩu lao động. Com</p>\r\n\r\n<h2>Q&amp;A những c&acirc;u hỏi thường gặp về XKLĐ Nhật Bản ng&agrave;nh điện tử</h2>\r\n\r\n<p><em>Q: C&ocirc;ng việc trong ng&agrave;nh điện tử c&oacute; vất vả kh&ocirc;ng?</em></p>\r\n\r\n<p>A: C&ocirc;ng việc kh&ocirc;ng qu&aacute; vất vả nhưng y&ecirc;u cầu t&iacute;nh kỷ luật v&agrave; sự tỉ mỉ cao.</p>\r\n\r\n<p><em>Q: Đơn h&agrave;ng điện tử c&oacute; nhiều thời gian l&agrave;m th&ecirc;m kh&ocirc;ng?</em></p>\r\n\r\n<p>A: Hầu hết c&aacute;c đơn h&agrave;ng đều c&oacute; l&agrave;m th&ecirc;m giờ, mang lại thu nhập cao hơn.</p>\r\n\r\n<p><em>Q: Thời hạn hợp đồng của đơn h&agrave;ng điện tử l&agrave; bao l&acirc;u?</em></p>\r\n\r\n<p>A: Thời hạn hợp đồng thường l&agrave; 3 năm, c&oacute; thể gia hạn th&ecirc;m 2 năm t&ugrave;y v&agrave;o nhu cầu c&ocirc;ng ty.</p>\r\n\r\n<h2>Kết luận</h2>\r\n\r\n<p><strong>Xuất khẩu lao động Nhật Bản ng&agrave;nh điện tử</strong>&nbsp;kh&ocirc;ng chỉ l&agrave; cơ hội cải thiện thu nhập m&agrave; c&ograve;n l&agrave; c&aacute;ch để người lao động tiếp cận một m&ocirc;i trường l&agrave;m việc chuy&ecirc;n nghiệp v&agrave; hiện đại. Đ&acirc;y l&agrave; ng&agrave;nh nghề ph&ugrave; hợp với nhiều đối tượng lao động, đặc biệt l&agrave; những người mong muốn một c&ocirc;ng việc ổn định, thu nhập tốt v&agrave; kh&ocirc;ng y&ecirc;u cầu kinh nghiệm cao. C&aacute;c bạn c&oacute; thể tham khảo đơn h&agrave;ng đang tuyển dụng mới nhất tại&nbsp;<strong><a href="https://sanxuatkhaulaodong.com/">S&agrave;n xuất khẩu lao động. Com</a></strong></p>	blog/xuat-khau-lao-dong-nhat-ban-nganh-dien-tu-1-medium.jpg.webp	1	t	2025-03-09 20:15:22.534682+07	2025-03-09 20:15:22.534682+07	3	Trong những năm gần đây, xuất khẩu lao động Nhật Bản ngành điện tử đã trở thành lựa chọn hấp dẫn đối với nhiều lao động Việt Nam. Chi tiết về tiềm năng, công việc, và điều kiện xuất khẩu lao động ngành điện tử tại Nhật Bản sẽ có trong bài viết dưới đây. Theo dõi ngay nếu bạn đang có mong muốn tham gia các đơn hàng điện tử tại xứ sở hoa anh đào.
11	Các Chương Trình Đi Xuất Khẩu Lao Động Nhật Bản: Tất Tần Tật Những Điều Cần Biết	cac-chuong-trinh-di-xuat-khau-lao-dong-nhat-ban-tat-tan-tat-nhung-dieu-can-biet	<h2>4 Chương tr&igrave;nh xuất khẩu lao động Nhật Bản phổ biến nhất</h2>\r\n\r\n<p>Hiện nay, c&oacute; 4 chương tr&igrave;nh&nbsp;<a href="https://sanxuatkhaulaodong.com/xuat-khau-lao-dong-nhat-ban" title="Xuất khẩu lao động Nhật Bản"><strong>xuất khẩu lao động Nhật Bản</strong></a>&nbsp;phổ biến, mỗi chương tr&igrave;nh mang lại cơ hội v&agrave; quyền lợi kh&aacute;c nhau. Dưới đ&acirc;y l&agrave; chi tiết từng chương tr&igrave;nh, gi&uacute;p bạn hiểu r&otilde; hơn để dễ d&agrave;ng lựa chọn.</p>\r\n\r\n<h3>Chương tr&igrave;nh thực tập sinh kỹ năng Nhật Bản</h3>\r\n\r\n<p>Chương tr&igrave;nh thực tập sinh kỹ năng (Technical Intern Training Program) được thiết kế nhằm đ&agrave;o tạo v&agrave; n&acirc;ng cao kỹ năng cho người lao động từ c&aacute;c quốc gia đang ph&aacute;t triển, trong đ&oacute; c&oacute; Việt Nam. Th&ocirc;ng qua chương tr&igrave;nh n&agrave;y, người lao động c&oacute; cơ hội học hỏi v&agrave; l&agrave;m việc tại Nhật trong thời gian từ 1 đến 5 năm.</p>\r\n\r\n<p><strong>Đối tượng ph&ugrave; hợp</strong></p>\r\n\r\n<ul>\r\n\t<li>Nam v&agrave; nữ trong độ tuổi từ 18 đến 35.</li>\r\n\t<li>C&oacute; sức khỏe tốt, kh&ocirc;ng mắc c&aacute;c bệnh truyền nhiễm.</li>\r\n\t<li>Chưa từng tham gia chương tr&igrave;nh thực tập sinh tại Nhật trước đ&acirc;y.</li>\r\n\t<li>Tr&igrave;nh độ học vấn từ cấp 2 trở l&ecirc;n.</li>\r\n</ul>\r\n\r\n<p><strong>Điều kiện tham dự</strong></p>\r\n\r\n<ul>\r\n\t<li>Đỗ c&aacute;c v&ograve;ng phỏng vấn v&agrave; kiểm tra tay nghề.</li>\r\n\t<li>Ho&agrave;n tất hồ sơ v&agrave; thủ tục li&ecirc;n quan.</li>\r\n\t<li>Đ&aacute;p ứng y&ecirc;u cầu tiếng Nhật tối thiểu (thường l&agrave; N5 hoặc được đ&agrave;o tạo trước xuất cảnh).</li>\r\n</ul>\r\n\r\n<p><strong>Quyền lợi nổi bật</strong></p>\r\n\r\n<ul>\r\n\t<li>Mức lương dao động từ 25 - 35 triệu VNĐ/th&aacute;ng (chưa t&iacute;nh l&agrave;m th&ecirc;m).</li>\r\n\t<li>Được đ&agrave;o tạo kỹ năng v&agrave; trải nghiệm m&ocirc;i trường l&agrave;m việc chuy&ecirc;n nghiệp.</li>\r\n\t<li>Hỗ trợ chi ph&iacute; ăn ở, bảo hiểm v&agrave; c&aacute;c chế độ ph&uacute;c lợi.</li>\r\n\t<li>Sau khi về nước, c&oacute; cơ hội &aacute;p dụng kiến thức học được v&agrave;o c&ocirc;ng việc tại qu&ecirc; nh&agrave;.</li>\r\n</ul>\r\n\r\n<p>&gt;&gt; Tham khảo c&aacute;c Đơn h&agrave;ng TTS kỹ năng Nhật Bản tại:&nbsp;<a href="https://sanxuatkhaulaodong.com/xuat-khau-lao-dong-nhat-ban" title="Xuất khẩu lao động Nhật Bản"><strong>Xuất khẩu lao động Nhật Bản</strong></a></p>\r\n\r\n<p><img alt="Các đơn hàng TTS kỹ năng mới cập nhật trên Sàn xuất khẩu lao động.Com" src="https://sanxuatkhaulaodong.com/upload/2025/01/cac-chuong-trinh-xkld-nhat-ban-2.jpg" style="height:305px; width:768px" title="Các đơn hàng TTS kỹ năng mới cập nhật trên Sàn xuất khẩu lao động.Com" /></p>\r\n\r\n<p>C&aacute;c đơn h&agrave;ng TTS kỹ năng mới cập nhật tr&ecirc;n S&agrave;n xuất khẩu lao động.Com</p>\r\n\r\n<p>&nbsp;</p>\r\n\r\n<h3>Chương tr&igrave;nh kỹ sư Nhật Bản</h3>\r\n\r\n<p>Đ&acirc;y l&agrave; chương tr&igrave;nh d&agrave;nh cho lao động c&oacute; tr&igrave;nh độ chuy&ecirc;n m&ocirc;n cao, đặc biệt l&agrave; trong c&aacute;c ng&agrave;nh kỹ thuật, c&ocirc;ng nghệ th&ocirc;ng tin, cơ kh&iacute;, x&acirc;y dựng v&agrave; điện tử. Người lao động tham gia chương tr&igrave;nh sẽ l&agrave;m việc với tư c&aacute;ch l&agrave; kỹ sư hoặc chuy&ecirc;n vi&ecirc;n tại c&aacute;c c&ocirc;ng ty Nhật.</p>\r\n\r\n<p><strong>Đối tượng ph&ugrave; hợp</strong></p>\r\n\r\n<ul>\r\n\t<li>Nam v&agrave; nữ từ 22 đến 35 tuổi.</li>\r\n\t<li>Đ&atilde; tốt nghiệp cao đẳng hoặc đại học c&aacute;c ng&agrave;nh li&ecirc;n quan.</li>\r\n\t<li>C&oacute; khả năng tiếng Nhật (tối thiểu N4, ưu ti&ecirc;n N3 trở l&ecirc;n).</li>\r\n</ul>\r\n\r\n<p><strong>Điều kiện tham dự</strong></p>\r\n\r\n<ul>\r\n\t<li>C&oacute; bằng cấp chuy&ecirc;n m&ocirc;n ph&ugrave; hợp với c&ocirc;ng việc ứng tuyển.</li>\r\n\t<li>Đ&aacute;p ứng y&ecirc;u cầu kinh nghiệm l&agrave;m việc (thường từ 1 - 2 năm).</li>\r\n\t<li>Tham gia phỏng vấn trực tiếp với nh&agrave; tuyển dụng Nhật Bản.</li>\r\n</ul>\r\n\r\n<p><strong>Quyền lợi nổi bật</strong></p>\r\n\r\n<ul>\r\n\t<li>Mức lương cao, từ 40 - 70 triệu VNĐ/th&aacute;ng.</li>\r\n\t<li>Cơ hội l&agrave;m việc l&acirc;u d&agrave;i v&agrave; định cư tại Nhật.</li>\r\n\t<li>Được bảo l&atilde;nh người th&acirc;n sang Nhật sinh sống.</li>\r\n\t<li>N&acirc;ng cao tr&igrave;nh độ chuy&ecirc;n m&ocirc;n v&agrave; ph&aacute;t triển sự nghiệp trong m&ocirc;i trường ti&ecirc;n tiến.</li>\r\n</ul>\r\n\r\n<p>&gt;&gt; Tham khảo chi tiết chương tr&igrave;nh v&agrave; c&aacute;c đơn h&agrave;ng mới nhất tại&nbsp;<a href="https://sanxuatkhaulaodong.com/ky-su-nhat-ban" title="Kỹ sư Nhật Bản"><strong>Kỹ sư Nhật Bản</strong></a>&nbsp;</p>\r\n\r\n<p><img alt="Các đơn hàng kỹ sư Nhật Bản mới cập nhật trên Sàn xuất khẩu lao động. Com" src="https://sanxuatkhaulaodong.com/upload/2025/01/cac-chuong-trinh-xkld-nhat-ban-3.jpg" style="height:392px; width:768px" title="Các đơn hàng kỹ sư Nhật Bản mới cập nhật trên Sàn xuất khẩu lao động. Com" /></p>\r\n\r\n<p>C&aacute;c đơn h&agrave;ng kỹ sư Nhật Bản mới cập nhật tr&ecirc;n S&agrave;n xuất khẩu lao động. Com</p>\r\n\r\n<h3>Chương tr&igrave;nh kỹ năng đặc định (Tokutei Ginou)</h3>\r\n\r\n<p>Chương tr&igrave;nh kỹ năng đặc định được Nhật Bản triển khai từ năm 2019 nhằm thu h&uacute;t lao động nước ngo&agrave;i c&oacute; kỹ năng nhất định trong 14 ng&agrave;nh nghề, bao gồm x&acirc;y dựng, chế biến thực phẩm, chăm s&oacute;c sức khỏe, v&agrave; nh&agrave; h&agrave;ng.</p>\r\n\r\n<p><strong>Đối tượng ph&ugrave; hợp</strong></p>\r\n\r\n<ul>\r\n\t<li>Nam v&agrave; nữ từ 18 đến 40 tuổi.</li>\r\n\t<li>Đ&atilde; ho&agrave;n th&agrave;nh chương tr&igrave;nh thực tập sinh hoặc c&oacute; kinh nghiệm l&agrave;m việc trong ng&agrave;nh li&ecirc;n quan.</li>\r\n\t<li>C&oacute; chứng chỉ tiếng Nhật v&agrave; kỹ năng nghề ph&ugrave; hợp.</li>\r\n</ul>\r\n\r\n<p><strong>Điều kiện tham dự</strong></p>\r\n\r\n<ul>\r\n\t<li>Đỗ kỳ thi đ&aacute;nh gi&aacute; kỹ năng nghề v&agrave; năng lực tiếng Nhật.</li>\r\n\t<li>C&oacute; kinh nghiệm l&agrave;m việc hoặc được đ&agrave;o tạo trước khi tham gia chương tr&igrave;nh.</li>\r\n</ul>\r\n\r\n<p><strong>Quyền lợi nổi bật</strong></p>\r\n\r\n<ul>\r\n\t<li>Mức lương tương đương lao động Nhật Bản, từ 30 - 50 triệu VNĐ/th&aacute;ng.</li>\r\n\t<li>Được gia hạn visa tối đa 5 năm v&agrave; c&oacute; thể chuyển sang visa d&agrave;i hạn kh&aacute;c.</li>\r\n\t<li>Cơ hội l&agrave;m việc trong nhiều lĩnh vực đa dạng v&agrave; được hỗ trợ ph&aacute;p l&yacute; r&otilde; r&agrave;ng.</li>\r\n\t<li>C&oacute; thể bảo l&atilde;nh gia đ&igrave;nh sau thời gian l&agrave;m việc nhất định.</li>\r\n</ul>\r\n\r\n<p>&gt;&gt; Xem th&ecirc;m:&nbsp;<strong><a href="https://sanxuatkhaulaodong.com/dac-dinh-tokutei-nhat-ban" title="Đơn hàng đặc định Nhật Bản">Đơn h&agrave;ng đặc định Nhật Bản</a></strong></p>\r\n\r\n<p><img alt="Một số đơn hàng xuất khẩu lao động Nhật Bản theo diện visa đặc định" src="https://sanxuatkhaulaodong.com/upload/2025/01/cac-chuong-trinh-xkld-nhat-ban-4.jpg" style="height:372px; width:768px" title="Một số đơn hàng xuất khẩu lao động Nhật Bản theo diện visa đặc định" /></p>\r\n\r\n<p>Một số đơn h&agrave;ng xuất khẩu lao động Nhật Bản theo diện visa đặc định</p>\r\n\r\n<h3>Chương tr&igrave;nh bảo l&atilde;nh sang Nhật l&agrave;m việc</h3>\r\n\r\n<p>Đ&acirc;y l&agrave; chương tr&igrave;nh d&agrave;nh cho những người c&oacute; người th&acirc;n hoặc gia đ&igrave;nh đang sinh sống v&agrave; l&agrave;m việc tại Nhật, gi&uacute;p họ dễ d&agrave;ng được bảo l&atilde;nh sang Nhật l&agrave;m việc hợp ph&aacute;p.</p>\r\n\r\n<p><strong>Đối tượng ph&ugrave; hợp</strong></p>\r\n\r\n<ul>\r\n\t<li>Người lao động c&oacute; người th&acirc;n đang sinh sống tại Nhật.</li>\r\n\t<li>Đ&aacute;p ứng c&aacute;c điều kiện về sức khỏe v&agrave; học vấn cơ bản.</li>\r\n</ul>\r\n\r\n<p><strong>Điều kiện tham dự</strong></p>\r\n\r\n<ul>\r\n\t<li>C&oacute; người th&acirc;n đủ điều kiện bảo l&atilde;nh theo quy định của Nhật Bản.</li>\r\n\t<li>Ho&agrave;n thiện hồ sơ ph&aacute;p l&yacute; theo y&ecirc;u cầu.</li>\r\n</ul>\r\n\r\n<p><strong>Quyền lợi nổi bật</strong></p>\r\n\r\n<ul>\r\n\t<li>Quy tr&igrave;nh đơn giản hơn so với c&aacute;c chương tr&igrave;nh kh&aacute;c.</li>\r\n\t<li>C&oacute; cơ hội l&agrave;m việc v&agrave; sinh sống gần người th&acirc;n.</li>\r\n\t<li>Được hưởng c&aacute;c quyền lợi tương tự lao động bản địa.</li>\r\n</ul>\r\n\r\n<h2>N&ecirc;n đi xuất khẩu lao động theo chương tr&igrave;nh n&agrave;o?</h2>\r\n\r\n<p>Mỗi chương tr&igrave;nh xuất khẩu lao động Nhật Bản đều c&oacute; những ưu điểm v&agrave; ph&ugrave; hợp với từng đối tượng kh&aacute;c nhau. V&igrave; vậy, việc lựa chọn chương tr&igrave;nh phụ thuộc v&agrave;o khả năng, mục ti&ecirc;u v&agrave; ho&agrave;n cảnh c&aacute; nh&acirc;n. H&atilde;y c&acirc;n nhắc kỹ lưỡng v&agrave; tham khảo &yacute; kiến từ c&aacute;c chuy&ecirc;n gia để chọn chương tr&igrave;nh ph&ugrave; hợp nhất với m&igrave;nh.</p>\r\n\r\n<h2>Kết luận</h2>\r\n\r\n<p>Xuất khẩu lao động Nhật Bản kh&ocirc;ng chỉ mang lại cơ hội cải thiện thu nhập m&agrave; c&ograve;n gi&uacute;p bạn n&acirc;ng cao kỹ năng, mở rộng tầm nh&igrave;n v&agrave; t&iacute;ch lũy kinh nghiệm qu&yacute; b&aacute;u. D&ugrave; bạn chọn chương tr&igrave;nh n&agrave;o, điều quan trọng nhất l&agrave; chuẩn bị kỹ lưỡng v&agrave; lựa chọn đ&uacute;ng đắn để tối ưu h&oacute;a lợi &iacute;ch. Ch&uacute;c bạn th&agrave;nh c&ocirc;ng tr&ecirc;n h&agrave;nh tr&igrave;nh mới v&agrave; sớm đạt được mục ti&ecirc;u của m&igrave;nh.</p>\r\n\r\n<p>Lưu &yacute;: C&aacute;c th&ocirc;ng tin trong b&agrave;i viết chỉ mang t&iacute;nh chất tham khảo, người lao động n&ecirc;n li&ecirc;n hệ trực tiếp với c&aacute;c c&ocirc;ng ty tuyển dụng để được tư vấn v&agrave; hỗ trợ ch&iacute;nh x&aacute;c.</p>	blog/cac-chuong-trinh-xkld-nhat-ban-1-medium.jpg.webp	1	t	2025-03-09 20:16:31.940912+07	2025-03-09 20:16:31.940912+07	3	Xuất khẩu lao động Nhật Bản đang trở thành lựa chọn hấp dẫn cho nhiều người lao động Việt Nam. Tuy nhiên, không phải ai cũng hiểu rõ về các chương trình xuất khẩu lao động Nhật Bản hiện hành. Hãy cùng Sàn xuất khẩu lao động. Com tìm hiểu chi tiết các chương trình và những lợi ích mà chúng mang lại trong bài viết dưới đây trước khi quyết định.
12	Những điều lao động cần biết về bảo lãnh người thân sang Nhật	nhung-dieu-lao-dong-can-biet-ve-bao-lanh-nguoi-than-sang-nhat	<h2>Điều kiện bảo l&atilde;nh người th&acirc;n sang Nhật mới nhất</h2>\r\n\r\n<p>Khi đi&nbsp;<a href="https://sanxuatkhaulaodong.com/xuat-khau-lao-dong-nhat-ban" title="Xuất khẩu lao động Nhật Bản"><strong>Xuất khẩu lao động Nhật Bản</strong></a>, c&aacute;c bạn ho&agrave;n to&agrave;n c&oacute; thể bảo l&atilde;nh người th&acirc;n sang thăm nếu đ&aacute;p ứng đủ c&aacute;c điều kiện sau:</p>\r\n\r\n<ul>\r\n\t<li><strong>C&oacute; visa hợp ph&aacute;p tại Nhật:</strong>&nbsp;Người lao động phải c&oacute; visa lao động hợp lệ, kh&ocirc;ng vi phạm quy định lưu tr&uacute;.</li>\r\n\t<li><strong>Thuộc đối tượng được ph&eacute;p bảo l&atilde;nh:</strong>&nbsp;Người được bảo l&atilde;nh thường l&agrave; bố mẹ, vợ/chồng hoặc con c&aacute;i.</li>\r\n\t<li><strong>Chứng minh t&agrave;i ch&iacute;nh:</strong>&nbsp;Người bảo l&atilde;nh cần c&oacute; thu nhập ổn định, đủ để trang trải chi ph&iacute; cho người th&acirc;n trong thời gian lưu tr&uacute;.</li>\r\n\t<li><strong>Chứng minh quan hệ gia đ&igrave;nh:</strong>&nbsp;Cung cấp giấy khai sinh, giấy kết h&ocirc;n hoặc sổ hộ khẩu để x&aacute;c nhận quan hệ giữa người bảo l&atilde;nh v&agrave; người được bảo l&atilde;nh.</li>\r\n</ul>\r\n\r\n<p><img alt="Người lao động có thể bảo lãnh bố, mẹ, vợ, con sang Nhật trong thời hạn hợp đồng" src="https://sanxuatkhaulaodong.com/upload/2025/03/bao-lanh-nguoi-than-sang-nhat-2.jpg" style="height:512px; width:768px" title="Người lao động có thể bảo lãnh bố, mẹ, vợ, con sang Nhật trong thời hạn hợp đồng" /></p>\r\n\r\n<p>Người lao động c&oacute; thể bảo l&atilde;nh bố, mẹ, vợ, con sang Nhật trong thời hạn hợp đồng</p>\r\n\r\n<p>&nbsp;</p>\r\n\r\n<h2>Thủ tục xin visa thăm th&acirc;n cho người lao động Nhật Bản</h2>\r\n\r\n<p>Qu&aacute; tr&igrave;nh xin visa thăm th&acirc;n đ&ograve;i hỏi nhiều thủ tục v&agrave; giấy tờ quan trọng. Dưới đ&acirc;y l&agrave; hướng dẫn chi tiết gi&uacute;p bạn chuẩn bị hồ sơ v&agrave; ho&agrave;n th&agrave;nh quy tr&igrave;nh bảo l&atilde;nh một c&aacute;ch su&ocirc;n sẻ nhất.</p>\r\n\r\n<h3>Bước 1: Chuẩn bị hồ sơ bảo l&atilde;nh người th&acirc;n</h3>\r\n\r\n<p>Hồ sơ của người bảo l&atilde;nh (người lao động tại Nhật):</p>\r\n\r\n<ul>\r\n\t<li>Thư mời viết bằng tiếng Nhật, n&ecirc;u r&otilde; l&yacute; do mời người th&acirc;n sang thăm.</li>\r\n\t<li>Giấy chứng nhận cư tr&uacute; (住民票 - Juminhyo) chứng minh địa chỉ cư tr&uacute; tại Nhật.</li>\r\n\t<li>Bản sao thẻ lưu tr&uacute; (在留カード - Zairyu Card) v&agrave; hộ chiếu.</li>\r\n\t<li>Hợp đồng lao động v&agrave; giấy x&aacute;c nhận c&ocirc;ng việc: Do c&ocirc;ng ty Nhật cấp.</li>\r\n\t<li>Bảng lương 3 th&aacute;ng gần nhất hoặc giấy x&aacute;c nhận thu nhập.</li>\r\n\t<li>Giấy chứng nhận đ&oacute;ng thuế (住民税課税証明書 - Juminzei Kazei Shomeisho).</li>\r\n</ul>\r\n\r\n<p>Hồ sơ của người được bảo l&atilde;nh:</p>\r\n\r\n<ul>\r\n\t<li>Hộ chiếu của người được bảo l&atilde;nh, c&ograve;n hạn &iacute;t nhất 6 th&aacute;ng.</li>\r\n\t<li>Đơn xin visa thăm th&acirc;n (theo mẫu của Đại sứ qu&aacute;n Nhật Bản).</li>\r\n\t<li>Ảnh thẻ 4.5cm x 4.5cm nền trắng.</li>\r\n\t<li>Giấy tờ chứng minh quan hệ gia đ&igrave;nh (giấy khai sinh, giấy kết h&ocirc;n, hộ khẩu...).</li>\r\n\t<li>Chứng minh t&agrave;i ch&iacute;nh (nếu cần): Trong trường hợp người bảo l&atilde;nh kh&ocirc;ng đủ điều kiện t&agrave;i ch&iacute;nh, người được bảo l&atilde;nh c&oacute; thể cung cấp chứng minh t&agrave;i ch&iacute;nh của bản th&acirc;n.</li>\r\n</ul>\r\n\r\n<h3>Bước 2: Nộp hồ sơ bảo l&atilde;nh</h3>\r\n\r\n<p>Người được bảo l&atilde;nh sẽ nộp hồ sơ xin visa tại Đại sứ qu&aacute;n hoặc Tổng l&atilde;nh sự qu&aacute;n Nhật Bản tại Việt Nam. Thời gian x&eacute;t duyệt visa thường mất từ 5 - 15 ng&agrave;y theo lịch l&agrave;m việc của ĐSQ, LSQ.</p>\r\n\r\n<h3>Bước 3: Nhận kết quả visa</h3>\r\n\r\n<p>Nếu visa được chấp thuận, người th&acirc;n c&oacute; thể đặt v&eacute; m&aacute;y bay v&agrave; chuẩn bị h&agrave;nh l&yacute; để sang Nhật. Trong trường hợp bị từ chối visa, c&aacute;c bạn cần t&igrave;m hiểu l&yacute; do v&agrave; kiểm tra lại hồ sơ thật kỹ để tr&aacute;nh c&aacute;c lỗi v&agrave; xin lại v&agrave;o lần sau.</p>\r\n\r\n<h2>Những lưu &yacute; quan trọng đối với lao động Việt Nam khi bảo l&atilde;nh người th&acirc;n</h2>\r\n\r\n<p>Để tr&aacute;nh những rủi ro kh&ocirc;ng đ&aacute;ng c&oacute; v&agrave; đảm bảo chuyến thăm diễn ra su&ocirc;n sẻ, c&aacute;c bạn cần lưu &yacute;:</p>\r\n\r\n<ul>\r\n\t<li><strong>Đảm bảo giấy tờ đầy đủ, ch&iacute;nh x&aacute;c:</strong>&nbsp;C&aacute;c quy tr&igrave;nh xin visa của Nhật Bản rất chặt chẽ. Nếu c&oacute; sai s&oacute;t trong hồ sơ, khả năng bị từ chối visa l&agrave; rất cao.</li>\r\n\t<li><strong>Chứng minh t&agrave;i ch&iacute;nh hợp l&yacute;:</strong>&nbsp;Người lao động phải đảm bảo mức thu nhập của m&igrave;nh đủ để bảo l&atilde;nh người th&acirc;n, tr&aacute;nh trường hợp bị từ chối visa v&igrave; kh&ocirc;ng đ&aacute;p ứng điều kiện t&agrave;i ch&iacute;nh.</li>\r\n\t<li><strong>L&ecirc;n kế hoạch lưu tr&uacute; r&otilde; r&agrave;ng:</strong>&nbsp;Cần c&oacute; kế hoạch chi tiết về thời gian, địa điểm ở v&agrave; c&aacute;c hoạt động tại Nhật để tăng khả năng được cấp visa.</li>\r\n\t<li><strong>Người th&acirc;n được bảo l&atilde;nh cần đảm bảo bốn kh&ocirc;ng:</strong>&nbsp;Kh&ocirc;ng để người th&acirc;n vi phạm luật ph&aacute;p Nhật Bản, kh&ocirc;ng l&agrave;m việc tr&aacute;i ph&eacute;p dưới bất kỳ h&igrave;nh thức n&agrave;o, kh&ocirc;ng lưu tr&uacute; qu&aacute; thời hạn visa được cấp, kh&ocirc;ng vi phạm quy định nhập cảnh v&agrave; lưu tr&uacute;.</li>\r\n\t<li><strong>Đăng k&yacute; tạm tr&uacute; v&agrave; bảo hiểm y tế (nếu cần):</strong>&nbsp;Nếu người th&acirc;n ở lại Nhật trong thời gian d&agrave;i (tr&ecirc;n 3 th&aacute;ng) sẽ cần đăng k&yacute; tạm tr&uacute; v&agrave; tham gia bảo hiểm y tế theo quy định của địa phương.</li>\r\n</ul>\r\n\r\n<h2>Q&amp;A: C&acirc;u hỏi thường gặp về bảo l&atilde;nh người th&acirc;n sang Nhật</h2>\r\n\r\n<p><em>Q: Người th&acirc;n c&oacute; thể ở lại Nhật bao l&acirc;u?</em></p>\r\n\r\n<p>A: Thời gian lưu tr&uacute; phụ thuộc v&agrave;o loại visa, thường l&agrave; 15 - 90 ng&agrave;y.</p>\r\n\r\n<p><em>Q: C&oacute; thể gia hạn visa thăm th&acirc;n kh&ocirc;ng?</em></p>\r\n\r\n<p>A: Chỉ trong một số trường hợp đặc biệt như bệnh tật hoặc thi&ecirc;n tai, việc gia hạn visa c&oacute; thể được xem x&eacute;t.</p>\r\n\r\n<p><em>Q: Lao động Việt Nam c&oacute; thể bảo l&atilde;nh bao nhi&ecirc;u người c&ugrave;ng l&uacute;c?</em></p>\r\n\r\n<p>A: Người lao động c&oacute; thể bảo l&atilde;nh nhiều người nhưng phải chứng minh đủ t&agrave;i ch&iacute;nh để chi trả cho to&agrave;n bộ người th&acirc;n được mời sang.</p>\r\n\r\n<p>Việc&nbsp;<strong>bảo l&atilde;nh người th&acirc;n sang Nhật</strong>&nbsp;gi&uacute;p người lao động c&oacute; cơ hội đo&agrave;n tụ với gia đ&igrave;nh v&agrave; tạo động lực l&agrave;m việc tốt hơn. Tuy nhi&ecirc;n, quy tr&igrave;nh n&agrave;y đ&ograve;i hỏi nhiều thủ tục v&agrave; cần tu&acirc;n thủ chặt chẽ quy định của ch&iacute;nh phủ Nhật Bản. Nếu bạn đang c&oacute; &yacute; định bảo l&atilde;nh người th&acirc;n sang Nhật, h&atilde;y chuẩn bị kỹ lưỡng v&agrave; tu&acirc;n thủ hướng dẫn trong b&agrave;i viết n&agrave;y để đảm bảo mọi thủ tục diễn ra thuận lợi nh&eacute;.&nbsp;</p>\r\n\r\n<p>Lưu &yacute;: C&aacute;c th&ocirc;ng tin trong b&agrave;i viết chỉ mang t&iacute;nh chất tham khảo, người lao động n&ecirc;n li&ecirc;n hệ trực tiếp với c&aacute;c c&ocirc;ng ty tuyển dụng để được tư vấn v&agrave; hỗ trợ ch&iacute;nh x&aacute;c.</p>	blog/bao-lanh-nguoi-than-sang-nhat-1-medium.jpg.webp	1	t	2025-03-09 20:17:27.486309+07	2025-03-09 20:17:27.486309+07	3	Sau một thời gian làm việc tại Nhật, nhiều người mong muốn bảo lãnh người thân sang thăm để đoàn tụ và trải nghiệm cuộc sống tại đây. Tuy nhiên, để bảo lãnh thành công, bạn cần nắm rõ các thủ tục, điều kiện và những lưu ý quan trọng. Bài viết này sẽ giúp người lao động có được cái nhìn rõ hơn về quá trình bảo lãnh người thân sang nhật, hãy cùng theo dõi.
13	Cách gửi đồ từ Nhật về Việt Nam nhanh chóng, an toàn và tiết kiệm	cach-gui-do-tu-nhat-ve-viet-nam-nhanh-chong-an-toan-va-tiet-kiem	<h2>TOP 5 c&aacute;ch gửi h&agrave;ng từ Nhật về Việt Nam phổ biến nhất</h2>\r\n\r\n<p>Khi c&oacute; nhu cầu gửi h&agrave;ng từ Nhật về Việt Nam, điều quan trọng nhất l&agrave; lựa chọn phương thức ph&ugrave; hợp để đảm bảo thời gian, chi ph&iacute; v&agrave; độ an to&agrave;n. Dưới đ&acirc;y l&agrave; c&aacute;c c&aacute;ch phổ biến m&agrave; người lao động, du học sinh v&agrave; kiều b&agrave;o tại Nhật c&oacute; thể lựa chọn.</p>\r\n\r\n<h3>Gửi qua dịch vụ chuyển ph&aacute;t nhanh quốc tế (DHL, FedEx, UPS,...)</h3>\r\n\r\n<p>Dịch vụ chuyển ph&aacute;t nhanh quốc tế l&agrave; lựa chọn h&agrave;ng đầu cho những ai muốn gửi h&agrave;ng từ Nhật về Việt Nam một c&aacute;ch nhanh ch&oacute;ng v&agrave; an to&agrave;n. C&aacute;c h&atilde;ng vận chuyển lớn như DHL, FedEx, UPS cung cấp nhiều g&oacute;i dịch vụ linh hoạt, gi&uacute;p bạn theo d&otilde;i đơn h&agrave;ng dễ d&agrave;ng v&agrave; đảm bảo h&agrave;ng h&oacute;a đến nơi đ&uacute;ng hẹn. Khi đi&nbsp;<a href="https://sanxuatkhaulaodong.com/xuat-khau-lao-dong-nhat-ban" title="XKLĐ Nhật Bản"><strong>XKLĐ Nhật Bản</strong></a>&nbsp;muốn gửi đồ về nước bạn c&oacute; thể lựa chọn dịch vụ n&agrave;y.</p>\r\n\r\n<p><strong>Ưu điểm:</strong></p>\r\n\r\n<ul>\r\n\t<li>Thời gian giao h&agrave;ng nhanh (từ 3 - 7 ng&agrave;y l&agrave;m việc).</li>\r\n\t<li>Độ an to&agrave;n cao, c&oacute; bảo hiểm h&agrave;ng h&oacute;a.</li>\r\n\t<li>Theo d&otilde;i đơn h&agrave;ng trực tuyến dễ d&agrave;ng.</li>\r\n</ul>\r\n\r\n<p><strong>Nhược điểm:</strong></p>\r\n\r\n<ul>\r\n\t<li>Cước ph&iacute; cao, đặc biệt đối với h&agrave;ng nặng.</li>\r\n\t<li>Một số mặt h&agrave;ng bị hạn chế hoặc y&ecirc;u cầu thủ tục phức tạp.</li>\r\n</ul>\r\n\r\n<p><img alt="Gửi hàng từ Nhật về Việt Nam thông qua các công ty vận chuyển quốc tế như DHL" src="https://sanxuatkhaulaodong.com/upload/2025/03/cach-chuyen-do-tu-nhat-ve-viet-nam-3.jpg" style="height:512px; width:768px" title="Gửi hàng từ Nhật về Việt Nam thông qua các công ty vận chuyển quốc tế như DHL" /></p>\r\n\r\n<p>Gửi h&agrave;ng từ Nhật về Việt Nam th&ocirc;ng qua dịch vụ chuyển h&agrave;nh nhanh quốc tế như DHL</p>\r\n\r\n<h3>Gửi qua dịch vụ vận chuyển h&agrave;ng kh&ocirc;ng</h3>\r\n\r\n<p>Dịch vụ vận chuyển h&agrave;ng kh&ocirc;ng l&agrave; lựa chọn tối ưu cho những ai cần gửi h&agrave;ng từ Nhật về Việt Nam trong thời gian ngắn. H&igrave;nh thức n&agrave;y ph&ugrave; hợp với c&aacute;c mặt h&agrave;ng c&oacute; gi&aacute; trị cao, cần vận chuyển gấp hoặc kh&ocirc;ng thể gửi bằng đường biển do y&ecirc;u cầu bảo quản đặc biệt.</p>\r\n\r\n<p><strong>Ưu điểm:</strong></p>\r\n\r\n<ul>\r\n\t<li>Nhanh hơn so với đường biển, thời gian từ 5 - 10 ng&agrave;y.</li>\r\n\t<li>Ph&ugrave; hợp với h&agrave;ng h&oacute;a c&oacute; gi&aacute; trị cao hoặc cần vận chuyển gấp.</li>\r\n</ul>\r\n\r\n<p><strong>Nhược điểm:</strong></p>\r\n\r\n<ul>\r\n\t<li>Chi ph&iacute; kh&aacute; cao.</li>\r\n\t<li>C&oacute; giới hạn về khối lượng v&agrave; k&iacute;ch thước h&agrave;ng h&oacute;a.</li>\r\n</ul>\r\n\r\n<h3>Gửi qua dịch vụ vận chuyển đường biển</h3>\r\n\r\n<p>Dịch vụ vận chuyển đường biển l&agrave; một lựa chọn tiết kiệm chi ph&iacute; cho những ai muốn gửi h&agrave;ng từ Nhật về Việt Nam với số lượng lớn. H&igrave;nh thức n&agrave;y ph&ugrave; hợp với h&agrave;ng h&oacute;a cồng kềnh, kh&ocirc;ng y&ecirc;u cầu giao gấp v&agrave; gi&uacute;p giảm đ&aacute;ng kể chi ph&iacute; so với vận chuyển bằng đường h&agrave;ng kh&ocirc;ng.</p>\r\n\r\n<p><strong>Ưu điểm:</strong></p>\r\n\r\n<ul>\r\n\t<li>Cước ph&iacute; rẻ hơn nhiều so với đường h&agrave;ng kh&ocirc;ng.</li>\r\n\t<li>Ph&ugrave; hợp với h&agrave;ng h&oacute;a lớn, số lượng nhiều.</li>\r\n</ul>\r\n\r\n<p><strong>Nhược điểm:</strong></p>\r\n\r\n<ul>\r\n\t<li>Thời gian vận chuyển l&acirc;u (từ 20 - 45 ng&agrave;y).</li>\r\n\t<li>Cần c&oacute; kho b&atilde;i để nhận h&agrave;ng tại Việt Nam.</li>\r\n</ul>\r\n\r\n<h3>Gửi qua c&aacute;c c&ocirc;ng ty vận chuyển chuy&ecirc;n tuyến Nhật - Việt</h3>\r\n\r\n<p>C&aacute;c c&ocirc;ng ty vận chuyển chuy&ecirc;n tuyến Nhật - Việt cung cấp dịch vụ trọn g&oacute;i, gi&uacute;p người gửi tiết kiệm thời gian v&agrave; c&ocirc;ng sức. Đ&acirc;y l&agrave; giải ph&aacute;p ph&ugrave; hợp cho người lao động, du học sinh muốn gửi h&agrave;ng với mức chi ph&iacute; hợp l&yacute; v&agrave; c&oacute; hỗ trợ c&aacute;c thủ tục hải quan.</p>\r\n\r\n<p><strong>Ưu điểm:</strong></p>\r\n\r\n<ul>\r\n\t<li>Chi ph&iacute; hợp l&yacute; hơn so với c&aacute;c h&atilde;ng chuyển ph&aacute;t nhanh.</li>\r\n\t<li>Hỗ trợ mua hộ, đ&oacute;ng g&oacute;i v&agrave; l&agrave;m thủ tục hải quan.</li>\r\n\t<li>C&oacute; nhiều g&oacute;i dịch vụ linh hoạt (gửi nhanh, gửi tiết kiệm, gửi theo kiện lớn,...).</li>\r\n</ul>\r\n\r\n<p><strong>Nhược điểm:</strong></p>\r\n\r\n<ul>\r\n\t<li>Thời gian giao h&agrave;ng c&oacute; thể l&acirc;u hơn so với chuyển ph&aacute;t nhanh.</li>\r\n\t<li>Cần chọn đơn vị uy t&iacute;n để tr&aacute;nh mất h&agrave;ng hoặc giao h&agrave;ng trễ.</li>\r\n</ul>\r\n\r\n<h3>Nhờ người th&acirc;n, bạn b&egrave; x&aacute;ch tay</h3>\r\n\r\n<p>H&igrave;nh thức nhờ người th&acirc;n, bạn b&egrave; x&aacute;ch tay l&agrave; c&aacute;ch gửi h&agrave;ng phổ biến đối với những m&oacute;n đồ nhỏ gọn, c&oacute; gi&aacute; trị hoặc kh&oacute; vận chuyển qua c&aacute;c k&ecirc;nh ch&iacute;nh thức. Đ&acirc;y l&agrave; phương &aacute;n tiết kiệm chi ph&iacute; v&agrave; nhanh ch&oacute;ng nếu c&oacute; người sắp về Việt Nam, tuy nhi&ecirc;n đi k&egrave;m với rủi ro h&agrave;ng bị thất lạc hoặc hư hỏng.</p>\r\n\r\n<p><strong>Ưu điểm:</strong></p>\r\n\r\n<ul>\r\n\t<li>Kh&ocirc;ng tốn ph&iacute; vận chuyển hoặc chi ph&iacute; thấp.</li>\r\n\t<li>Thời gian nhanh ch&oacute;ng nếu c&oacute; người về Việt Nam sớm.</li>\r\n</ul>\r\n\r\n<p><strong>Nhược điểm:</strong></p>\r\n\r\n<ul>\r\n\t<li>Chỉ ph&ugrave; hợp với h&agrave;ng nhỏ, nhẹ.</li>\r\n\t<li>Kh&ocirc;ng c&oacute; bảo hiểm h&agrave;ng h&oacute;a, dễ bị thất lạc.</li>\r\n</ul>\r\n\r\n<p><img alt="Nhờ người thân xách tay về nước" src="https://sanxuatkhaulaodong.com/upload/2025/03/cach-chuyen-do-tu-nhat-ve-viet-nam-2.jpg" style="height:512px; width:768px" title="Nhờ người thân xách tay về nước" /></p>\r\n\r\n<p>Nhờ người th&acirc;n x&aacute;ch tay về nước</p>\r\n\r\n<h2>Những lưu &yacute; quan trọng khi gửi h&agrave;ng từ Nhật về Việt Nam</h2>\r\n\r\n<p>Khi gửi h&agrave;ng từ Nhật về Việt Nam, b&ecirc;n cạnh việc lựa chọn phương thức vận chuyển ph&ugrave; hợp, bạn cũng cần ch&uacute; &yacute; đến một số yếu tố quan trọng để đảm bảo h&agrave;ng h&oacute;a được giao đến nơi an to&agrave;n, đ&uacute;ng thời gian v&agrave; kh&ocirc;ng gặp rắc rối với c&aacute;c quy định hải quan. Dưới đ&acirc;y l&agrave; những điểm quan trọng m&agrave; bạn cần lưu &yacute;.</p>\r\n\r\n<h3>Kiểm tra danh s&aacute;ch h&agrave;ng h&oacute;a bị cấm</h3>\r\n\r\n<p>Nhật Bản v&agrave; Việt Nam đều c&oacute; danh mục c&aacute;c mặt h&agrave;ng cấm vận chuyển như:</p>\r\n\r\n<ul>\r\n\t<li>Chất cấm, h&agrave;ng h&oacute;a vi phạm ph&aacute;p luật.</li>\r\n\t<li>Động vật sống, thực phẩm tươi sống.</li>\r\n\t<li>Pin lithium số lượng lớn, chất dễ ch&aacute;y nổ.</li>\r\n</ul>\r\n\r\n<h3>Chọn đơn vị vận chuyển uy t&iacute;n</h3>\r\n\r\n<p>Để đảm bảo h&agrave;ng h&oacute;a được gửi về an to&agrave;n, h&atilde;y tham khảo đ&aacute;nh gi&aacute; của kh&aacute;ch h&agrave;ng trước khi lựa chọn đơn vị vận chuyển.</p>\r\n\r\n<h3>Kiểm tra chi ph&iacute; v&agrave; thời gian giao h&agrave;ng</h3>\r\n\r\n<p>Mỗi phương thức vận chuyển sẽ c&oacute; mức chi ph&iacute; v&agrave; thời gian kh&aacute;c nhau, bạn n&ecirc;n so s&aacute;nh v&agrave; lựa chọn phương &aacute;n ph&ugrave; hợp nhất với nhu cầu của m&igrave;nh.</p>\r\n\r\n<h3>Đ&oacute;ng g&oacute;i h&agrave;ng h&oacute;a cẩn thận</h3>\r\n\r\n<p>Để tr&aacute;nh hư hỏng trong qu&aacute; tr&igrave;nh vận chuyển, h&atilde;y sử dụng th&ugrave;ng carton chắc chắn, bọc chống sốc v&agrave; ghi r&otilde; địa chỉ người nhận.</p>\r\n\r\n<p>Việc gửi h&agrave;ng từ Nhật về Việt Nam kh&ocirc;ng qu&aacute; phức tạp nếu bạn hiểu r&otilde; c&aacute;c phương thức vận chuyển v&agrave; c&oacute; sự chuẩn bị tốt. T&ugrave;y v&agrave;o nhu cầu cụ thể, bạn c&oacute; thể lựa chọn gửi qua chuyển ph&aacute;t nhanh, đường biển, đường h&agrave;ng kh&ocirc;ng hoặc c&aacute;c c&ocirc;ng ty vận chuyển chuy&ecirc;n tuyến. Đừng qu&ecirc;n kiểm tra kỹ quy định về h&agrave;ng h&oacute;a, chi ph&iacute; v&agrave; đ&oacute;ng g&oacute;i cẩn thận để đảm bảo h&agrave;ng đến tay người nhận một c&aacute;ch an to&agrave;n v&agrave; nhanh ch&oacute;ng.</p>	blog/cach-chuyen-do-tu-nhat-ve-viet-nam-1-medium.jpg.webp	1	t	2025-03-09 20:18:16.68563+07	2025-03-09 20:18:16.68563+07	3	Nhu cầu gửi hàng từ Nhật Bản về Việt Nam ngày càng gia tăng, đặc biệt là đối với người lao động đang làm việc tại Nhật. Tuy nhiên, không phải ai cũng biết cách lựa chọn phương thức vận chuyển phù hợp. Bài viết này sẽ giúp bạn hiểu rõ cách gửi đồ từ Nhật về Việt Nam và một số lưu ý quan trọng để đảm bảo hàng hóa đến tay người thân nhanh chóng, an toàn và tiết kiệm nhất.
14	Bí kíp thuê nhà ở Nhật tiết kiệm khi đi xuất khẩu lao động	bi-kip-thue-nha-o-nhat-tiet-kiem-khi-di-xuat-khau-lao-dong	<p>Nhật Bản l&agrave; điểm đến ưu ti&ecirc;n của nhiều lao động Việt Nam bởi nhiều đơn h&agrave;ng hấp dẫn v&agrave; mức thu nhập tốt. Tuy nhi&ecirc;n, chi ph&iacute; sinh hoạt, đặc biệt l&agrave; tiền thu&ecirc; nh&agrave; tại Nhật Bản lại kh&aacute; l&agrave; cao. B&agrave;i viết n&agrave;y sẽ gợi &yacute; c&aacute;c b&iacute; k&iacute;p thu&ecirc; nh&agrave; ở Nhật tiết kiệm nhất. Lưu lại ngay để c&oacute; thể &aacute;p dụng khi đi XKLĐ Nhật Bản nh&eacute;.</p>\r\n\r\n<h2>Hướng dẫn c&aacute;ch t&igrave;m ph&ograve;ng trọ tại Nhật khi đi XKLĐ</h2>\r\n\r\n<p>T&igrave;m kiếm nh&agrave; ở Nhật kh&ocirc;ng phải l&uacute;c n&agrave;o cũng dễ d&agrave;ng, nhất l&agrave; đối với người lao động xuất khẩu chưa th&agrave;nh thạo tiếng Nhật. Dưới đ&acirc;y l&agrave; những c&aacute;ch tốt nhất gi&uacute;p bạn t&igrave;m ph&ograve;ng nhanh ch&oacute;ng v&agrave; hiệu quả.</p>\r\n\r\n<ul>\r\n\t<li><strong>Th&ocirc;ng qua c&aacute;c website tư vấn bất động sản:</strong>&nbsp;Những trang web chuy&ecirc;n cung cấp th&ocirc;ng tin về nh&agrave; ở gi&uacute;p bạn t&igrave;m kiếm căn hộ ph&ugrave; hợp theo khu vực, gi&aacute; cả, v&agrave; c&aacute;c yếu tố kh&aacute;c. Một số trang web bất động sản phổ biến tại Nhật gồm: Homes, Suumo hay Chintai.</li>\r\n\t<li><strong>Dịch vụ m&ocirc;i giới:</strong>&nbsp;Một lựa chọn kh&aacute;c l&agrave; nhờ đến c&aacute;c đại l&yacute; bất động sản tại Nhật. Tuy nhi&ecirc;n, bạn sẽ cần trả th&ecirc;m ph&iacute; dịch vụ cho đơn vị m&ocirc;i giới, thường l&agrave; một th&aacute;ng tiền thu&ecirc;.</li>\r\n</ul>\r\n\r\n<p><img alt="Khi thuê nhà qua môi giới bạn sẽ cần trả phí dịch vụ" src="https://sanxuatkhaulaodong.com/upload/2025/03/thue-nha-o-nhat-2.jpg" style="height:512px; width:768px" title="Khi thuê nhà qua môi giới bạn sẽ cần trả phí dịch vụ" /></p>\r\n\r\n<p>Khi thu&ecirc; nh&agrave; qua m&ocirc;i giới bạn sẽ cần trả ph&iacute; dịch vụ</p>\r\n\r\n<h2>C&aacute;c giấy tờ cần chuẩn bị khi thu&ecirc; nh&agrave; ở Nhật</h2>\r\n\r\n<p>Trước khi thu&ecirc; nh&agrave; ở Nhật, bạn cần chuẩn bị c&aacute;c giấy tờ quan trọng sau:</p>\r\n\r\n<ul>\r\n\t<li><strong>Thẻ cư tr&uacute;:</strong>&nbsp;Đ&acirc;y l&agrave; giấy tờ quan trọng nhất khi sinh sống v&agrave; l&agrave;m việc tại Nhật Bản. Thẻ cư tr&uacute; (在留カード - Zairyuu Kaado) chứa th&ocirc;ng tin c&aacute; nh&acirc;n, loại visa v&agrave; thời hạn lưu tr&uacute; của bạn. Chủ nh&agrave; sẽ y&ecirc;u cầu bản sao thẻ n&agrave;y để đảm bảo bạn c&oacute; quyền hợp ph&aacute;p sinh sống tại Nhật.</li>\r\n\t<li><strong>Hộ chiếu:</strong>&nbsp;L&agrave; giấy tờ t&ugrave;y th&acirc;n quốc tế, hộ chiếu gi&uacute;p x&aacute;c minh danh t&iacute;nh v&agrave; quốc tịch của bạn khi k&yacute; hợp đồng thu&ecirc; nh&agrave;.</li>\r\n\t<li><strong>Giấy chứng minh thu nhập hiện tại:</strong>&nbsp;Chủ nh&agrave; hoặc c&ocirc;ng ty m&ocirc;i giới c&oacute; thể y&ecirc;u cầu bạn cung cấp bảng lương hoặc giấy x&aacute;c nhận thu nhập để đảm bảo bạn c&oacute; đủ khả năng chi trả tiền thu&ecirc; h&agrave;ng th&aacute;ng.</li>\r\n\t<li><strong>Hợp đồng bảo l&atilde;nh từ c&aacute;c c&ocirc;ng ty:</strong>&nbsp;Một số chủ nh&agrave; y&ecirc;u cầu người thu&ecirc; c&oacute; người bảo l&atilde;nh (thường l&agrave; c&ocirc;ng ty tuyển dụng hoặc tổ chức hỗ trợ) để đảm bảo nghĩa vụ thanh to&aacute;n tiền thu&ecirc;.</li>\r\n</ul>\r\n\r\n<p>&gt;&gt;&nbsp; Tham khảo th&ecirc;m:&nbsp;<strong><a href="https://sanxuatkhaulaodong.com/tu-van-tts-nhat-ban/dieu-cam-ky-khi-lam-viec-tai-nhat-b12272.htm">Những điều cấm kỵ khi l&agrave;m việc tại Nhật</a></strong></p>\r\n\r\n<h2>Một số lưu &yacute; khi thu&ecirc; ph&ograve;ng trọ ở Nhật</h2>\r\n\r\n<p>Khi thu&ecirc; nh&agrave; tại Nhật, ngo&agrave;i việc t&igrave;m kiếm một căn hộ ph&ugrave; hợp với gi&aacute; cả hợp l&yacute;, bạn cũng cần lưu &yacute; một số điều quan trọng để tr&aacute;nh c&aacute;c rắc rối kh&ocirc;ng đ&aacute;ng c&oacute;:</p>\r\n\r\n<ul>\r\n\t<li><strong>Khi thu&ecirc; nh&agrave; phải đ&oacute;ng c&aacute;c chi ph&iacute; ban đầu:</strong>&nbsp;Người thu&ecirc; nh&agrave; tại Nhật thường phải chi trả một số khoản ph&iacute; ban đầu như ph&iacute; lễ (tiền cảm ơn chủ nh&agrave;), ph&iacute; đặt cọc (thường từ 1-2 th&aacute;ng tiền nh&agrave;), ph&iacute; m&ocirc;i giới v&agrave; ph&iacute; bảo l&atilde;nh nếu kh&ocirc;ng c&oacute; người bảo l&atilde;nh c&aacute; nh&acirc;n.</li>\r\n\t<li><strong>Đọc kỹ to&agrave;n bộ hợp đồng trước khi k&yacute;:</strong>&nbsp;Hợp đồng thu&ecirc; nh&agrave; ở Nhật thường kh&aacute; chi tiết v&agrave; c&oacute; nhiều điều khoản quan trọng. Bạn cần đọc kỹ, đặc biệt l&agrave; c&aacute;c quy định về tiền đặt cọc, tiền phạt khi hủy hợp đồng sớm v&agrave; c&aacute;c nghĩa vụ kh&aacute;c để tr&aacute;nh những tranh chấp về sau.</li>\r\n\t<li><strong>B&ecirc;n cạnh gi&aacute; cả cũng cần quan t&acirc;m đến c&aacute;c dịch vụ tiện &iacute;ch:</strong>&nbsp;Ngo&agrave;i tiền thu&ecirc; nh&agrave;, bạn cũng cần xem x&eacute;t c&aacute;c chi ph&iacute; kh&aacute;c như tiền điện, nước, internet, ph&iacute; quản l&yacute; chung cư (nếu c&oacute;). Đ&ocirc;i khi, một căn hộ gi&aacute; rẻ nhưng ph&iacute; dịch vụ cao lại kh&ocirc;ng phải l&agrave; lựa chọn tốt nhất.</li>\r\n</ul>\r\n\r\n<p><img alt="Khi thuê nhà ở Nhật, ngoài tiền phòng hàng tháng các bạn có thể phải trả thêm một số chi phí khác như phí lễ, phí đặt cọc" src="https://sanxuatkhaulaodong.com/upload/2025/03/thue-nha-o-nhat-3.jpg" style="height:512px; width:768px" title="Khi thuê nhà ở Nhật, ngoài tiền phòng hàng tháng các bạn có thể phải trả thêm một số chi phí khác như phí lễ, phí đặt cọc" /></p>\r\n\r\n<p>Khi thu&ecirc; nh&agrave; ở Nhật, ngo&agrave;i tiền ph&ograve;ng h&agrave;ng th&aacute;ng c&aacute;c bạn c&oacute; thể phải trả th&ecirc;m một số chi ph&iacute; kh&aacute;c như ph&iacute; lễ, ph&iacute; đặt cọc</p>\r\n\r\n<h2>B&iacute; k&iacute;p tiết kiệm chi ph&iacute; khi thu&ecirc; nh&agrave; ở Nhật</h2>\r\n\r\n<p>Khi thu&ecirc; nh&agrave; tại Nhật, chi ph&iacute; c&oacute; thể chiếm một phần lớn trong thu nhập h&agrave;ng th&aacute;ng của bạn. Tuy nhi&ecirc;n, nếu biết c&aacute;ch t&igrave;m kiếm v&agrave; tận dụng một số mẹo nhỏ, bạn c&oacute; thể giảm đ&aacute;ng kể số tiền phải chi trả. Dưới đ&acirc;y l&agrave; những c&aacute;ch gi&uacute;p bạn tiết kiệm tối đa khi thu&ecirc; ph&ograve;ng trọ ở Nhật:</p>\r\n\r\n<h3>Ở k&yacute; t&uacute;c x&aacute;</h3>\r\n\r\n<p>Nếu c&ocirc;ng ty cung cấp k&yacute; t&uacute;c x&aacute;, h&atilde;y ở đ&oacute; v&igrave; chi ph&iacute; thường rẻ hơn so với việc thu&ecirc; nh&agrave; b&ecirc;n ngo&agrave;i. K&yacute; t&uacute;c x&aacute; thường bao gồm c&aacute;c tiện &iacute;ch như điện, nước, gas, gi&uacute;p tiết kiệm th&ecirc;m chi ph&iacute; sinh hoạt. Ngo&agrave;i ra, sinh hoạt trong k&yacute; t&uacute;c x&aacute; gi&uacute;p bạn dễ d&agrave;ng giao lưu, học hỏi kinh nghiệm từ đồng nghiệp, đặc biệt l&agrave; những người đ&atilde; c&oacute; kinh nghiệm sống tại Nhật.</p>\r\n\r\n<h3>Chọn địa điểm ph&ugrave; hợp</h3>\r\n\r\n<p>Nh&agrave; gần ga t&agrave;u điện ngầm thường thuận tiện đi lại nhưng gi&aacute; cả lại cao. H&atilde;y chọn khu vực gần ga nhưng kh&ocirc;ng qu&aacute; s&aacute;t để c&oacute; gi&aacute; thu&ecirc; hợp l&yacute;. Ngo&agrave;i ra, tr&aacute;nh c&aacute;c khu trung t&acirc;m v&igrave; gi&aacute; nh&agrave; ở đ&oacute; thường đắt đỏ.</p>\r\n\r\n<h3>Thương lượng gi&aacute; với chủ cho thu&ecirc;</h3>\r\n\r\n<p>Một số chủ nh&agrave; sẵn s&agrave;ng giảm gi&aacute; hoặc hỗ trợ một phần chi ph&iacute; ban đầu nếu bạn biết thương lượng. Đặc biệt, nếu thu&ecirc; d&agrave;i hạn, bạn c&oacute; thể đ&agrave;m ph&aacute;n mức gi&aacute; tốt hơn.</p>\r\n\r\n<h3>Ưu ti&ecirc;n c&aacute;c căn hộ kh&ocirc;ng phải đ&oacute;ng ph&iacute; lễ hoặc giảm ph&iacute; đặt cọc</h3>\r\n\r\n<p>Nhiều chủ nh&agrave; tại Nhật kh&ocirc;ng y&ecirc;u cầu ph&iacute; lễ hoặc giảm ph&iacute; đặt cọc để thu h&uacute;t người thu&ecirc;. H&atilde;y ưu ti&ecirc;n t&igrave;m kiếm những căn hộ n&agrave;y để tiết kiệm chi ph&iacute;.</p>\r\n\r\n<p>Việc thu&ecirc; nh&agrave; ở Nhật đ&ograve;i hỏi bạn phải t&igrave;m hiểu kỹ lưỡng v&agrave; chuẩn bị kỹ c&agrave;ng. Bằng c&aacute;ch t&igrave;m kiếm hợp l&yacute; v&agrave; &aacute;p dụng những b&iacute; k&iacute;p tiết kiệm, bạn sẽ giảm được rất nhiều chi ph&iacute; khi sinh sống tại Nhật.&nbsp;</p>\r\n\r\n<p>Ngo&agrave;i ra, c&aacute;c bạn c&oacute; thể truy cập ngay&nbsp;<strong><a href="https://sanxuatkhaulaodong.com/">S&agrave;n xuất khẩu lao động. Com</a></strong>&nbsp;để tham khảo những th&ocirc;ng tin li&ecirc;n quan cũng như cập nhật c&aacute;c&nbsp;<strong><a href="https://sanxuatkhaulaodong.com/xuat-khau-lao-dong-nhat-ban">đơn h&agrave;ng xuất khẩu lao động Nhật Bản</a></strong>&nbsp;mới nhất.</p>\r\n\r\n<p>Lưu &yacute;: C&aacute;c th&ocirc;ng tin trong b&agrave;i viết chỉ mang t&iacute;nh chất tham khảo, người lao động n&ecirc;n li&ecirc;n hệ trực tiếp với c&aacute;c c&ocirc;ng ty tuyển dụng để được tư vấn v&agrave; hỗ trợ ch&iacute;nh x&aacute;c.&nbsp;</p>	blog/thue-nha-o-nhat-1-medium.jpg.webp	1	t	2025-03-09 20:19:19.379646+07	2025-03-09 20:19:19.379646+07	3	Nhật Bản là điểm đến ưu tiên của nhiều lao động Việt Nam bởi nhiều đơn hàng hấp dẫn và mức thu nhập tốt. Tuy nhiên, chi phí sinh hoạt, đặc biệt là tiền thuê nhà tại Nhật Bản lại khá là cao. Bài viết này sẽ gợi ý các bí kíp thuê nhà ở Nhật tiết kiệm nhất. Lưu lại ngay để có thể áp dụng khi đi XKLĐ Nhật Bản nhé.
15	11+ Ngành Nghề Xuất Khẩu Lao Động Nhật Bản Tiềm Năng Nhất 2025	11-nganh-nghe-xuat-khau-lao-dong-nhat-ban-tiem-nang-nhat-2025	<p>Xuất khẩu lao động Nhật Bản tiếp tục l&agrave; xu hướng thu h&uacute;t người lao động Việt Nam trong năm 2025. Nhật Bản cần lượng lao động lớn trong nhiều lĩnh vực, tạo ra cơ hội với mức lương hấp dẫn. H&atilde;y c&ugrave;ng t&igrave;m hiểu top 11+ ng&agrave;nh nghề xuất khẩu lao động Nhật Bản được đ&aacute;nh gi&aacute; cao nhất 2025 ngay dưới đ&acirc;y.</p>\r\n\r\n<h2>Ng&agrave;nh cơ kh&iacute;</h2>\r\n\r\n<p>Cơ kh&iacute; l&agrave; một trong những ng&agrave;nh quan trọng của nền c&ocirc;ng nghiệp Nhật Bản, đ&ograve;i hỏi nguồn lao động c&oacute; tay nghề v&agrave; kỹ năng vận h&agrave;nh m&aacute;y m&oacute;c ch&iacute;nh x&aacute;c. Đ&acirc;y l&agrave; cơ hội tốt cho những ai c&oacute; kinh nghiệm hoặc mong muốn học hỏi trong m&ocirc;i trường l&agrave;m việc hiện đại.</p>\r\n\r\n<p>C&ocirc;ng việc ch&iacute;nh:</p>\r\n\r\n<ul>\r\n\t<li>H&agrave;n, tiện, phay, gia c&ocirc;ng kim loại.</li>\r\n\t<li>Lắp r&aacute;p linh kiện cơ kh&iacute;, bảo tr&igrave;, sửa chữa m&aacute;y m&oacute;c.</li>\r\n\t<li>Vận h&agrave;nh m&aacute;y CNC, m&aacute;y cắt gọt kim loại.</li>\r\n</ul>\r\n\r\n<p>Đặc th&ugrave; ng&agrave;nh:</p>\r\n\r\n<ul>\r\n\t<li>Y&ecirc;u cầu c&oacute; tay nghề hoặc được đ&agrave;o tạo trước khi l&agrave;m việc.</li>\r\n\t<li>L&agrave;m việc trong nh&agrave; xưởng, c&oacute; hỗ trợ m&aacute;y m&oacute;c, c&ocirc;ng nghệ hiện đại.</li>\r\n</ul>\r\n\r\n<p>&gt;&gt; Xem chi tiết:&nbsp;<a href="https://sanxuatkhaulaodong.com/tin-tuc/xuat-khau-lao-dong-nhat-ban-nganh-co-khi-b12447.htm">Xuất khẩu lao động Nhật Bản ng&agrave;nh cơ kh&iacute;</a></p>\r\n\r\n<p><img alt="Lao động làm việc trong các nhà xưởng cơ khí" src="https://sanxuatkhaulaodong.com/upload/2025/03/nganh-nghe-xkld-nhat-ban-2.jpg" style="height:512px; width:768px" title="Lao động làm việc trong các nhà xưởng cơ khí" /></p>\r\n\r\n<p>Lao động l&agrave;m việc trong c&aacute;c nh&agrave; xưởng cơ kh&iacute;</p>\r\n\r\n<h2>Ng&agrave;nh chế biến thủy sản</h2>\r\n\r\n<p>Ng&agrave;nh chế biến thủy sản tại Nhật Bản lu&ocirc;n c&oacute; nhu cầu cao về lao động do đặc th&ugrave; xuất khẩu mạnh mẽ. Người lao động trong ng&agrave;nh n&agrave;y chủ yếu l&agrave;m việc trong nh&agrave; m&aacute;y, m&ocirc;i trường ổn định v&agrave; c&oacute; nhiều cơ hội tăng ca.</p>\r\n\r\n<p>C&ocirc;ng việc ch&iacute;nh:</p>\r\n\r\n<ul>\r\n\t<li>Sơ chế, ph&acirc;n loại, chế biến thủy sản đ&ocirc;ng lạnh.</li>\r\n\t<li>Đ&oacute;ng g&oacute;i, kiểm tra chất lượng sản phẩm.</li>\r\n\t<li>L&agrave;m việc trong m&ocirc;i trường lạnh để bảo quản nguy&ecirc;n liệu.</li>\r\n</ul>\r\n\r\n<p>Đặc th&ugrave; ng&agrave;nh:</p>\r\n\r\n<ul>\r\n\t<li>C&ocirc;ng việc kh&ocirc;ng y&ecirc;u cầu tay nghề cao, ph&ugrave; hợp với lao động phổ th&ocirc;ng.</li>\r\n\t<li>L&agrave;m việc trong nh&agrave; m&aacute;y, đảm bảo an to&agrave;n vệ sinh thực phẩm.</li>\r\n</ul>\r\n\r\n<p>&gt;&gt; Xem th&ecirc;m:&nbsp;<a href="https://sanxuatkhaulaodong.com/tin-tuc/xkld-nhat-ban-nganh-che-bien-thuy-san-b12624.htm">Xuất khẩu lao động Nhật Bản ng&agrave;nh chế biến thủy sản</a></p>\r\n\r\n<h2>Ng&agrave;nh x&acirc;y dựng</h2>\r\n\r\n<p>Nhật Bản đang đẩy mạnh ph&aacute;t triển cơ sở hạ tầng, k&eacute;o theo nhu cầu lớn về lao động trong ng&agrave;nh x&acirc;y dựng. Đ&acirc;y l&agrave; cơ hội việc l&agrave;m tốt cho lao động c&oacute; sức khỏe v&agrave; mong muốn c&oacute; mức lương cao.</p>\r\n\r\n<p>C&ocirc;ng việc ch&iacute;nh:</p>\r\n\r\n<ul>\r\n\t<li>L&aacute;t gạch, lắp đặt hệ thống điện, l&agrave;m gi&agrave;n gi&aacute;o.</li>\r\n\t<li>Thi c&ocirc;ng b&ecirc; t&ocirc;ng, cốt th&eacute;p, x&acirc;y dựng c&ocirc;ng tr&igrave;nh d&acirc;n dụng.</li>\r\n\t<li>Bảo tr&igrave;, sửa chữa cơ sở hạ tầng.</li>\r\n</ul>\r\n\r\n<p>Đặc th&ugrave; ng&agrave;nh:</p>\r\n\r\n<ul>\r\n\t<li>Chủ yếu tuyển dụng nam giới c&oacute; sức khỏe tốt.</li>\r\n\t<li>M&ocirc;i trường l&agrave;m việc đa số ngo&agrave;i trời (trong c&aacute;c c&ocirc;ng trường x&acirc;y dựng).</li>\r\n</ul>\r\n\r\n<p>&gt;&gt;&nbsp; Xem ngay:&nbsp;<a href="https://sanxuatkhaulaodong.com/tin-tuc/xkld-nhat-ban-nganh-xay-dung-2025-b12635.htm">A-z về XKLĐ Nhật bản ng&agrave;nh x&acirc;y dựng 2025</a></p>\r\n\r\n<p><img alt="Môi trường làm việc của ngành xây dựng chủ yếu là ngoài trời" src="https://sanxuatkhaulaodong.com/upload/2025/03/nganh-nghe-xkld-nhat-ban-3.jpg" style="height:512px; width:768px" title="Môi trường làm việc của ngành xây dựng chủ yếu là ngoài trời" /></p>\r\n\r\n<p>M&ocirc;i trường l&agrave;m việc của ng&agrave;nh x&acirc;y dựng chủ yếu l&agrave; ngo&agrave;i trời</p>\r\n\r\n<h2>Ng&agrave;nh chế biến thực phẩm</h2>\r\n\r\n<p>Chế biến thực phẩm l&agrave; một trong những ng&agrave;nh nghề xuất khẩu lao động Nhật Bản được nhiều lao động Việt Nam lựa chọn. C&ocirc;ng việc chủ yếu li&ecirc;n quan đến sản xuất v&agrave; đ&oacute;ng g&oacute;i, ph&ugrave; hợp với cả nam v&agrave; nữ.</p>\r\n\r\n<p>C&ocirc;ng việc ch&iacute;nh:</p>\r\n\r\n<ul>\r\n\t<li>Sản xuất, đ&oacute;ng g&oacute;i, kiểm tra chất lượng thực phẩm.</li>\r\n\t<li>Chế biến cơm hộp, b&aacute;nh kẹo, thực phẩm đ&oacute;ng g&oacute;i sẵn.</li>\r\n\t<li>Vận h&agrave;nh d&acirc;y chuyền sản xuất thực phẩm.</li>\r\n</ul>\r\n\r\n<p>Đặc th&ugrave; ng&agrave;nh:</p>\r\n\r\n<ul>\r\n\t<li>M&ocirc;i trường l&agrave;m việc trong nh&agrave; m&aacute;y sạch sẽ, đảm bảo an to&agrave;n vệ sinh.</li>\r\n\t<li>Kh&ocirc;ng y&ecirc;u cầu cao về tr&igrave;nh độ, kinh nghiệm, ph&ugrave; hợp với lao động nữ.</li>\r\n</ul>\r\n\r\n<p>&gt;&gt; Xem th&ecirc;m:&nbsp;<a href="https://sanxuatkhaulaodong.com/tin-tuc/xkld-nhat-ban-nganh-che-bien-thuc-pham-b12645.htm">XKLĐ Nhật Bản Ng&agrave;nh Chế Biến Thực Phẩm</a></p>\r\n\r\n<h2>Ng&agrave;nh n&ocirc;ng nghiệp</h2>\r\n\r\n<p>Nhật Bản c&oacute; nền n&ocirc;ng nghiệp ph&aacute;t triển hiện đại với c&ocirc;ng nghệ ti&ecirc;n tiến. Người lao động l&agrave;m việc trong lĩnh vực n&agrave;y sẽ được tiếp cận với kỹ thuật trồng trọt v&agrave; chăn nu&ocirc;i theo ti&ecirc;u chuẩn cao, mang lại trải nghiệm v&agrave; thu nhập ổn định.</p>\r\n\r\n<p>C&ocirc;ng việc ch&iacute;nh:</p>\r\n\r\n<ul>\r\n\t<li>Trồng rau, hoa quả theo c&ocirc;ng nghệ Nhật Bản.</li>\r\n\t<li>Chăn nu&ocirc;i b&ograve; sữa, gia cầm, thu hoạch n&ocirc;ng sản.</li>\r\n\t<li>Sử dụng m&aacute;y m&oacute;c hỗ trợ sản xuất n&ocirc;ng nghiệp.</li>\r\n</ul>\r\n\r\n<p>Đặc th&ugrave; ng&agrave;nh:</p>\r\n\r\n<ul>\r\n\t<li>T&iacute;nh chất c&ocirc;ng việc nặng nhọc, đ&ograve;i hỏi người lao động c&oacute; sức khỏe tốt v&agrave; c&oacute; khả năng th&iacute;ch nghi với m&ocirc;i trường l&agrave;m việc ngo&agrave;i trời.</li>\r\n</ul>\r\n\r\n<p>&gt;&gt; T&igrave;m hiểu th&ecirc;m về:&nbsp;<a href="https://sanxuatkhaulaodong.com/tin-tuc/xkld-nhat-ban-nganh-nong-nghiep-b12666.htm">Xuất khẩu lao động Nhật Bản ng&agrave;nh n&ocirc;ng nghiệp</a></p>\r\n\r\n<h2>Ng&agrave;nh c&ocirc;ng nghệ th&ocirc;ng tin</h2>\r\n\r\n<p>Ng&agrave;nh c&ocirc;ng nghệ th&ocirc;ng tin tại Nhật Bản l&agrave; một trong những ng&agrave;nh c&oacute; mức thu nhập cao nhất hiện nay. Lao động Việt Nam c&oacute; kinh nghiệm v&agrave; tr&igrave;nh độ ngoại ngữ tốt c&oacute; thể ứng tuyển v&agrave;o c&aacute;c c&ocirc;ng ty lớn với mức lương hấp dẫn.</p>\r\n\r\n<p>C&ocirc;ng việc ch&iacute;nh:</p>\r\n\r\n<ul>\r\n\t<li>Lập tr&igrave;nh vi&ecirc;n phần mềm, kỹ sư hệ thống.</li>\r\n\t<li>Quản trị mạng, bảo mật th&ocirc;ng tin.</li>\r\n\t<li>Ph&aacute;t triển ứng dụng, phần mềm doanh nghiệp.</li>\r\n</ul>\r\n\r\n<p>Đặc th&ugrave; ng&agrave;nh:</p>\r\n\r\n<ul>\r\n\t<li>Y&ecirc;u cầu tr&igrave;nh độ chuy&ecirc;n m&ocirc;n cao, kỹ năng lập tr&igrave;nh.</li>\r\n\t<li>L&agrave;m việc trong văn ph&ograve;ng, m&ocirc;i trường hiện đại.</li>\r\n</ul>\r\n\r\n<p><img alt="Công nghệ thông tin là một trong những ngành nghề có mức thu nhập khá cao" src="https://sanxuatkhaulaodong.com/upload/2025/03/nganh-nghe-xkld-nhat-ban-4.jpg" style="height:512px; width:768px" title="Công nghệ thông tin là một trong những ngành nghề có mức thu nhập khá cao" /></p>\r\n\r\n<p>C&ocirc;ng nghệ th&ocirc;ng tin l&agrave; một trong những ng&agrave;nh nghề c&oacute; mức thu nhập kh&aacute; cao</p>\r\n\r\n<h2>Ng&agrave;nh dệt may</h2>\r\n\r\n<p>Nhật Bản c&oacute; nhu cầu lớn về lao động trong ng&agrave;nh dệt may, đặc biệt l&agrave; từ c&aacute;c nước Đ&ocirc;ng Nam &Aacute;. C&ocirc;ng việc chủ yếu l&agrave; vận h&agrave;nh m&aacute;y m&oacute;c v&agrave; sản xuất quần &aacute;o, ph&ugrave; hợp với lao động nữ.</p>\r\n\r\n<p>C&ocirc;ng việc ch&iacute;nh:</p>\r\n\r\n<ul>\r\n\t<li>May, cắt, kiểm tra chất lượng sản phẩm may mặc, thời trang.</li>\r\n\t<li>Vận h&agrave;nh m&aacute;y may c&ocirc;ng nghiệp.</li>\r\n\t<li>L&agrave;m việc trong d&acirc;y chuyền sản xuất sản phẩm may mặc, thời trang</li>\r\n</ul>\r\n\r\n<p>Đặc th&ugrave; ng&agrave;nh:</p>\r\n\r\n<ul>\r\n\t<li>C&ocirc;ng việc nhẹ nh&agrave;ng, ph&ugrave; hợp với lao động nữ.</li>\r\n\t<li>L&agrave;m việc trong nh&agrave; xưởng may mặc, nhiều đơn h&agrave;ng c&oacute; hỗ trợ ăn ở.</li>\r\n</ul>\r\n\r\n<p>&gt;&gt; Xem chi tiết:&nbsp;<a href="https://sanxuatkhaulaodong.com/tin-tuc/xkld-nhat-ban-nganh-may-mac-b12662.htm">XKLĐ Nhật Bản ng&agrave;nh may mặc</a></p>\r\n\r\n<h2>Ng&agrave;nh điều dưỡng, hộ l&yacute;</h2>\r\n\r\n<p>Nhật Bản c&oacute; d&acirc;n số gi&agrave; h&oacute;a nhanh ch&oacute;ng, l&agrave;m gia tăng nhu cầu tuyển dụng điều dưỡng v&agrave; hộ l&yacute;. C&ocirc;ng việc n&agrave;y mang lại cho người lao động nhập cư mức thu nhập tốt v&agrave; c&oacute; cơ hội định cư l&acirc;u d&agrave;i.</p>\r\n\r\n<p>C&ocirc;ng việc ch&iacute;nh của hộ l&yacute;, điều dưỡng vi&ecirc;n:</p>\r\n\r\n<ul>\r\n\t<li>Chăm s&oacute;c sức khỏe, hỗ trợ sinh hoạt cho người gi&agrave;, bệnh nh&acirc;n trong c&aacute;c bệnh viện, trung t&acirc;m chăm s&oacute;c sức khỏe.</li>\r\n\t<li>Theo d&otilde;i t&igrave;nh trạng sức khỏe người bệnh, b&aacute;o c&aacute;o h&agrave;ng ng&agrave;y với b&aacute;c sĩ điều trị trực tiếp.</li>\r\n</ul>\r\n\r\n<p>Đặc th&ugrave; ng&agrave;nh:</p>\r\n\r\n<ul>\r\n\t<li>Y&ecirc;u cầu c&oacute; chứng chỉ nghề điều dưỡng, giao tiếp tiếng Nhật tốt.</li>\r\n\t<li>Hộ l&yacute;, điều dưỡng vi&ecirc;n c&oacute; thể phải l&agrave;m việc theo ca ng&agrave;y/đ&ecirc;m.</li>\r\n</ul>\r\n\r\n<p>&gt;&gt; Xem chi tiết:&nbsp;<a href="https://sanxuatkhaulaodong.com/tin-tuc/xkld-nhat-ban-nganh-dieu-duong-b12718.htm">XKLĐ Nhật Bản Ng&agrave;nh Điều Dưỡng</a></p>\r\n\r\n<h2>Ng&agrave;nh lắp r&aacute;p điện tử</h2>\r\n\r\n<p>Ng&agrave;nh c&ocirc;ng nghiệp điện tử Nhật Bản ph&aacute;t triển mạnh, k&eacute;o theo nhu cầu tuyển dụng lao động nước ngo&agrave;i. C&ocirc;ng việc n&agrave;y y&ecirc;u cầu người lao động c&oacute; sự tỉ mỉ v&agrave; ki&ecirc;n nhẫn cao hơn so với một số ng&agrave;nh nghề kh&aacute;c.</p>\r\n\r\n<p>C&ocirc;ng việc ch&iacute;nh:</p>\r\n\r\n<ul>\r\n\t<li>Lắp r&aacute;p linh kiện điện tử, kiểm tra chất lượng sản phẩm điện tử .</li>\r\n\t<li>Vận h&agrave;nh m&aacute;y sản xuất linh kiện điện tử.</li>\r\n</ul>\r\n\r\n<p>Đặc th&ugrave; ng&agrave;nh:</p>\r\n\r\n<ul>\r\n\t<li>C&ocirc;ng việc nhẹ nh&agrave;ng, m&ocirc;i trường c&ocirc;ng xưởng chuy&ecirc;n nghiệp, ph&ugrave; hợp với cả nam v&agrave; nữ.</li>\r\n\t<li>L&agrave;m việc theo d&acirc;y chuyền sản xuất trong c&aacute;c nh&agrave; m&aacute;y điện tử.</li>\r\n</ul>\r\n\r\n<h2>Ng&agrave;nh đ&oacute;ng g&oacute;i sản phẩm</h2>\r\n\r\n<p>Đ&acirc;y l&agrave; c&ocirc;ng việc phổ biến trong c&aacute;c nh&agrave; m&aacute;y tại Nhật Bản, kh&ocirc;ng y&ecirc;u cầu tay nghề cao, ph&ugrave; hợp với lao động phổ th&ocirc;ng.</p>\r\n\r\n<p>C&ocirc;ng việc ch&iacute;nh:</p>\r\n\r\n<ul>\r\n\t<li>Đ&oacute;ng g&oacute;i, d&aacute;n tem, kiểm tra sản phẩm trước khi xuất xưởng.</li>\r\n\t<li>Sắp xếp, vận chuyển h&agrave;ng h&oacute;a trong kho.</li>\r\n\t<li>Đảm bảo quy tr&igrave;nh đ&oacute;ng g&oacute;i theo ti&ecirc;u chuẩn Nhật Bản.</li>\r\n</ul>\r\n\r\n<p>Đặc th&ugrave; ng&agrave;nh:</p>\r\n\r\n<ul>\r\n\t<li>C&ocirc;ng việc nhẹ nh&agrave;ng, kh&ocirc;ng y&ecirc;u cầu tay nghề cao.</li>\r\n\t<li>Ph&ugrave; hợp với lao động phổ th&ocirc;ng.</li>\r\n</ul>\r\n\r\n<h2>Ng&agrave;nh vệ sinh v&agrave; dọn dẹp t&ograve;a nh&agrave;</h2>\r\n\r\n<p>Ng&agrave;nh vệ sinh v&agrave; dọn dẹp tại Nhật Bản c&oacute; nhu cầu lớn, đặc biệt trong kh&aacute;ch sạn, nh&agrave; h&agrave;ng, bệnh viện v&agrave; c&aacute;c cơ sở c&ocirc;ng cộng.</p>\r\n\r\n<p>C&ocirc;ng việc ch&iacute;nh:</p>\r\n\r\n<ul>\r\n\t<li>Lau dọn kh&aacute;ch sạn, nh&agrave; h&agrave;ng, văn ph&ograve;ng.</li>\r\n\t<li>Thu gom, xử l&yacute; r&aacute;c thải.</li>\r\n\t<li>Vệ sinh thiết bị, c&ocirc;ng tr&igrave;nh c&ocirc;ng cộng.</li>\r\n</ul>\r\n\r\n<p>Đặc th&ugrave; ng&agrave;nh:</p>\r\n\r\n<ul>\r\n\t<li>C&ocirc;ng việc đơn giản, kh&ocirc;ng y&ecirc;u cầu kinh nghiệm.</li>\r\n\t<li>L&agrave;m việc theo ca, c&oacute; hỗ trợ chỗ ở.</li>\r\n</ul>\r\n\r\n<h2>Ng&agrave;nh sản xuất &ocirc; t&ocirc;</h2>\r\n\r\n<p>Nhật Bản l&agrave; một trong những quốc gia đi đầu về sản xuất &ocirc; t&ocirc;. Lao động Việt Nam c&oacute; thể tham gia lắp r&aacute;p, kiểm tra chất lượng v&agrave; vận h&agrave;nh m&aacute;y m&oacute;c sản xuất &ocirc; t&ocirc;.</p>\r\n\r\n<p>C&ocirc;ng việc ch&iacute;nh:</p>\r\n\r\n<ul>\r\n\t<li>Lắp r&aacute;p linh kiện, kiểm tra chất lượng xe &ocirc; t&ocirc;.</li>\r\n\t<li>Vận h&agrave;nh m&aacute;y m&oacute;c sản xuất phụ t&ugrave;ng &ocirc; t&ocirc;.</li>\r\n\t<li>Kiểm tra kỹ thuật, bảo dưỡng xe.</li>\r\n</ul>\r\n\r\n<p>Đặc th&ugrave; ng&agrave;nh:</p>\r\n\r\n<ul>\r\n\t<li>Y&ecirc;u cầu c&oacute; tay nghề, l&agrave;m việc trong m&ocirc;i trường hiện đại.</li>\r\n\t<li>C&ocirc;ng việc c&oacute; mức thu nhập cao, nhiều cơ hội ph&aacute;t triển.</li>\r\n</ul>\r\n\r\n<p>&gt;&gt;&nbsp;&nbsp;<a href="https://sanxuatkhaulaodong.com/tin-tuc/xkld-nhat-ban-nganh-san-xuat-o-to-b12710.htm">C&oacute; n&ecirc;n đi XKLĐ Nhật Bản ng&agrave;nh sản xuất &ocirc; t&ocirc; kh&ocirc;ng?</a></p>\r\n\r\n<p>Tr&ecirc;n đ&acirc;y l&agrave; top những&nbsp;<strong>ng&agrave;nh nghề xuất khẩu lao động Nhật Bản</strong>&nbsp;năm 2025 mở ra nhiều cơ hội việc l&agrave;m hấp dẫn với mức thu nhập cao cho người lao động Việt Nam. T&ugrave;y theo khả năng, sức khỏe v&agrave; tr&igrave;nh độ, người lao động c&oacute; thể lựa chọn ng&agrave;nh nghề ph&ugrave; hợp để ph&aacute;t triển sự nghiệp v&agrave; cải thiện đời sống.&nbsp;</p>\r\n\r\n<p>Để kh&ocirc;ng bỏ lỡ cơ hội, c&aacute;c bạn c&oacute; thể cập nhật c&aacute;c&nbsp;<a href="https://sanxuatkhaulaodong.com/xuat-khau-lao-dong-nhat-ban" title="Đơn hàng xuất khẩu lao động Nhật Bản"><strong>đơn h&agrave;ng xuất khẩu lao động Nhật Bản</strong></a>&nbsp;mới nhất tại S&agrave;n xuất khẩu lao động .com&nbsp;</p>	blog/nganh-nghe-xkld-nhat-ban-1-medium.jpg.webp	1	t	2025-03-09 20:20:12.457646+07	2025-03-09 20:20:12.457646+07	3	Xuất khẩu lao động Nhật Bản tiếp tục là xu hướng thu hút người lao động Việt Nam trong năm 2025. Nhật Bản cần lượng lao động lớn trong nhiều lĩnh vực, tạo ra cơ hội với mức lương hấp dẫn. Hãy cùng tìm hiểu top 11+ ngành nghề xuất khẩu lao động Nhật Bản được đánh giá cao nhất 2025 ngay dưới đây.
17	NĂM CHÂU IMS - Mời hợp tác mở chi nhánh trên Toàn Quốc.	nam-chau-ims-moi-hop-tac-mo-chi-nhanh-tren-toan-quoc	<p>C&ocirc;ng ty Cổ Phần Đầu Tư v&agrave; Cung Ứng Nh&acirc;n Lực Năm Ch&acirc;u (NAM CHAU IMS) l&agrave; doanh nghiệp hoạt động trong lĩnh vực đưa người Việt Nam đi l&agrave;m việc c&oacute; thời hạn ở nước ngo&agrave;i, doanh nghiệp đ&atilde; được Bộ Lao Động Thương Binh v&agrave; X&atilde; Hội cấp giấy ph&eacute;p.</p>\r\n\r\n<p><img src="https://sanxuatkhaulaodong.com/upload/2025/01/nam-chau-ims-thu-moi-hop-tac-large.jpg" style="height:419px; width:800px" /></p>\r\n\r\n<p><em>C&ocirc;ng ty Cổ Phần Đầu Tư v&agrave; Cung Ứng Nh&acirc;n Lực Năm Ch&acirc;u.</em></p>\r\n\r\n<p>Nhằm ph&aacute;t triển mở rộng hệ thống chi nh&aacute;nh khắp c&aacute;c tỉnh th&agrave;nh, Năm Ch&acirc;u IMS triển khai chương tr&igrave;nh x&acirc;y dựng hệ thống văn ph&ograve;ng tuyển sinh xuất khẩu lao động v&agrave; du học tr&ecirc;n to&agrave;n quốc với mục ti&ecirc;u.</p>\r\n\r\n<ul>\r\n\t<li>Giới thiệu với người lao động đơn vị xuất khẩu lao động v&agrave; du học uy t&iacute;n, hợp ph&aacute;p.</li>\r\n\t<li>Gi&uacute;p người lao động v&agrave; du học sinh tiếp cận trực tiếp đơn vị ph&aacute;i cử m&agrave; kh&ocirc;ng phải qua c&aacute;c bước trung gian.</li>\r\n\t<li>Giảm chi ph&iacute; cho người lao động v&agrave; du học sinh.</li>\r\n</ul>\r\n\r\n<p>Ch&uacute;ng t&ocirc;i cần hợp t&aacute;c với c&aacute;c đối t&aacute;c c&oacute; năng lực chuy&ecirc;n m&ocirc;n, nghiệp vụ, c&oacute; mong muốn cống hiến l&acirc;u d&agrave;i v&agrave; đặc biệt y&ecirc;u th&iacute;ch lĩnh vực tư vấn xuất khẩu lao động v&agrave; du học c&ugrave;ng hợp t&aacute;c với c&ocirc;ng ty trong định h&igrave;nh ch&iacute;nh s&aacute;ch ph&aacute;t triển.</p>\r\n\r\n<p><img alt="" src="https://sanxuatkhaulaodong.com/upload/2024/07/nc2-large.jpg" style="height:534px; width:800px" /></p>\r\n\r\n<p><em>Chi nh&aacute;nh Năm Ch&acirc;u IMS tại Hải Ph&ograve;ng.</em></p>\r\n\r\n<p><strong>Quyền lợi của đối t&aacute;c.</strong></p>\r\n\r\n<ul>\r\n\t<li>100 % văn ph&ograve;ng đối t&aacute;c được hỗ trợ hồ sơ ph&aacute;p l&yacute; để mở văn ph&ograve;ng tư vấn.</li>\r\n\t<li>100% tiếp cận trực tiếp kho đơn h&agrave;ng của Năm Ch&acirc;u IMS trong triển khai tuyển dụng.</li>\r\n\t<li><strong>Lướng cứng + Thưởng doanh số xuất cảnh + Thưởng sau bay.</strong></li>\r\n\t<li>C&ocirc;ng ty thường xuy&ecirc;n tổ chức đ&agrave;o tạo online gi&uacute;p c&aacute;c đối t&aacute;c n&acirc;ng cao năng lực tư vấn tự tin tiếp cận kh&aacute;ch h&agrave;ng.</li>\r\n</ul>\r\n\r\n<p>Anh/chị c&oacute; mong muốn hợp t&aacute;c vui l&ograve;ng li&ecirc;n hệ:</p>\r\n\r\n<p><strong>Gi&aacute;m Đốc Tuyển Dụng: &Ocirc;ng Phạm Xu&acirc;n Trường.</strong></p>\r\n\r\n<ul>\r\n\t<li>Số điện thoại: 0918.705.886 &ndash; 0968.803.554.</li>\r\n\t<li>Hoặc gửi CV về địa chỉ email:&nbsp;<a href="mailto:info@namchauims.com" rel="nofollow" target="_blank">info@namchauims.com</a>&nbsp;</li>\r\n</ul>\r\n\r\n<p><strong>C&Ocirc;NG TY CỔ PHẦN ĐẦU TƯ V&Agrave; CUNG ỨNG NH&Acirc;N LỰC NĂM CH&Acirc;U.</strong></p>\r\n\r\n<ul>\r\n\t<li>Văn ph&ograve;ng giao dịch: Tầng 8, Số 7, T&ocirc;n Thất Thuyết, Cầu Giấy, Th&agrave;nh phố H&agrave; Nội.</li>\r\n\t<li>Trung t&acirc;m đ&agrave;o tạo: Số 65A đường N12, khu Đồng Sậy &ndash; Trẫm sau Thị Trấn Ph&ugrave;ng , Huyện Đan Phượng , TP H&agrave; Nội.</li>\r\n\t<li>Website: Namchauims.com - Namchauims.vn</li>\r\n</ul>	blog/nam-chau-ims-thu-moi-hop-tac-large.jpg	1	t	2025-03-09 21:17:06.544208+07	2025-03-09 21:17:06.544208+07	5	Công ty Cổ Phần Đầu Tư và Cung Ứng Nhân Lực Năm Châu (NAM CHAU IMS) là doanh nghiệp hoạt động trong lĩnh vực đưa người Việt Nam đi làm việc có thời hạn ở nước ngoài, doanh nghiệp đã được Bộ Lao Động Thương Binh và Xã Hội cấp giấy phép.
18	Báo cáo thống kê truy cập sàn xuất khẩu lao động .com tháng 11/2024	bao-cao-thong-ke-truy-cap-san-xuat-khau-lao-dong-com-thang-112024	<p>S&agrave;n xuất khẩu lao động .com gửi c&aacute;c nh&agrave; tuyển dụng v&agrave; c&aacute;c bạn ứng vi&ecirc;n thống k&ecirc; truy cập website trong th&aacute;ng 11 năm 2024.</p>\r\n\r\n<ul>\r\n\t<li>Tổng số người truy cập:&nbsp;<strong>19.321 nguời.</strong></li>\r\n\t<li>Tổng số sự kiện hoạt động tr&ecirc;n trang:&nbsp;<strong>264.946 lượt.</strong></li>\r\n\t<li>Thời gian xem trung b&igrave;nh:&nbsp;<strong>2&rsquo;57s.</strong></li>\r\n\t<li>Thiết bị truy cập:&nbsp;<strong>81.7% mobile</strong>&nbsp;|&nbsp;<strong>17% m&aacute;y t&iacute;nh</strong>&nbsp;|&nbsp;<strong>1,3% m&aacute;y t&iacute;nh bảng.</strong></li>\r\n</ul>\r\n\r\n<p>Th&ocirc;ng tin chi tiết c&aacute;c bạn xem ph&iacute;a b&ecirc;n dưới.</p>\r\n\r\n<p><img src="https://sanxuatkhaulaodong.com/upload/2024/12/s1-large.png" style="height:1132px; width:800px" /></p>\r\n\r\n<p><img src="https://sanxuatkhaulaodong.com/upload/2024/12/s2-large.png" style="height:450px; width:800px" /></p>\r\n\r\n<p><img src="https://sanxuatkhaulaodong.com/upload/2024/12/s31-large.png" style="height:450px; width:800px" /></p>\r\n\r\n<p><img src="https://sanxuatkhaulaodong.com/upload/2024/12/s4-large.png" style="height:450px; width:800px" /><img src="https://sanxuatkhaulaodong.com/upload/2024/12/s5-large.png" style="height:450px; width:800px" /></p>	blog/anh-bia-bao-cao-thong-ke-11-medium.jpg.webp	1	t	2025-03-09 21:18:10.979875+07	2025-03-09 21:18:10.979875+07	5	Sàn xuất khẩu lao động .com gửi các nhà tuyển dụng và các bạn ứng viên thống kê truy cập website trong tháng 11 năm 2024.
19	Thông báo thời gian và nội dung tuyển chọn ứng viên EPA khóa 13	thong-bao-thoi-gian-va-noi-dung-tuyen-chon-ung-vien-epa-khoa-13	<p><img src="https://sanxuatkhaulaodong.com/upload/2024/12/0optimized-2-large.jpg" style="height:449px; width:665px" /></p>\r\n\r\n<p>Cục Quản l&yacute; lao động ngo&agrave;i nước nhận được hồ sơ của anh/chị đăng k&yacute; tham dự Chương tr&igrave;nh tuyển ứng vi&ecirc;n hộ l&yacute;, điều dưỡng sang l&agrave;m việc tại Nhật Bản Kh&oacute;a 13 năm 2024. Sau khi xem x&eacute;t hồ sơ, Cục Quản l&yacute; lao động ngo&agrave;i nước mời anh/chị tham gia dự tuyển, cụ thể như sau:</p>\r\n\r\n<p><strong>1. Thời gian tuyển chọn:&nbsp;</strong>Thứ s&aacute;u, ng&agrave;y 20/12/2024.</p>\r\n\r\n<p><strong>2. H&igrave;nh thức:&nbsp;</strong>ứng vi&ecirc;n thi tuyển trực tuyến qua mạng internet.</p>\r\n\r\n<p><strong>3.</strong>&nbsp;<strong>Thời gian, nội dung thi tuyển:</strong></p>\r\n\r\n<p><img src="https://sanxuatkhaulaodong.com/upload/2024/12/image_1.png" style="height:376px; width:830px" /></p>\r\n\r\n<ul>\r\n\t<li>Điểm số tối đa qua 02 b&agrave;i thi trắc nghiệm v&agrave; 01 b&agrave;i phỏng vấn l&agrave; 100 điểm.</li>\r\n\t<li>Ngo&agrave;i ra, ứng vi&ecirc;n được cộng điểm ưu ti&ecirc;n nếu l&agrave; 01 trong những đối tượng sau: Tốt nghiệp loại giỏi hoặc đại học; C&oacute; chứng chỉ tiếng Nhật JLPT tr&igrave;nh độ N4; C&oacute; chứng chỉ JLPT tr&igrave;nh độ N3 trở l&ecirc;n; Con thương binh, liệt sỹ, người c&oacute; c&ocirc;ng; Đối tượng theo Quyết định số 1722/QĐ-TTg.</li>\r\n</ul>\r\n\r\n<p><strong>4. Đăng k&yacute; tham dự kỳ thi:</strong></p>\r\n\r\n<p>Để Ban tổ chức chuẩn bị phần mềm thi online, ứng vi&ecirc;n cần c&oacute; h&ograve;m thư của gmail v&agrave; x&aacute;c nhận th&ocirc;ng tin tham dự tuyển chọn tại đường link dưới đ&acirc;y trước ng&agrave;y 17/12/2024: https://forms.gle/Y5FPRHcbXFKREiK1A</p>\r\n\r\n<p><strong>5. Lưu &yacute;:</strong></p>\r\n\r\n<ul>\r\n\t<li>Ứng vi&ecirc;n c&oacute; mặt trước thời gian thi tuyển 10 ph&uacute;t để đăng nhập v&agrave; kiểm tra đường truyền.</li>\r\n\t<li>Ứng vi&ecirc;n kiểm tra th&ocirc;ng tin của m&igrave;nh v&agrave; th&ocirc;ng b&aacute;o cho c&aacute;n bộ tr&ocirc;ng thi nếu c&oacute; sai x&oacute;t.</li>\r\n\t<li>Danh s&aacute;ch Ph&ograve;ng thi sẽ được đăng tải tr&ecirc;n trang web của Cục Quản l&yacute; lao động ngo&agrave;i nước v&agrave;o ng&agrave;y 18/12/2024.</li>\r\n</ul>\r\n\r\n<p>Nguồn: Dolab.molisa.gov.vn</p>	blog/0optimized-2-medium.jpg.webp	1	t	2025-03-09 21:19:20.614481+07	2025-03-09 21:19:20.614481+07	5	Cục Quản lý lao động ngoài nước nhận được hồ sơ của anh/chị đăng ký tham dự Chương trình tuyển ứng viên hộ lý, điều dưỡng sang làm việc tại Nhật Bản Khóa 13 năm 2024. Sau khi xem xét hồ sơ, Cục Quản lý lao động ngoài nước mời anh/chị tham gia dự tuyển, cụ thể như sau:
20	Năm Châu IMS tố chức bế giảng lớp đào tạo nghề cho bà con xã Mỹ Phương, Ba Bể, Bắc Kạn.	nam-chau-ims-to-chuc-be-giang-lop-dao-tao-nghe-cho-ba-con-xa-my-phuong-ba-be-bac-kan	<p>Ng&agrave;y 29 th&aacute;ng 10 năm 2024, c&ocirc;ng ty Cổ phần Đầu Tư v&agrave; Cung Ứng Nh&acirc;n Lực Năm Ch&acirc;u long trọng tổ chức bế giảng lớp đ&agrave;o tạo nghề cho b&agrave; con x&atilde; Mỹ Phương, huyện Ba Bể, tỉnh Bắc Kan.</p>\r\n\r\n<p><img src="https://sanxuatkhaulaodong.com/upload/2024/10/nc0-large.jpg" style="height:314px; width:600px" /></p>\r\n\r\n<p><em>&Ocirc;ng Phạm Xu&acirc;n Trường - Gi&aacute;m đốc tuyển dụng Năm Ch&acirc;u IMS.</em></p>\r\n\r\n<p>Buổi lễ c&oacute; sự tham gia của Ph&ograve;ng Lao Động Huyện Ba Bể v&agrave; ch&iacute;nh quyền x&atilde; Mỹ Phương.</p>\r\n\r\n<p><img src="https://sanxuatkhaulaodong.com/upload/2024/10/nc4-large.jpg" style="height:450px; width:600px" /></p>\r\n\r\n<p>C&ocirc;ng t&aacute;c đ&agrave;o tạo nghề được Namchauims triển khai v&agrave;i năm trở lại đ&acirc;y đ&atilde; mang lại những dấu hiệu t&iacute;ch cực tr&ecirc;n con đường gắn kết đ&agrave;o tạo nghề với du lịch địa phương, gắn kết nghề với cung ứng nguồn lực trong nước v&agrave; đặc biệt gắn kết nghề với Xuất Khẩu Lao Động.</p>\r\n\r\n<p>Namchauims tự h&agrave;o đưa cả ng&agrave;n lao động tại Bắc Kạn đi xuất khẩu lao động đổi đời bền vững, với phương ch&acirc;m đưa nguồn nh&acirc;n lực chất lượng cao c&oacute; tay nghề đến với c&aacute;c quốc gia Nhật Bản, Đ&agrave;i Loan, H&agrave;n Quốc v&agrave; Ch&acirc;u &Acirc;u, ch&uacute;ng t&ocirc;i đ&atilde; v&agrave; đang tiếp tục thực hiện ch&iacute;nh s&aacute;ch dạy nghề gắn với xuất khẩu lao động như một k&ecirc;nh ch&iacute;nh thống gi&uacute;p người lao động c&oacute; hướng đi mới trong tương lai.</p>\r\n\r\n<p><img src="https://sanxuatkhaulaodong.com/upload/2024/10/nc5-large.jpg" style="height:450px; width:600px" /></p>\r\n\r\n<p>Theo kết quả tổng hợp tr&ecirc;n phần mềm cập nhật dữ liệu xuất khẩu lao động của Cục Quản L&yacute; Lao Động Ngo&agrave;i Nước, năm 2023, tỉnh Bắc Kạn c&oacute; 1.807 người đi l&agrave;m việc ở nước ngo&agrave;i (Đạt 258% kế hoạch UBND tỉnh giao), tập trung chủ yếu ở thị trường Nhật Bản v&agrave; Đ&agrave;i Loan.</p>\r\n\r\n<p>Thực tế, nhu cầu đi l&agrave;m việc ở nước ngo&agrave;i theo hợp đồng của người d&acirc;n tại c&aacute;c địa phương ng&agrave;y c&agrave;ng tăng cao, nhất l&agrave; tại c&aacute;c huyện như: P&aacute;c Nặm, Ba Bể, Chợ Đồn... Nhiều gia đ&igrave;nh ở c&aacute;c th&ocirc;n, x&atilde; v&ugrave;ng cao đ&atilde; nhận thức r&otilde; đi l&agrave;m việc ở nước ngo&agrave;i theo hợp đồng kh&ocirc;ng chỉ l&agrave; k&ecirc;nh x&oacute;a đ&oacute;i, giảm ngh&egrave;o nhanh, hiệu quả m&agrave; c&ograve;n thu được kinh nghiệm, kỹ năng l&agrave;m việc, thay đổi tư duy trong ph&aacute;t triển kinh tế.</p>\r\n\r\n<p><img src="https://sanxuatkhaulaodong.com/upload/2024/10/nc2-large.jpg" style="height:356px; width:600px" /></p>\r\n\r\n<p>Trong năm 2024, tỉnh Bắc Kạn đặt mục ti&ecirc;u đưa 700 lao động đi l&agrave;m việc c&oacute; thời hạn ở nước ngo&agrave;i theo hợp đồng, trong đ&oacute; c&oacute; 250 lao động nữ. Để c&ocirc;ng t&aacute;c n&agrave;y tiếp tục đạt kết quả cao, Sở Lao Động Thương Binh v&agrave; X&atilde; Hội đ&atilde; c&oacute; văn bản đề nghị UBND c&aacute;c huyện, th&agrave;nh phố tăng cường c&ocirc;ng t&aacute;c quản l&yacute; tư vấn, tuyển chọn lao động đi l&agrave;m việc ở nước ngo&agrave;i theo hợp đồng tr&ecirc;n địa b&agrave;n.</p>\r\n\r\n<p><img src="https://sanxuatkhaulaodong.com/upload/2024/10/nc3_1-large.jpg" style="height:339px; width:600px" /></p>\r\n\r\n<p>Đẩy mạnh tuy&ecirc;n truyền hoạt động đưa người lao động đi l&agrave;m việc ở nước ngo&agrave;i theo hợp đồng, bảo đảm người lao động khi đăng k&yacute; đi l&agrave;m việc ở nước ngo&agrave;i lựa chọn đ&uacute;ng đơn vị đủ điều kiện đ&atilde; được Sở Lao Động Thương Binh v&agrave; X&atilde; Hội xem x&eacute;t hồ sơ ph&aacute;p l&yacute;; hướng dẫn c&aacute;c đơn vị, c&aacute; nh&acirc;n, tổ chức li&ecirc;n quan thực hiện đầy đủ quyền lợi cho người lao động khi đi l&agrave;m việc ở nước ngo&agrave;i theo hợp đồng.../.</p>\r\n\r\n<p><strong>Năm Ch&acirc;u IMS - N&acirc;ng tầm tri thức Việt!</strong></p>\r\n\r\n<p>Địa chỉ: Tầng 8 Hội Liên Hiệp Phụ Nữ Hà Nội, Số 7 đường Tôn Thất Thuyết, Cầu Giấy, Hà Nội.</p>\r\n\r\n<p>Văn ph&ograve;ng tại Bắc Kạn: Số 55, đường Võ Nguyên Giáp, TP Bắc Kạn, tỉnh Bắc Kạn.</p>\r\n\r\n<p>Hotline: 0918.705.886 (Mr Trường).</p>	blog/nc0-large.jpg	1	t	2025-03-09 21:21:13.920473+07	2025-03-09 21:21:42.309478+07	4	Ngày 29 tháng 10 năm 2024, công ty Cổ phần Đầu Tư và Cung Ứng Nhân Lực Năm Châu long trọng tổ chức bế giảng lớp đào tạo nghề cho bà con xã Mỹ Phương, huyện Ba Bể, tỉnh Bắc Kan.
21	12.369 lao động đi làm việc ở nước ngoài trong tháng 09 năm 2024	12369-lao-dong-di-lam-viec-o-nuoc-ngoai-trong-thang-09-nam-2024	<p><img src="https://sanxuatkhaulaodong.com/upload/2024/11/trong-thang-lai-large.jpg" style="height:576px; width:1024px" /></p>\r\n\r\n<p>Theo số liệu b&aacute;o c&aacute;o từ c&aacute;c doanh nghiệp, tổng số lao động Việt Nam đi l&agrave;m việc ở nước ngo&agrave;i trong th&aacute;ng 09 năm 2024 l&agrave; 12.369 lao động (4.363 lao động nữ), gồm c&aacute;c thị trường:</p>\r\n\r\n<ul>\r\n\t<li>Nhật Bản 6.447 lao động (2.788 lao động nữ)</li>\r\n\t<li>Đ&agrave;i Loan: 4.735 lao động (1.435 lao động nữ)</li>\r\n\t<li>Trung Quốc: 196 lao động (4 lao động nữ)</li>\r\n\t<li>H&agrave;n Quốc: 165 lao động (0 lao động nữ)</li>\r\n\t<li>Rumani: 155 lao động (15 lao động nữ)</li>\r\n\t<li>Singapore: 133 lao động (0 lao động nữ)</li>\r\n\t<li>V&agrave; c&aacute;c thị trường kh&aacute;c.</li>\r\n</ul>\r\n\r\n<p>Như vậy, trong 09 th&aacute;ng đầu năm 2024, tổng số lao động Việt Nam đi l&agrave;m việc ở nước ngo&agrave;i l&agrave; 113.896 lao động (36.059 lao động nữ) đạt 91,11 % kế hoạch năm 2024, (năm 2024, kế hoạch đưa lao động Việt Nam đi l&agrave;m việc ở nước ngo&agrave;i theo hợp đồng l&agrave; từ 125.000 lao động), trong đ&oacute; thị trường:</p>\r\n\r\n<ul>\r\n\t<li>Nhật Bản: 56.566 lao động (22.989 lao động nữ)</li>\r\n\t<li>Đ&agrave;i Loan: 43.690 lao động (11.671 lao động nữ)</li>\r\n\t<li>H&agrave;n Quốc: 6.276 lao động (548 lao động nữ)</li>\r\n\t<li>Trung Quốc: 1.704 lao động (5 lao động nữ)</li>\r\n\t<li>Singapore: 1.040 lao động (0 lao động nữ)</li>\r\n\t<li>Rumani: 670 lao động (65 lao động nữ)</li>\r\n\t<li>Hungary: 449 lao động (90 lao động nữ)</li>\r\n\t<li>V&agrave; c&aacute;c thị trường kh&aacute;c.</li>\r\n</ul>\r\n\r\n<p>Nguồn: Dolab.molisa.gov.vn</p>	blog/trong-thang-lai-large.jpg	1	t	2025-03-09 21:23:21.614941+07	2025-03-09 21:23:21.614941+07	4	Theo số liệu báo cáo từ các doanh nghiệp, tổng số lao động Việt Nam đi làm việc ở nước ngoài trong tháng 09 năm 2024 l&agra...
22	12.520 lao động đi làm việc ở nước ngoài trong tháng 11 năm 2024	12520-lao-dong-di-lam-viec-o-nuoc-ngoai-trong-thang-11-nam-2024	<p><img src="https://sanxuatkhaulaodong.com/upload/2024/12/hom-nay-large.jpg" style="height:576px; width:1024px" /></p>\r\n\r\n<p>Theo số liệu b&aacute;o c&aacute;o từ c&aacute;c doanh nghiệp, tổng số lao động Việt Nam đi l&agrave;m việc ở nước ngo&agrave;i trong th&aacute;ng 11 năm 2024 l&agrave; 12.520 lao động (4.311 lao động nữ), gồm c&aacute;c thị trường:</p>\r\n\r\n<ul>\r\n\t<li>Nhật Bản 6.466 lao động (2.815 lao động nữ)</li>\r\n\t<li>Đ&agrave;i Loan: 4.738 lao động (1.372 lao động nữ)</li>\r\n\t<li>H&agrave;n Quốc: 396 lao động (00 lao động nữ)</li>\r\n\t<li>Trung Quốc: 205 lao động (00 lao động nữ)</li>\r\n\t<li>Singapore: 139 lao động (00 lao động nữ)</li>\r\n\t<li>Rumani: 89 lao động (07 lao động nữ)</li>\r\n\t<li>V&agrave; c&aacute;c thị trường kh&aacute;c.</li>\r\n</ul>\r\n\r\n<p>Như vậy, Trong 11 th&aacute;ng đầu năm 2024, tổng số lao động Việt Nam đi l&agrave;m việc ở nước ngo&agrave;i l&agrave; 143.160 lao động (45.350 lao động nữ) đạt 114 % kế hoạch năm 2024, (năm 2024, kế hoạch đưa lao động Việt Nam đi l&agrave;m việc ở nước ngo&agrave;i theo hợp đồng l&agrave; từ 125.000 lao động), trong đ&oacute; thị trường:</p>\r\n\r\n<ul>\r\n\t<li>Nhật Bản: 69.188 lao động (28.665 lao động nữ)</li>\r\n\t<li>Đ&agrave;i Loan: 53.271 lao động (14.406 lao động nữ)</li>\r\n\t<li>H&agrave;n Quốc: 11.273 lao động (1.118 lao động nữ)</li>\r\n\t<li>Trung Quốc: 2.125 lao động (05 lao động nữ)</li>\r\n\t<li>Singapore: 1.313 lao động (0 lao động nữ)</li>\r\n\t<li>Rumani: 913 lao động (89 lao động nữ)</li>\r\n\t<li>V&agrave; c&aacute;c thị trường kh&aacute;c.</li>\r\n</ul>\r\n\r\n<p>Nguồn: Dolab.molisa.gov.vn</p>	blog/trong-thang-lai-large_TQthj3S.jpg	1	t	2025-03-09 21:24:01.171933+07	2025-03-09 21:24:01.171933+07	4	Theo số liệu báo cáo từ các doanh nghiệp, tổng số lao động Việt Nam đi làm việc ở nước ngoài trong tháng 11 năm 2024 l&agra...
\.


--
-- Data for Name: blog_cate; Type: TABLE DATA; Schema: public; Owner: postgres
--

COPY public.blog_cate (id, name, slug, created, updated) FROM stdin;
1	Hướng dẫn	huong-dan	2025-03-01 11:58:32.009396+07	2025-03-01 11:58:32.009396+07
2	Chương trình hỗ trợ xklđ	chuong-trinh-ho-tro-xkld	2025-03-01 11:59:24.609268+07	2025-03-01 11:59:24.609268+07
3	Tin tức	tin-tuc	2025-03-01 11:59:42.714426+07	2025-03-01 11:59:42.714426+07
4	Cập nhật thông tin xuất khẩu lao động	cap-nhat-thong-tin-xuat-khau-lao-dong	2025-03-01 12:00:04.739315+07	2025-03-01 12:00:04.739315+07
5	Thông tin cần biết	thong-tin-can-biet	2025-03-01 12:00:22.512735+07	2025-03-01 12:00:22.512735+07
\.


--
-- Data for Name: captcha_captchastore; Type: TABLE DATA; Schema: public; Owner: postgres
--

COPY public.captcha_captchastore (id, challenge, response, hashkey, expiration) FROM stdin;
\.


--
-- Data for Name: city_city; Type: TABLE DATA; Schema: public; Owner: postgres
--

COPY public.city_city (id, name, slug, priority, active, created, updated) FROM stdin;
1	Hà Nội	ha-noi	1	t	2025-02-26 13:31:35.942099+07	2025-02-26 13:31:35.942099+07
2	Hồ Chí Minh	ho-chi-minh	1	t	2025-02-26 13:31:52.510437+07	2025-02-26 13:31:52.510437+07
3	Nghệ An	nghe-an	1	t	2025-02-26 13:32:02.816921+07	2025-02-26 13:32:02.816921+07
4	An Giang	an-giang	1	t	2025-02-26 13:32:08.824764+07	2025-02-26 13:32:08.824764+07
5	Bà Rịa-Vũng Tàu	ba-ra-vung-tau	1	t	2025-02-26 13:32:16.946654+07	2025-02-26 13:32:16.946654+07
6	Bắc Giang	bac-giang	1	t	2025-02-26 13:32:24.210477+07	2025-02-26 13:32:24.210477+07
7	Bắc Kạn	bac-kan	1	t	2025-02-26 13:32:34.079574+07	2025-02-26 13:32:34.079574+07
8	Bạc Liêu	bac-lieu	1	t	2025-02-26 13:32:40.397607+07	2025-02-26 13:32:40.397607+07
9	Bắc Ninh	bac-ninh	1	t	2025-02-26 13:32:47.251634+07	2025-02-26 13:32:47.251634+07
10	Bến Tre	ben-tre	1	t	2025-02-26 13:32:54.875593+07	2025-02-26 13:32:54.875593+07
11	Bình Định	binh-dinh	1	t	2025-02-26 13:33:03.766599+07	2025-02-26 13:33:03.766599+07
12	Bình Dương	binh-duong	1	t	2025-02-26 13:33:11.178332+07	2025-02-26 13:33:11.178332+07
13	Bình Phước	binh-phuoc	1	t	2025-02-26 13:33:18.53831+07	2025-02-26 13:33:18.53831+07
14	Bình Thuận	binh-thuan	1	t	2025-02-26 13:33:25.066084+07	2025-02-26 13:33:25.066084+07
15	Cà Mau	ca-mau	1	t	2025-02-26 13:33:31.201361+07	2025-02-26 13:33:31.201361+07
16	Cần Thơ	can-tho	1	t	2025-02-26 13:33:38.789839+07	2025-02-26 13:33:38.789839+07
17	Cao Bằng	cao-bang	1	t	2025-02-26 13:33:46.405561+07	2025-02-26 13:33:46.405561+07
18	Đà Nẵng	da-nang	1	t	2025-02-26 13:33:55.544219+07	2025-02-26 13:33:55.544219+07
19	Đắk Lắk	dak-lak	1	t	2025-02-26 13:34:04.952858+07	2025-02-26 13:34:04.952858+07
20	Đắk Nông	dak-nong	1	t	2025-02-26 13:34:31.419878+07	2025-02-26 13:34:31.419878+07
21	Điện Biên	dien-bien	1	t	2025-02-26 13:34:39.96607+07	2025-02-26 13:34:39.96607+07
22	Đồng Nai	dong-nai	1	t	2025-02-26 13:34:47.789401+07	2025-02-26 13:34:47.789401+07
23	Đồng Tháp	dong-thap	1	t	2025-02-26 13:34:54.850567+07	2025-02-26 13:34:54.850567+07
24	Gia Lai	gia-lai	1	t	2025-02-26 13:35:31.084651+07	2025-02-26 13:35:31.084651+07
25	Hà Giang	ha-giang	1	t	2025-02-26 13:35:37.538251+07	2025-02-26 13:35:37.539248+07
26	Hà Nam	ha-nam	1	t	2025-02-26 13:35:42.891767+07	2025-02-26 13:35:42.891767+07
27	Hà Tĩnh	ha-tinh	1	t	2025-02-26 13:35:50.186008+07	2025-02-26 13:35:50.186008+07
28	Hải Dương	hai-duong	1	t	2025-02-26 13:36:01.888438+07	2025-02-26 13:36:01.888438+07
29	Hải Phòng	hai-phong	1	t	2025-02-26 13:36:10.003235+07	2025-02-26 13:36:10.003235+07
30	Hậu Giang	hau-giang	1	t	2025-02-26 13:36:16.068741+07	2025-02-26 13:36:16.068741+07
31	Hòa Bình	hoa-binh	1	t	2025-02-26 13:36:21.706402+07	2025-02-26 13:36:21.706402+07
32	Hưng Yên	hung-yen	1	t	2025-02-26 13:36:28.161763+07	2025-02-26 13:36:28.161763+07
33	Khánh Hòa	khanh-hoa	1	t	2025-02-26 13:36:34.04671+07	2025-02-26 13:36:34.04671+07
34	Kiên Giang	kien-giang	1	t	2025-02-26 13:36:39.813928+07	2025-02-26 13:36:39.813928+07
35	Kon Tum	kon-tum	1	t	2025-02-26 13:36:45.085399+07	2025-02-26 13:36:45.085399+07
36	Lai Châu	lai-chau	1	t	2025-02-26 13:36:50.233055+07	2025-02-26 13:36:50.233055+07
37	Lâm Đồng	lam-dong	1	t	2025-02-26 13:36:57.849986+07	2025-02-26 13:36:57.849986+07
38	Lạng Sơn	lang-son	1	t	2025-02-26 13:37:05.909752+07	2025-02-26 13:37:05.909752+07
39	Lào Cai	lao-cai	1	t	2025-02-26 13:37:11.364082+07	2025-02-26 13:37:11.364082+07
40	Long An	long-an	1	t	2025-02-26 13:37:17.032976+07	2025-02-26 13:37:17.032976+07
41	Nam Định	nam-dinh	1	t	2025-02-26 13:37:24.406685+07	2025-02-26 13:37:24.406685+07
42	Ninh Bình	ninh-binh	1	t	2025-02-26 13:37:30.207328+07	2025-02-26 13:37:30.207328+07
43	Ninh Thuận	ninh-thuan	1	t	2025-02-26 13:37:37.766583+07	2025-02-26 13:37:37.766583+07
44	Phú Thọ	phu-tho	1	t	2025-02-26 13:37:44.642462+07	2025-02-26 13:37:44.642462+07
45	Phú Yên	phu-yen	1	t	2025-02-26 13:37:50.650514+07	2025-02-26 13:37:50.650514+07
46	Quảng Bình	quang-binh	1	t	2025-02-26 13:37:58.677497+07	2025-02-26 13:37:58.677497+07
47	Quảng Nam	quang-nam	1	t	2025-02-26 13:38:05.773585+07	2025-02-26 13:38:05.773585+07
48	Quảng Ngãi	quang-ngai	1	t	2025-02-26 13:38:13.87943+07	2025-02-26 13:38:13.87943+07
49	Quảng Ninh	quang-ninh	1	t	2025-02-26 13:38:21.346737+07	2025-02-26 13:38:21.346737+07
50	Quảng Trị	quang-tri	1	t	2025-02-26 13:38:29.427208+07	2025-02-26 13:38:29.427208+07
51	Sóc Trăng	soc-trang	1	t	2025-02-26 13:38:35.276346+07	2025-02-26 13:38:35.276346+07
52	Sơn La	son-la	1	t	2025-02-26 13:38:42.240678+07	2025-02-26 13:38:42.240678+07
53	Tây Ninh	tay-ninh	1	t	2025-02-26 13:38:49.588209+07	2025-02-26 13:38:49.588209+07
54	Thái Bình	thai-binh	1	t	2025-02-26 13:38:55.143572+07	2025-02-26 13:38:55.143572+07
55	Thái Nguyên	thai-nguyen	1	t	2025-02-26 13:39:01.246517+07	2025-02-26 13:39:01.246517+07
56	Thanh Hóa	thanh-hoa	1	t	2025-02-26 13:39:06.762312+07	2025-02-26 13:39:06.762312+07
57	Thừa Thiên Huế	thua-thien-hue	1	t	2025-02-26 13:39:16.718879+07	2025-02-26 13:39:16.718879+07
58	Tiền Giang	tien-giang	1	t	2025-02-26 13:39:23.849727+07	2025-02-26 13:39:23.849727+07
59	Trà Vinh	tra-vinh	1	t	2025-02-26 13:39:29.516698+07	2025-02-26 13:39:29.516698+07
60	Tuyên Quang	tuyen-quang	1	t	2025-02-26 13:39:35.065458+07	2025-02-26 13:39:35.065458+07
61	Vĩnh Long	vinh-long	1	t	2025-02-26 13:39:42.422206+07	2025-02-26 13:39:42.422206+07
62	Vĩnh Phúc	vinh-phuc	1	t	2025-02-26 13:39:49.402042+07	2025-02-26 13:39:49.402042+07
63	Yên Bái	yen-bai	1	t	2025-02-26 13:39:55.520033+07	2025-02-26 13:39:55.520033+07
\.


--
-- Data for Name: city_country; Type: TABLE DATA; Schema: public; Owner: postgres
--

COPY public.city_country (id, name, slug, image, content, priority, active, created, updated, show_home, meta_description, meta_title, is_japan) FROM stdin;
1	TTS Nhật Bản	tts-nhat-ban	country/1a-co-nhat-ban-medium.png		3	t	2025-02-26 13:12:09.75352+07	2025-03-07 10:24:33.044278+07	t	Cập nhật các đơn hàng mới tuyển dụng, tư vấn chi tiết hồ sơ, thủ tục, chi phí và các thông tin liên quan đến chương trình	Cập nhật các đơn hàng mới tuyển dụng, tư vấn chi tiết hồ sơ, thủ tục, chi phí và các thông tin liên quan đến chương trình	t
28	Séc	sec	country/27-co-sec-medium.png		1	t	2025-02-26 13:25:36.099666+07	2025-02-26 16:17:54.247836+07	t	\N	\N	f
26	Ả rập xê út	a-rap-xe-ut	country/21-co-a-rap-medium.png		1	t	2025-02-26 13:24:57.626974+07	2025-02-26 16:17:54.088427+07	t	\N	\N	f
12	Algeria	algeria	country/24-algeria-medium.png		1	t	2025-02-26 13:20:04.952623+07	2025-02-26 16:17:54.108969+07	t	\N	\N	f
21	Áo	ao	country/29-co-ao-medium.png		1	t	2025-02-26 13:23:10.301567+07	2025-02-26 16:17:54.114966+07	t	\N	\N	f
15	Ba Lan	ba-lan	country/10-co-ba-lan-medium.png		1	t	2025-02-26 13:21:20.457604+07	2025-02-26 16:17:54.12196+07	t	\N	\N	f
8	Bulgaria	bulgaria	country/8-co-bulgari-medium.png		1	t	2025-02-26 13:18:41.277847+07	2025-02-26 16:17:54.127958+07	t	\N	\N	f
22	Croatia	croatia	country/18-co-coroatia-medium.png		1	t	2025-02-26 13:23:25.210023+07	2025-02-26 16:17:54.134954+07	t	\N	\N	f
3	Đài Loan	dai-loan	country/2-co-dai-loan-medium.png		1	t	2025-02-26 13:16:29.980697+07	2025-02-26 16:17:54.142042+07	t	\N	\N	f
24	Đan Mạch	dan-mach	country/20-co-dan-mach-medium.png		1	t	2025-02-26 13:24:02.339974+07	2025-02-26 16:17:54.149027+07	t	\N	\N	f
27	Dubai	dubai	country/23-co-dubai-medium.png		1	t	2025-02-26 13:25:22.181829+07	2025-02-26 16:17:54.156537+07	t	\N	\N	f
5	Hàn Quốc	han-quoc	country/4-co-han-quoc-medium.png		1	t	2025-02-26 13:17:18.248465+07	2025-02-26 16:17:54.163527+07	t	\N	\N	f
10	Hungary	hungary	country/9-co-hungary-medium.png		1	t	2025-02-26 13:19:36.093032+07	2025-02-26 16:17:54.170522+07	t	\N	\N	f
13	Hy Lạp	hy-lp	country/34-co-hy-lap-medium.png		1	t	2025-02-26 13:20:32.585241+07	2025-02-26 16:17:54.176542+07	t	\N	\N	f
20	Ireland	ireland	country/35-co-ireland-medium.png		1	t	2025-02-26 13:22:58.193189+07	2025-02-26 16:17:54.183514+07	t	\N	\N	f
16	Latvia	latvia	country/41-co-latvia-medium.png		1	t	2025-02-26 13:22:03.404924+07	2025-02-26 16:17:54.196188+07	t	\N	\N	f
17	Litva	litva	country/31-litva-medium.png		1	t	2025-02-26 13:22:17.973881+07	2025-02-26 16:17:54.201729+07	t	\N	\N	f
19	Macao	macao	country/6-co-macau-medium.png		1	t	2025-02-26 13:22:45.811444+07	2025-02-26 16:17:54.207725+07	t	\N	\N	f
30	Na Uy	na-uy	country/38-co-nauy-medium.png		1	t	2025-02-26 13:26:05.837923+07	2025-02-26 16:17:54.213723+07	t	\N	\N	f
6	Nga	nga	country/11-co-nga-medium.png		1	t	2025-02-26 13:17:44.43198+07	2025-02-26 16:17:54.219719+07	t	\N	\N	f
31	Nước khác	nc-khac	country/28-co-nuoc-khac-medium.png		1	t	2025-02-26 13:26:21.357807+07	2025-02-26 16:17:54.224715+07	t	\N	\N	f
11	Pháp	phap	country/39-co-phap-medium.png		1	t	2025-02-26 13:19:47.762044+07	2025-02-26 16:17:54.230846+07	t	\N	\N	f
25	Qatar	qatar	country/22-co-qatar-medium.png		1	t	2025-02-26 13:24:24.512973+07	2025-02-26 16:17:54.236842+07	t	\N	\N	f
9	Serbia	serbia	country/42-co-serbia-medium.png		1	t	2025-02-26 13:19:14.758286+07	2025-02-26 16:17:54.252937+07	t	\N	\N	f
23	Slovakia	slovakia	country/19-slovakia-medium.png		1	t	2025-02-26 13:23:41.474834+07	2025-02-26 16:17:54.259079+07	t	\N	\N	f
18	Tây Ban Nha	tay-ban-nha	country/32-tay-ban-nha-medium.png		1	t	2025-02-26 13:22:31.381982+07	2025-02-26 16:17:54.264072+07	t	\N	\N	f
32	Du học Đài	du-hoc-dai	country/2-co-dai-loan-medium_PZ2MXPv.png		1	t	2025-02-26 16:15:19.449882+07	2025-03-05 01:17:37.356116+07	f	\N	\N	f
35	Du học Hàn	du-hoc-han	country/4-co-han-quoc-medium_5pnpcez.png		1	t	2025-02-26 16:39:15.818391+07	2025-03-05 01:18:14.520209+07	f	\N	\N	f
14	Ý (Italia)	y-italia	country/37-co-italy-medium.png		1	t	2025-02-26 13:20:58.24045+07	2025-02-26 16:17:54.287057+07	t	\N	\N	f
39	Du học New	du-hoc-new			1	t	2025-02-26 16:41:13.670493+07	2025-02-26 16:41:13.670493+07	f	\N	\N	f
40	Malaysia	malaysia			1	t	2025-02-26 16:41:36.733387+07	2025-02-26 16:41:36.733387+07	f	\N	\N	f
7	Rumani	rumani	country/7-co-rumani-medium.png		1	t	2025-02-26 13:18:18.717554+07	2025-02-26 16:42:04.267572+07	t	\N	\N	f
49	Angola	angola			1	t	2025-02-26 16:48:04.352821+07	2025-02-26 16:48:04.352821+07	f	\N	\N	f
52	Thổ Nhĩ Kỳ	tho-nhi-ky			1	t	2025-02-26 16:49:22.002796+07	2025-02-26 16:49:22.002796+07	f	\N	\N	f
29	Trung Quốc	trung-quoc	country/33-co-trung-quoc-medium.png		1	t	2025-02-26 13:25:53.222627+07	2025-02-26 19:11:51.283469+07	t	\N	\N	f
43	Đức	duc	country/12-duc-medium.png		1	t	2025-02-26 16:45:09.729426+07	2025-02-27 14:30:36.119403+07	f	\N	\N	f
37	Du học Đức	du-hoc-duc	country/12-duc-medium_duLbp0f.png		1	t	2025-02-26 16:39:56.629393+07	2025-03-05 01:18:44.445975+07	f	\N	\N	f
33	Kỹ sư Hàn Quốc	ky-su-han-quoc	country/4-co-han-quoc-medium_WbQW9Yk.png		1	t	2025-02-26 16:18:25.110911+07	2025-03-05 01:19:33.723956+07	f	\N	\N	f
44	Anh	anh	country/13-co-anh-medium.png		1	t	2025-02-26 16:45:28.656124+07	2025-03-05 01:21:40.680974+07	f	\N	\N	f
42	Australia	australia	country/16-co-australia-medium.png		1	t	2025-02-26 16:44:20.92057+07	2025-03-05 01:22:30.511065+07	f	\N	\N	f
51	Belarus	belarus	country/30-co-belarus-medium.png		1	t	2025-02-26 16:48:50.884017+07	2025-03-05 01:23:25.051422+07	f	\N	\N	f
47	Canada	canada	country/15-co-canada-medium.png		1	t	2025-02-26 16:46:22.297276+07	2025-03-05 01:24:33.604527+07	f	\N	\N	f
46	Du học Canada	du-hoc-canada	country/13-co-anh-medium_uaDmmQF.png		1	t	2025-02-26 16:45:54.484029+07	2025-03-05 01:24:43.147744+07	f	\N	\N	f
50	Đảo Síp	dao-sip	country/26-co-sip-medium.png		1	t	2025-02-26 16:48:19.953096+07	2025-03-05 01:25:24.56468+07	f	\N	\N	f
38	Du học Úc	du-hoc-uc	country/16-co-australia-medium_KIXVUk7.png		1	t	2025-02-26 16:40:56.917929+07	2025-03-05 01:26:33.211024+07	f	\N	\N	f
45	Mỹ	my	country/14-co-my-medium.png		1	t	2025-02-26 16:45:43.014192+07	2025-03-05 01:28:02.739162+07	f	\N	\N	f
41	New Zealand	new-zealand	country/17-co-newzealand-medium.png		1	t	2025-02-26 16:42:22.635996+07	2025-03-05 01:29:01.253918+07	f	\N	\N	f
48	Phần Lan	phan-lan	country/36-co-phan-lan-medium.png		1	t	2025-02-26 16:47:52.706409+07	2025-03-05 01:29:59.428746+07	f	\N	\N	f
34	Singapore	singapore	country/3-co-singapore-medium.png		1	t	2025-02-26 16:19:28.663998+07	2025-03-05 01:31:06.489266+07	f	\N	\N	f
36	Du học Nhật	du-hoc-nhat	country/1a-co-nhat-ban-medium_n6tSPMf.png		1	t	2025-02-26 16:39:32.305472+07	2025-03-07 10:24:25.804496+07	f	\N	\N	t
2	Kỹ sư Nhật Bản	ky-su-nhat-ban	country/1a-co-nhat-ban-medium_Jzcbtwx.png		2	t	2025-02-26 13:13:42.938823+07	2025-03-07 10:24:25.822865+07	t	Tổng hợp các đơn hàng kỹ sư Nhật Bản mới nhất tại các vùng kinh tế trọng điểm với mức lương cao và nhiều chế độ hấp dẫn cho người lao động.	Tổng hợp các đơn hàng XKLĐ Nhật Bản diện kỹ sư mới nhất	t
4	Tokutei Nhật	tokutei-nhat	country/1a-co-nhat-ban-medium_i3rwORp.png		1	t	2025-02-26 13:16:56.167063+07	2025-03-07 10:24:25.826863+07	t	\N	\N	t
\.


--
-- Data for Name: city_province; Type: TABLE DATA; Schema: public; Owner: postgres
--

COPY public.city_province (id, name, priority, active, created, updated, country_id) FROM stdin;
23	Aichi	1	t	2025-02-26 15:20:42.740237+07	2025-02-26 15:21:19.562842+07	1
5	Akita	1	t	2025-02-26 15:20:42.708942+07	2025-02-26 15:21:23.294729+07	1
19	Yamanashi	1	t	2025-02-26 15:20:42.732524+07	2025-02-26 15:21:27.708223+07	1
37	Kagawa	1	t	2025-02-26 15:20:42.773071+07	2025-02-26 15:21:31.122351+07	1
38	Ehime	1	t	2025-02-26 15:20:42.775636+07	2025-02-26 15:21:33.761349+07	1
12	Chiba	1	t	2025-02-26 15:20:42.721239+07	2025-02-26 15:21:36.958826+07	1
2	Aomori	1	t	2025-02-26 15:20:42.701217+07	2025-02-26 15:21:40.454796+07	1
18	Fukui	1	t	2025-02-26 15:20:42.731528+07	2025-02-26 15:21:43.895913+07	1
40	Fukuoka	1	t	2025-02-26 15:20:42.778216+07	2025-02-26 15:21:47.493164+07	1
7	Fukushima	1	t	2025-02-26 15:20:42.712536+07	2025-02-26 15:21:50.85938+07	1
21	Gifu	1	t	2025-02-26 15:20:42.736644+07	2025-02-26 15:21:54.620736+07	1
34	Hiroshima	1	t	2025-02-26 15:20:42.767906+07	2025-02-26 15:22:01.463422+07	1
1	Hokkaido	1	t	2025-02-26 15:20:42.690975+07	2025-02-26 15:22:04.483166+07	1
28	Hyogo	1	t	2025-02-26 15:20:42.749952+07	2025-02-26 15:22:08.049809+07	1
8	Ibaraki	1	t	2025-02-26 15:20:42.714058+07	2025-02-26 15:22:11.448787+07	1
17	Ishikawa	1	t	2025-02-26 15:20:42.729502+07	2025-02-26 15:22:14.778061+07	1
3	Iwate	1	t	2025-02-26 15:20:42.704811+07	2025-02-26 15:22:18.398393+07	1
46	Kagoshima	1	t	2025-02-26 15:20:42.789492+07	2025-02-26 15:22:21.859313+07	1
44	Ōita	1	t	2025-02-26 15:20:42.785893+07	2025-02-26 15:22:25.703617+07	1
10	Gunma	1	t	2025-02-26 15:20:42.717656+07	2025-02-26 15:22:28.730934+07	1
35	Yamaguchi	1	t	2025-02-26 15:20:42.770467+07	2025-02-26 15:22:32.930419+07	1
6	Yamagata	1	t	2025-02-26 15:20:42.710965+07	2025-02-26 15:22:36.767346+07	1
30	Wakayama	1	t	2025-02-26 15:20:42.756647+07	2025-02-26 15:22:40.752505+07	1
16	Toyama	1	t	2025-02-26 15:20:42.727952+07	2025-02-26 15:22:46.080749+07	1
31	Tottori	1	t	2025-02-26 15:20:42.759218+07	2025-02-26 15:22:50.371538+07	1
13	Tokyo	1	t	2025-02-26 15:20:42.722809+07	2025-02-26 15:22:54.727439+07	1
36	Tokushima	1	t	2025-02-26 15:20:42.771504+07	2025-02-26 15:22:59.236059+07	1
9	Tochigi	1	t	2025-02-26 15:20:42.716082+07	2025-02-26 15:23:04.936908+07	1
22	Shizuoka	1	t	2025-02-26 15:20:42.738666+07	2025-02-26 15:23:10.359686+07	1
32	Shimane	1	t	2025-02-26 15:20:42.761791+07	2025-02-26 15:23:15.093598+07	1
25	Shiga	1	t	2025-02-26 15:20:42.74436+07	2025-02-26 15:23:19.217555+07	1
11	Saitama	1	t	2025-02-26 15:20:42.719215+07	2025-02-26 15:23:23.645889+07	1
14	Kanagawa	1	t	2025-02-26 15:20:42.724357+07	2025-02-26 15:34:17.401241+07	1
39	Kochi	1	t	2025-02-26 15:20:42.776662+07	2025-02-26 15:34:22.275444+07	1
43	Kumamoto	1	t	2025-02-26 15:20:42.784343+07	2025-02-26 15:34:26.310597+07	1
26	Kyoto	1	t	2025-02-26 15:20:42.746383+07	2025-02-26 15:34:30.579624+07	1
24	Mie	1	t	2025-02-26 15:20:42.741788+07	2025-02-26 15:35:08.841779+07	1
4	Miyagi	1	t	2025-02-26 15:20:42.707393+07	2025-02-26 15:35:12.610753+07	1
45	Miyazaki	1	t	2025-02-26 15:20:42.786916+07	2025-02-26 15:35:16.924179+07	1
20	Nagano	1	t	2025-02-26 15:20:42.735094+07	2025-02-26 15:35:24.799067+07	1
42	Nagasaki	1	t	2025-02-26 15:20:42.781773+07	2025-02-26 15:35:29.632977+07	1
29	Nara	1	t	2025-02-26 15:20:42.753528+07	2025-02-26 15:35:33.806349+07	1
15	Niigata	1	t	2025-02-26 15:20:42.726382+07	2025-02-26 15:35:38.042524+07	1
33	Okayama	1	t	2025-02-26 15:20:42.76533+07	2025-02-26 15:35:42.414018+07	1
47	Okinawa	1	t	2025-02-26 15:20:42.790626+07	2025-02-26 15:35:46.42834+07	1
27	Osaka	1	t	2025-02-26 15:20:42.747926+07	2025-02-26 15:35:50.807685+07	1
41	Saga	1	t	2025-02-26 15:20:42.780751+07	2025-02-26 15:35:54.915071+07	1
48	Aichi	1	t	2025-02-26 15:49:02.623041+07	2025-02-26 15:49:02.623041+07	2
49	Akita	1	t	2025-02-26 15:49:02.627086+07	2025-02-26 15:49:02.627086+07	2
50	Aomori	1	t	2025-02-26 15:49:02.628601+07	2025-02-26 15:49:02.628601+07	2
51	Chiba	1	t	2025-02-26 15:49:02.630599+07	2025-02-26 15:49:02.630599+07	2
52	Ehime	1	t	2025-02-26 15:49:02.63211+07	2025-02-26 15:49:02.63211+07	2
53	Fukui	1	t	2025-02-26 15:49:02.633625+07	2025-02-26 15:49:02.633625+07	2
54	Fukuoka	1	t	2025-02-26 15:49:02.635623+07	2025-02-26 15:49:02.635623+07	2
55	Fukushima	1	t	2025-02-26 15:49:02.637137+07	2025-02-26 15:49:02.637137+07	2
56	Gifu	1	t	2025-02-26 15:49:02.638649+07	2025-02-26 15:49:02.638649+07	2
57	Gunma	1	t	2025-02-26 15:49:02.640648+07	2025-02-26 15:49:02.640648+07	2
58	Hiroshima	1	t	2025-02-26 15:49:02.64216+07	2025-02-26 15:49:02.64216+07	2
59	Hokkaido	1	t	2025-02-26 15:49:02.644673+07	2025-02-26 15:49:02.644673+07	2
60	Hyogo	1	t	2025-02-26 15:49:02.645673+07	2025-02-26 15:49:02.645673+07	2
61	Ibaraki	1	t	2025-02-26 15:49:02.648187+07	2025-02-26 15:49:02.648187+07	2
62	Ishikawa	1	t	2025-02-26 15:49:02.649702+07	2025-02-26 15:49:02.649702+07	2
63	Iwate	1	t	2025-02-26 15:49:02.651699+07	2025-02-26 15:49:02.651699+07	2
64	Kagawa	1	t	2025-02-26 15:49:02.653699+07	2025-02-26 15:49:02.653699+07	2
65	Kagoshima	1	t	2025-02-26 15:49:02.655212+07	2025-02-26 15:49:02.655212+07	2
66	Kanagawa	1	t	2025-02-26 15:49:02.657725+07	2025-02-26 15:49:02.657725+07	2
67	Kochi	1	t	2025-02-26 15:49:02.659241+07	2025-02-26 15:49:02.659241+07	2
68	Kumamoto	1	t	2025-02-26 15:49:02.661239+07	2025-02-26 15:49:02.661239+07	2
69	Kyoto	1	t	2025-02-26 15:49:02.662749+07	2025-02-26 15:49:02.662749+07	2
70	Mie	1	t	2025-02-26 15:49:02.664265+07	2025-02-26 15:49:02.664265+07	2
71	Miyagi	1	t	2025-02-26 15:49:02.666777+07	2025-02-26 15:49:02.666777+07	2
72	Miyazaki	1	t	2025-02-26 15:49:02.67228+07	2025-02-26 15:49:02.67228+07	2
73	Nagano	1	t	2025-02-26 15:49:02.673793+07	2025-02-26 15:49:02.673793+07	2
74	Nagasaki	1	t	2025-02-26 15:49:02.675314+07	2025-02-26 15:49:02.675314+07	2
75	Nara	1	t	2025-02-26 15:49:02.677826+07	2025-02-26 15:49:02.677826+07	2
76	Niigata	1	t	2025-02-26 15:49:02.679824+07	2025-02-26 15:49:02.679824+07	2
77	Ōita	1	t	2025-02-26 15:49:02.681335+07	2025-02-26 15:49:02.681335+07	2
78	Okayama	1	t	2025-02-26 15:49:02.682852+07	2025-02-26 15:49:02.682852+07	2
79	Okinawa	1	t	2025-02-26 15:49:02.684849+07	2025-02-26 15:49:02.684849+07	2
80	Osaka	1	t	2025-02-26 15:49:02.686848+07	2025-02-26 15:49:02.686848+07	2
81	Saga	1	t	2025-02-26 15:49:02.689374+07	2025-02-26 15:49:02.689374+07	2
82	Saitama	1	t	2025-02-26 15:49:02.690359+07	2025-02-26 15:49:02.690359+07	2
83	Shiga	1	t	2025-02-26 15:49:02.692874+07	2025-02-26 15:49:02.692874+07	2
84	Shimane	1	t	2025-02-26 15:49:02.694872+07	2025-02-26 15:49:02.694872+07	2
85	Shimane	1	t	2025-02-26 15:49:02.696383+07	2025-02-26 15:49:02.696383+07	2
86	Tochigi	1	t	2025-02-26 15:49:02.697898+07	2025-02-26 15:49:02.697898+07	2
87	Tokushima	1	t	2025-02-26 15:49:02.700411+07	2025-02-26 15:49:02.700411+07	2
88	Tokyo	1	t	2025-02-26 15:49:02.702409+07	2025-02-26 15:49:02.702409+07	2
89	Tottori	1	t	2025-02-26 15:49:02.70392+07	2025-02-26 15:49:02.70392+07	2
90	Toyama	1	t	2025-02-26 15:49:02.705435+07	2025-02-26 15:49:02.705435+07	2
91	Wakayama	1	t	2025-02-26 15:49:02.707433+07	2025-02-26 15:49:02.707433+07	2
92	Yamagata	1	t	2025-02-26 15:49:02.708946+07	2025-02-26 15:49:02.708946+07	2
93	Yamaguchi	1	t	2025-02-26 15:49:02.711458+07	2025-02-26 15:49:02.711458+07	2
94	Yamanashi	1	t	2025-02-26 15:49:02.712975+07	2025-02-26 15:49:02.712975+07	2
97	Đài Trung	1	t	2025-02-26 16:04:36.397498+07	2025-02-26 16:08:42.011384+07	3
96	Đài Nam	1	t	2025-02-26 16:04:36.395976+07	2025-02-26 16:08:45.668622+07	3
95	Đài Bắc	1	t	2025-02-26 16:04:36.392375+07	2025-02-26 16:08:48.552531+07	3
98	Vùng Bắc	1	t	2025-02-26 16:19:28.667502+07	2025-02-26 16:19:28.679005+07	34
99	Vùng Đông	1	t	2025-02-26 16:19:28.67201+07	2025-02-26 16:19:28.684511+07	34
100	Vùng Đông Bắc	1	t	2025-02-26 16:19:28.674008+07	2025-02-26 16:19:28.68651+07	34
101	Vùng Tây	1	t	2025-02-26 16:19:28.675008+07	2025-02-26 16:19:28.688509+07	34
102	Vùng Trung Tâm	1	t	2025-02-26 16:19:28.677006+07	2025-02-26 16:19:28.690507+07	34
103	Yamanashi	1	t	2025-02-26 16:38:40.359574+07	2025-02-26 16:38:40.359574+07	4
104	Yamaguchi	1	t	2025-02-26 16:38:40.364663+07	2025-02-26 16:38:40.364663+07	4
105	Yamagata	1	t	2025-02-26 16:38:40.367236+07	2025-02-26 16:38:40.367236+07	4
106	Wakayama	1	t	2025-02-26 16:38:40.36826+07	2025-02-26 16:38:40.36826+07	4
107	Toyama	1	t	2025-02-26 16:38:40.370457+07	2025-02-26 16:38:40.370457+07	4
108	Tottori	1	t	2025-02-26 16:38:40.373133+07	2025-02-26 16:38:40.373133+07	4
109	Tokyo	1	t	2025-02-26 16:38:40.375196+07	2025-02-26 16:38:40.375196+07	4
110	Tokushima	1	t	2025-02-26 16:38:40.377345+07	2025-02-26 16:38:40.377345+07	4
111	Tochigi	1	t	2025-02-26 16:38:40.379375+07	2025-02-26 16:38:40.379375+07	4
112	Shimane	1	t	2025-02-26 16:38:40.38149+07	2025-02-26 16:38:40.38149+07	4
113	Shimane	1	t	2025-02-26 16:38:40.383558+07	2025-02-26 16:38:40.383558+07	4
114	Shiga	1	t	2025-02-26 16:38:40.385558+07	2025-02-26 16:38:40.385558+07	4
115	Saitama	1	t	2025-02-26 16:38:40.387026+07	2025-02-26 16:38:40.387026+07	4
116	Saga	1	t	2025-02-26 16:38:40.389048+07	2025-02-26 16:38:40.389048+07	4
117	Osaka	1	t	2025-02-26 16:38:40.391188+07	2025-02-26 16:38:40.391188+07	4
118	Okinawa	1	t	2025-02-26 16:38:40.393223+07	2025-02-26 16:38:40.393223+07	4
119	Okayama	1	t	2025-02-26 16:38:40.395218+07	2025-02-26 16:38:40.395218+07	4
120	Ōita	1	t	2025-02-26 16:38:40.397748+07	2025-02-26 16:38:40.397748+07	4
121	Niigata	1	t	2025-02-26 16:38:40.40079+07	2025-02-26 16:38:40.40079+07	4
122	Nara	1	t	2025-02-26 16:38:40.402825+07	2025-02-26 16:38:40.402825+07	4
123	Nagasaki	1	t	2025-02-26 16:38:40.406384+07	2025-02-26 16:38:40.406384+07	4
124	Nagano	1	t	2025-02-26 16:38:40.407409+07	2025-02-26 16:38:40.407409+07	4
125	Miyazaki	1	t	2025-02-26 16:38:40.408959+07	2025-02-26 16:38:40.408959+07	4
126	Miyagi	1	t	2025-02-26 16:38:40.411312+07	2025-02-26 16:38:40.411312+07	4
127	Mie	1	t	2025-02-26 16:38:40.413303+07	2025-02-26 16:38:40.413303+07	4
128	Kyoto	1	t	2025-02-26 16:38:40.415669+07	2025-02-26 16:38:40.415669+07	4
129	Kumamoto	1	t	2025-02-26 16:38:40.417216+07	2025-02-26 16:38:40.417216+07	4
130	Kochi	1	t	2025-02-26 16:38:40.419241+07	2025-02-26 16:38:40.419241+07	4
131	Kanagawa	1	t	2025-02-26 16:38:40.420814+07	2025-02-26 16:38:40.420814+07	4
132	Kagoshima	1	t	2025-02-26 16:38:40.422244+07	2025-02-26 16:38:40.422244+07	4
133	Kagawa	1	t	2025-02-26 16:38:40.424293+07	2025-02-26 16:38:40.424293+07	4
134	Iwate	1	t	2025-02-26 16:38:40.425303+07	2025-02-26 16:38:40.425303+07	4
135	Ishikawa	1	t	2025-02-26 16:38:40.427846+07	2025-02-26 16:38:40.427846+07	4
136	Ibaraki	1	t	2025-02-26 16:38:40.428875+07	2025-02-26 16:38:40.428875+07	4
137	Hyogo	1	t	2025-02-26 16:38:40.430088+07	2025-02-26 16:38:40.430088+07	4
138	Hokkaido	1	t	2025-02-26 16:38:40.432662+07	2025-02-26 16:38:40.432662+07	4
139	Hiroshima	1	t	2025-02-26 16:38:40.433685+07	2025-02-26 16:38:40.433685+07	4
140	Gunma	1	t	2025-02-26 16:38:40.435727+07	2025-02-26 16:38:40.435727+07	4
141	Gifu	1	t	2025-02-26 16:38:40.437279+07	2025-02-26 16:38:40.437279+07	4
142	Fukushima	1	t	2025-02-26 16:38:40.439303+07	2025-02-26 16:38:40.439303+07	4
143	Fukuoka	1	t	2025-02-26 16:38:40.440877+07	2025-02-26 16:38:40.440877+07	4
144	Fukui	1	t	2025-02-26 16:38:40.442428+07	2025-02-26 16:38:40.442428+07	4
145	Ehime	1	t	2025-02-26 16:38:40.443524+07	2025-02-26 16:38:40.443524+07	4
146	Chiba	1	t	2025-02-26 16:38:40.445517+07	2025-02-26 16:38:40.445517+07	4
147	Aomori	1	t	2025-02-26 16:38:40.446517+07	2025-02-26 16:38:40.446517+07	4
148	Akita	1	t	2025-02-26 16:38:40.448544+07	2025-02-26 16:38:40.448544+07	4
149	Aichi	1	t	2025-02-26 16:38:40.450117+07	2025-02-26 16:38:40.450117+07	4
151	Manitoba	1	t	2025-02-26 16:46:22.301781+07	2025-02-26 16:46:22.305282+07	47
150	Bucharest	1	t	2025-02-26 16:42:04.270659+07	2025-02-26 19:03:17.319352+07	7
\.


--
-- Data for Name: django_admin_log; Type: TABLE DATA; Schema: public; Owner: postgres
--

COPY public.django_admin_log (id, action_time, object_id, object_repr, action_flag, change_message, content_type_id, user_id) FROM stdin;
1	2025-02-26 12:18:00.779968+07	2	admin - Admin	2	[{"changed": {"fields": ["Vai tr\\u00f2"]}}]	19	2
2	2025-02-26 12:18:10.104321+07	1	hoanh - Ứng viên	3		19	2
3	2025-02-26 13:12:09.768567+07	1	TTS Nhật Bản	1	[{"added": {}}]	10	2
4	2025-02-26 13:13:42.951068+07	2	Kỹ sư Nhật Bản	1	[{"added": {}}]	10	2
5	2025-02-26 13:15:15.335372+07	2	Kỹ sư Nhật Bản	2	[{"changed": {"fields": ["Content"]}}]	10	2
6	2025-02-26 13:15:22.766782+07	1	TTS Nhật Bản	2	[{"changed": {"fields": ["Content"]}}]	10	2
7	2025-02-26 13:16:29.984721+07	3	Đài Loan	1	[{"added": {}}]	10	2
8	2025-02-26 13:16:56.170584+07	4	Tokutei Nhật	1	[{"added": {}}]	10	2
9	2025-02-26 13:17:18.253012+07	5	Hàn Quốc	1	[{"added": {}}]	10	2
10	2025-02-26 13:17:44.435494+07	6	Nga	1	[{"added": {}}]	10	2
11	2025-02-26 13:18:18.722581+07	7	Rumani	1	[{"added": {}}]	10	2
12	2025-02-26 13:18:41.281361+07	8	Bulgaria	1	[{"added": {}}]	10	2
13	2025-02-26 13:19:14.761433+07	9	Serbia	1	[{"added": {}}]	10	2
14	2025-02-26 13:19:36.096581+07	10	Hungary	1	[{"added": {}}]	10	2
15	2025-02-26 13:19:47.767041+07	11	Pháp	1	[{"added": {}}]	10	2
16	2025-02-26 13:20:04.957234+07	12	Algeria	1	[{"added": {}}]	10	2
17	2025-02-26 13:20:32.588366+07	13	Hy Lạp	1	[{"added": {}}]	10	2
18	2025-02-26 13:20:58.244963+07	14	Ý (Italia)	1	[{"added": {}}]	10	2
19	2025-02-26 13:21:20.460037+07	15	Ba Lan	1	[{"added": {}}]	10	2
20	2025-02-26 13:22:03.408432+07	16	Latvia	1	[{"added": {}}]	10	2
21	2025-02-26 13:22:17.979026+07	17	Litva	1	[{"added": {}}]	10	2
22	2025-02-26 13:22:31.385579+07	18	Tây Ban Nha	1	[{"added": {}}]	10	2
23	2025-02-26 13:22:45.814991+07	19	Macao	1	[{"added": {}}]	10	2
24	2025-02-26 13:22:58.197188+07	20	Ireland	1	[{"added": {}}]	10	2
25	2025-02-26 13:23:10.306121+07	21	Áo	1	[{"added": {}}]	10	2
26	2025-02-26 13:23:25.213027+07	22	Croatia	1	[{"added": {}}]	10	2
27	2025-02-26 13:23:41.479339+07	23	Slovakia	1	[{"added": {}}]	10	2
28	2025-02-26 13:24:02.34356+07	24	Đan Mạch	1	[{"added": {}}]	10	2
29	2025-02-26 13:24:24.516586+07	25	Qatar	1	[{"added": {}}]	10	2
30	2025-02-26 13:24:57.630575+07	26	Ả rập xê út	1	[{"added": {}}]	10	2
31	2025-02-26 13:25:22.185836+07	27	Dubai	1	[{"added": {}}]	10	2
32	2025-02-26 13:25:36.103212+07	28	Séc	1	[{"added": {}}]	10	2
33	2025-02-26 13:25:53.226135+07	29	Trung Quốc	1	[{"added": {}}]	10	2
34	2025-02-26 13:26:05.841441+07	30	Na Uy	1	[{"added": {}}]	10	2
35	2025-02-26 13:26:21.361809+07	31	Nước khác	1	[{"added": {}}]	10	2
36	2025-02-26 13:31:35.951016+07	1	Hà Nội	1	[{"added": {}}]	9	2
37	2025-02-26 13:31:52.513943+07	2	Hồ Chí Minh	1	[{"added": {}}]	9	2
38	2025-02-26 13:32:02.821972+07	3	Nghệ An	1	[{"added": {}}]	9	2
39	2025-02-26 13:32:08.827921+07	4	An Giang	1	[{"added": {}}]	9	2
40	2025-02-26 13:32:16.949652+07	5	Bà Rịa-Vũng Tàu	1	[{"added": {}}]	9	2
41	2025-02-26 13:32:24.213059+07	6	Bắc Giang	1	[{"added": {}}]	9	2
42	2025-02-26 13:32:34.082156+07	7	Bắc Kạn	1	[{"added": {}}]	9	2
43	2025-02-26 13:32:40.402341+07	8	Bạc Liêu	1	[{"added": {}}]	9	2
44	2025-02-26 13:32:47.255183+07	9	Bắc Ninh	1	[{"added": {}}]	9	2
45	2025-02-26 13:32:54.879099+07	10	Bến Tre	1	[{"added": {}}]	9	2
46	2025-02-26 13:33:03.770596+07	11	Bình Định	1	[{"added": {}}]	9	2
47	2025-02-26 13:33:11.181506+07	12	Bình Dương	1	[{"added": {}}]	9	2
48	2025-02-26 13:33:18.541308+07	13	Bình Phước	1	[{"added": {}}]	9	2
49	2025-02-26 13:33:25.070082+07	14	Bình Thuận	1	[{"added": {}}]	9	2
50	2025-02-26 13:33:31.205962+07	15	Cà Mau	1	[{"added": {}}]	9	2
51	2025-02-26 13:33:38.793331+07	16	Cần Thơ	1	[{"added": {}}]	9	2
52	2025-02-26 13:33:46.409132+07	17	Cao Bằng	1	[{"added": {}}]	9	2
53	2025-02-26 13:33:55.548311+07	18	Đà Nẵng	1	[{"added": {}}]	9	2
54	2025-02-26 13:34:04.955874+07	19	Đắk Lắk	1	[{"added": {}}]	9	2
55	2025-02-26 13:34:31.425004+07	20	Đắk Nông	1	[{"added": {}}]	9	2
56	2025-02-26 13:34:39.969575+07	21	Điện Biên	1	[{"added": {}}]	9	2
57	2025-02-26 13:34:47.792908+07	22	Đồng Nai	1	[{"added": {}}]	9	2
58	2025-02-26 13:34:54.854139+07	23	Đồng Tháp	1	[{"added": {}}]	9	2
59	2025-02-26 13:35:31.088159+07	24	Gia Lai	1	[{"added": {}}]	9	2
60	2025-02-26 13:35:37.542248+07	25	Hà Giang	1	[{"added": {}}]	9	2
61	2025-02-26 13:35:42.895271+07	26	Hà Nam	1	[{"added": {}}]	9	2
62	2025-02-26 13:35:50.189438+07	27	Hà Tĩnh	1	[{"added": {}}]	9	2
63	2025-02-26 13:36:01.891945+07	28	Hải Dương	1	[{"added": {}}]	9	2
64	2025-02-26 13:36:10.00774+07	29	Hải Phòng	1	[{"added": {}}]	9	2
65	2025-02-26 13:36:16.072255+07	30	Hậu Giang	1	[{"added": {}}]	9	2
66	2025-02-26 13:36:21.710909+07	31	Hòa Bình	1	[{"added": {}}]	9	2
67	2025-02-26 13:36:28.165268+07	32	Hưng Yên	1	[{"added": {}}]	9	2
68	2025-02-26 13:36:34.049254+07	33	Khánh Hòa	1	[{"added": {}}]	9	2
69	2025-02-26 13:36:39.816976+07	34	Kiên Giang	1	[{"added": {}}]	9	2
70	2025-02-26 13:36:45.089904+07	35	Kon Tum	1	[{"added": {}}]	9	2
71	2025-02-26 13:36:50.237561+07	36	Lai Châu	1	[{"added": {}}]	9	2
72	2025-02-26 13:36:57.853002+07	37	Lâm Đồng	1	[{"added": {}}]	9	2
73	2025-02-26 13:37:05.912265+07	38	Lạng Sơn	1	[{"added": {}}]	9	2
74	2025-02-26 13:37:11.367081+07	39	Lào Cai	1	[{"added": {}}]	9	2
75	2025-02-26 13:37:17.036482+07	40	Long An	1	[{"added": {}}]	9	2
76	2025-02-26 13:37:24.410726+07	41	Nam Định	1	[{"added": {}}]	9	2
77	2025-02-26 13:37:30.210834+07	42	Ninh Bình	1	[{"added": {}}]	9	2
78	2025-02-26 13:37:37.770089+07	43	Ninh Thuận	1	[{"added": {}}]	9	2
79	2025-02-26 13:37:44.645451+07	44	Phú Thọ	1	[{"added": {}}]	9	2
80	2025-02-26 13:37:50.654018+07	45	Phú Yên	1	[{"added": {}}]	9	2
81	2025-02-26 13:37:58.682002+07	46	Quảng Bình	1	[{"added": {}}]	9	2
82	2025-02-26 13:38:05.777093+07	47	Quảng Nam	1	[{"added": {}}]	9	2
83	2025-02-26 13:38:13.88283+07	48	Quảng Ngãi	1	[{"added": {}}]	9	2
84	2025-02-26 13:38:21.349734+07	49	Quảng Ninh	1	[{"added": {}}]	9	2
85	2025-02-26 13:38:29.430201+07	50	Quảng Trị	1	[{"added": {}}]	9	2
86	2025-02-26 13:38:35.279856+07	51	Sóc Trăng	1	[{"added": {}}]	9	2
87	2025-02-26 13:38:42.244184+07	52	Sơn La	1	[{"added": {}}]	9	2
88	2025-02-26 13:38:49.592207+07	53	Tây Ninh	1	[{"added": {}}]	9	2
89	2025-02-26 13:38:55.146953+07	54	Thái Bình	1	[{"added": {}}]	9	2
90	2025-02-26 13:39:01.249029+07	55	Thái Nguyên	1	[{"added": {}}]	9	2
91	2025-02-26 13:39:06.76631+07	56	Thanh Hóa	1	[{"added": {}}]	9	2
92	2025-02-26 13:39:16.72338+07	57	Thừa Thiên Huế	1	[{"added": {}}]	9	2
93	2025-02-26 13:39:23.855224+07	58	Tiền Giang	1	[{"added": {}}]	9	2
94	2025-02-26 13:39:29.520206+07	59	Trà Vinh	1	[{"added": {}}]	9	2
95	2025-02-26 13:39:35.068961+07	60	Tuyên Quang	1	[{"added": {}}]	9	2
96	2025-02-26 13:39:42.426204+07	61	Vĩnh Long	1	[{"added": {}}]	9	2
97	2025-02-26 13:39:49.405545+07	62	Vĩnh Phúc	1	[{"added": {}}]	9	2
98	2025-02-26 13:39:55.523539+07	63	Yên Bái	1	[{"added": {}}]	9	2
99	2025-02-26 15:20:42.793199+07	1	TTS Nhật Bản	2	[{"added": {"name": "province", "object": "Hokkaido"}}, {"added": {"name": "province", "object": "Aomori"}}, {"added": {"name": "province", "object": "Iwate"}}, {"added": {"name": "province", "object": "Miyagi"}}, {"added": {"name": "province", "object": "Akita"}}, {"added": {"name": "province", "object": "Yamagata"}}, {"added": {"name": "province", "object": "Fukushima"}}, {"added": {"name": "province", "object": "Ibaraki"}}, {"added": {"name": "province", "object": "Tochigi"}}, {"added": {"name": "province", "object": "Gunma"}}, {"added": {"name": "province", "object": "Saitama"}}, {"added": {"name": "province", "object": "Chiba"}}, {"added": {"name": "province", "object": "Tokyo"}}, {"added": {"name": "province", "object": "Kanagawa"}}, {"added": {"name": "province", "object": "Niigata"}}, {"added": {"name": "province", "object": "Toyama"}}, {"added": {"name": "province", "object": "Ishikawa"}}, {"added": {"name": "province", "object": "Fukui"}}, {"added": {"name": "province", "object": "Yamanashi"}}, {"added": {"name": "province", "object": "Nagano"}}, {"added": {"name": "province", "object": "Gifu"}}, {"added": {"name": "province", "object": "Shizuoka"}}, {"added": {"name": "province", "object": "Aichi"}}, {"added": {"name": "province", "object": "Mie"}}, {"added": {"name": "province", "object": "Shiga"}}, {"added": {"name": "province", "object": "Kyoto"}}, {"added": {"name": "province", "object": "Osaka"}}, {"added": {"name": "province", "object": "Hyogo"}}, {"added": {"name": "province", "object": "Nara"}}, {"added": {"name": "province", "object": "Wakayama"}}, {"added": {"name": "province", "object": "Tottori"}}, {"added": {"name": "province", "object": "Shimane"}}, {"added": {"name": "province", "object": "Okayama"}}, {"added": {"name": "province", "object": "Hiroshima"}}, {"added": {"name": "province", "object": "Yamaguchi"}}, {"added": {"name": "province", "object": "Tokushima"}}, {"added": {"name": "province", "object": "Kagawa"}}, {"added": {"name": "province", "object": "Ehime"}}, {"added": {"name": "province", "object": "Kochi"}}, {"added": {"name": "province", "object": "Fukuoka"}}, {"added": {"name": "province", "object": "Saga"}}, {"added": {"name": "province", "object": "Nagasaki"}}, {"added": {"name": "province", "object": "Kumamoto"}}, {"added": {"name": "province", "object": "\\u014cita"}}, {"added": {"name": "province", "object": "Miyazaki"}}, {"added": {"name": "province", "object": "Kagoshima"}}, {"added": {"name": "province", "object": "Okinawa"}}]	10	2
100	2025-02-26 15:21:19.566888+07	23	Aichi	2	[]	11	2
101	2025-02-26 15:21:23.29775+07	5	Akita	2	[]	11	2
102	2025-02-26 15:21:27.710795+07	19	Yamanashi	2	[]	11	2
103	2025-02-26 15:21:31.125924+07	37	Kagawa	2	[]	11	2
104	2025-02-26 15:21:33.818222+07	38	Ehime	2	[]	11	2
105	2025-02-26 15:21:36.961404+07	12	Chiba	2	[]	11	2
106	2025-02-26 15:21:40.458367+07	2	Aomori	2	[]	11	2
107	2025-02-26 15:21:43.898496+07	18	Fukui	2	[]	11	2
108	2025-02-26 15:21:47.495709+07	40	Fukuoka	2	[]	11	2
109	2025-02-26 15:21:50.861925+07	7	Fukushima	2	[]	11	2
110	2025-02-26 15:21:54.623871+07	21	Gifu	2	[]	11	2
111	2025-02-26 15:21:57.958468+07	10	Gunma	2	[]	11	2
112	2025-02-26 15:22:01.466535+07	34	Hiroshima	2	[]	11	2
113	2025-02-26 15:22:04.485741+07	1	Hokkaido	2	[]	11	2
114	2025-02-26 15:22:08.052199+07	28	Hyogo	2	[]	11	2
115	2025-02-26 15:22:11.451365+07	8	Ibaraki	2	[]	11	2
116	2025-02-26 15:22:14.78064+07	17	Ishikawa	2	[]	11	2
117	2025-02-26 15:22:18.400915+07	3	Iwate	2	[]	11	2
118	2025-02-26 15:22:21.861893+07	46	Kagoshima	2	[]	11	2
119	2025-02-26 15:22:25.706188+07	44	Ōita	2	[]	11	2
120	2025-02-26 15:22:28.733522+07	10	Gunma	2	[]	11	2
121	2025-02-26 15:22:32.932998+07	35	Yamaguchi	2	[]	11	2
122	2025-02-26 15:22:36.769922+07	6	Yamagata	2	[]	11	2
123	2025-02-26 15:22:40.756082+07	30	Wakayama	2	[]	11	2
124	2025-02-26 15:22:46.083861+07	16	Toyama	2	[]	11	2
125	2025-02-26 15:22:50.374111+07	31	Tottori	2	[]	11	2
126	2025-02-26 15:22:54.73001+07	13	Tokyo	2	[]	11	2
127	2025-02-26 15:22:59.239895+07	36	Tokushima	2	[]	11	2
128	2025-02-26 15:23:04.939906+07	9	Tochigi	2	[]	11	2
129	2025-02-26 15:23:10.362934+07	22	Shizuoka	2	[]	11	2
130	2025-02-26 15:23:15.096593+07	32	Shimane	2	[]	11	2
131	2025-02-26 15:23:19.220126+07	25	Shiga	2	[]	11	2
132	2025-02-26 15:23:23.648464+07	11	Saitama	2	[]	11	2
133	2025-02-26 15:34:17.40424+07	14	Kanagawa	2	[]	11	2
134	2025-02-26 15:34:22.278443+07	39	Kochi	2	[]	11	2
135	2025-02-26 15:34:26.313104+07	43	Kumamoto	2	[]	11	2
136	2025-02-26 15:34:30.584076+07	26	Kyoto	2	[]	11	2
137	2025-02-26 15:35:08.844353+07	24	Mie	2	[]	11	2
138	2025-02-26 15:35:12.613747+07	4	Miyagi	2	[]	11	2
139	2025-02-26 15:35:16.926179+07	45	Miyazaki	2	[]	11	2
140	2025-02-26 15:35:24.802066+07	20	Nagano	2	[]	11	2
141	2025-02-26 15:35:29.636486+07	42	Nagasaki	2	[]	11	2
142	2025-02-26 15:35:33.810343+07	29	Nara	2	[]	11	2
143	2025-02-26 15:35:38.045033+07	15	Niigata	2	[]	11	2
144	2025-02-26 15:35:42.41653+07	33	Okayama	2	[]	11	2
145	2025-02-26 15:35:46.430845+07	47	Okinawa	2	[]	11	2
146	2025-02-26 15:35:50.811846+07	27	Osaka	2	[]	11	2
147	2025-02-26 15:35:54.918066+07	41	Saga	2	[]	11	2
148	2025-02-26 15:49:02.714985+07	2	Kỹ sư Nhật Bản	2	[{"added": {"name": "province", "object": "Aichi"}}, {"added": {"name": "province", "object": "Akita"}}, {"added": {"name": "province", "object": "Aomori"}}, {"added": {"name": "province", "object": "Chiba"}}, {"added": {"name": "province", "object": "Ehime"}}, {"added": {"name": "province", "object": "Fukui"}}, {"added": {"name": "province", "object": "Fukuoka"}}, {"added": {"name": "province", "object": "Fukushima"}}, {"added": {"name": "province", "object": "Gifu"}}, {"added": {"name": "province", "object": "Gunma"}}, {"added": {"name": "province", "object": "Hiroshima"}}, {"added": {"name": "province", "object": "Hokkaido"}}, {"added": {"name": "province", "object": "Hyogo"}}, {"added": {"name": "province", "object": "Ibaraki"}}, {"added": {"name": "province", "object": "Ishikawa"}}, {"added": {"name": "province", "object": "Iwate"}}, {"added": {"name": "province", "object": "Kagawa"}}, {"added": {"name": "province", "object": "Kagoshima"}}, {"added": {"name": "province", "object": "Kanagawa"}}, {"added": {"name": "province", "object": "Kochi"}}, {"added": {"name": "province", "object": "Kumamoto"}}, {"added": {"name": "province", "object": "Kyoto"}}, {"added": {"name": "province", "object": "Mie"}}, {"added": {"name": "province", "object": "Miyagi"}}, {"added": {"name": "province", "object": "Miyazaki"}}, {"added": {"name": "province", "object": "Nagano"}}, {"added": {"name": "province", "object": "Nagasaki"}}, {"added": {"name": "province", "object": "Nara"}}, {"added": {"name": "province", "object": "Niigata"}}, {"added": {"name": "province", "object": "\\u014cita"}}, {"added": {"name": "province", "object": "Okayama"}}, {"added": {"name": "province", "object": "Okinawa"}}, {"added": {"name": "province", "object": "Osaka"}}, {"added": {"name": "province", "object": "Saga"}}, {"added": {"name": "province", "object": "Saitama"}}, {"added": {"name": "province", "object": "Shiga"}}, {"added": {"name": "province", "object": "Shimane"}}, {"added": {"name": "province", "object": "Shimane"}}, {"added": {"name": "province", "object": "Tochigi"}}, {"added": {"name": "province", "object": "Tokushima"}}, {"added": {"name": "province", "object": "Tokyo"}}, {"added": {"name": "province", "object": "Tottori"}}, {"added": {"name": "province", "object": "Toyama"}}, {"added": {"name": "province", "object": "Wakayama"}}, {"added": {"name": "province", "object": "Yamagata"}}, {"added": {"name": "province", "object": "Yamaguchi"}}, {"added": {"name": "province", "object": "Yamanashi"}}]	10	2
149	2025-02-26 16:04:36.399523+07	3	Đài Loan	2	[{"added": {"name": "province", "object": "\\u0110\\u00e0i B\\u1eafc"}}, {"added": {"name": "province", "object": "\\u0110\\u00e0i Nam"}}, {"added": {"name": "province", "object": "\\u0110\\u00e0i Trung"}}]	10	2
150	2025-02-26 16:08:42.014376+07	97	Đài Trung	2	[]	11	2
151	2025-02-26 16:08:45.672651+07	96	Đài Nam	2	[]	11	2
152	2025-02-26 16:08:48.555524+07	95	Đài Bắc	2	[]	11	2
153	2025-02-26 16:15:19.453442+07	32	Du học Đài	1	[{"added": {}}]	10	2
154	2025-02-26 16:17:54.100439+07	26	Ả rập xê út	2	[{"changed": {"fields": ["Show home"]}}]	10	2
155	2025-02-26 16:17:54.110968+07	12	Algeria	2	[{"changed": {"fields": ["Show home"]}}]	10	2
156	2025-02-26 16:17:54.116965+07	21	Áo	2	[{"changed": {"fields": ["Show home"]}}]	10	2
157	2025-02-26 16:17:54.123961+07	15	Ba Lan	2	[{"changed": {"fields": ["Show home"]}}]	10	2
158	2025-02-26 16:17:54.130957+07	8	Bulgaria	2	[{"changed": {"fields": ["Show home"]}}]	10	2
159	2025-02-26 16:17:54.137953+07	22	Croatia	2	[{"changed": {"fields": ["Show home"]}}]	10	2
160	2025-02-26 16:17:54.145049+07	3	Đài Loan	2	[{"changed": {"fields": ["Show home"]}}]	10	2
161	2025-02-26 16:17:54.152025+07	24	Đan Mạch	2	[{"changed": {"fields": ["Show home"]}}]	10	2
162	2025-02-26 16:17:54.158531+07	27	Dubai	2	[{"changed": {"fields": ["Show home"]}}]	10	2
163	2025-02-26 16:17:54.165526+07	5	Hàn Quốc	2	[{"changed": {"fields": ["Show home"]}}]	10	2
164	2025-02-26 16:17:54.172522+07	10	Hungary	2	[{"changed": {"fields": ["Show home"]}}]	10	2
165	2025-02-26 16:17:54.178519+07	13	Hy Lạp	2	[{"changed": {"fields": ["Show home"]}}]	10	2
166	2025-02-26 16:17:54.185515+07	20	Ireland	2	[{"changed": {"fields": ["Show home"]}}]	10	2
167	2025-02-26 16:17:54.191644+07	2	Kỹ sư Nhật Bản	2	[{"changed": {"fields": ["Show home"]}}]	10	2
168	2025-02-26 16:17:54.197733+07	16	Latvia	2	[{"changed": {"fields": ["Show home"]}}]	10	2
169	2025-02-26 16:17:54.203728+07	17	Litva	2	[{"changed": {"fields": ["Show home"]}}]	10	2
170	2025-02-26 16:17:54.209725+07	19	Macao	2	[{"changed": {"fields": ["Show home"]}}]	10	2
171	2025-02-26 16:17:54.214721+07	30	Na Uy	2	[{"changed": {"fields": ["Show home"]}}]	10	2
172	2025-02-26 16:17:54.221716+07	6	Nga	2	[{"changed": {"fields": ["Show home"]}}]	10	2
173	2025-02-26 16:17:54.226717+07	31	Nước khác	2	[{"changed": {"fields": ["Show home"]}}]	10	2
174	2025-02-26 16:17:54.232845+07	11	Pháp	2	[{"changed": {"fields": ["Show home"]}}]	10	2
175	2025-02-26 16:17:54.238841+07	25	Qatar	2	[{"changed": {"fields": ["Show home"]}}]	10	2
176	2025-02-26 16:17:54.243838+07	7	Rumani	2	[{"changed": {"fields": ["Show home"]}}]	10	2
177	2025-02-26 16:17:54.249984+07	28	Séc	2	[{"changed": {"fields": ["Show home"]}}]	10	2
178	2025-02-26 16:17:54.254936+07	9	Serbia	2	[{"changed": {"fields": ["Show home"]}}]	10	2
179	2025-02-26 16:17:54.261073+07	23	Slovakia	2	[{"changed": {"fields": ["Show home"]}}]	10	2
180	2025-02-26 16:17:54.26607+07	18	Tây Ban Nha	2	[{"changed": {"fields": ["Show home"]}}]	10	2
181	2025-02-26 16:17:54.272067+07	4	Tokutei Nhật	2	[{"changed": {"fields": ["Show home"]}}]	10	2
182	2025-02-26 16:17:54.278062+07	29	Trung Quốc	2	[{"changed": {"fields": ["Show home"]}}]	10	2
183	2025-02-26 16:17:54.28306+07	1	TTS Nhật Bản	2	[{"changed": {"fields": ["Show home"]}}]	10	2
184	2025-02-26 16:17:54.288057+07	14	Ý (Italia)	2	[{"changed": {"fields": ["Show home"]}}]	10	2
185	2025-02-26 16:18:25.114509+07	33	Kỹ sư Hàn Quốc	1	[{"added": {}}]	10	2
186	2025-02-26 16:19:28.693506+07	34	Singapore	1	[{"added": {}}, {"added": {"name": "province", "object": "V\\u00f9ng B\\u1eafc"}}, {"added": {"name": "province", "object": "V\\u00f9ng \\u0110\\u00f4ng"}}, {"added": {"name": "province", "object": "V\\u00f9ng \\u0110\\u00f4ng B\\u1eafc"}}, {"added": {"name": "province", "object": "V\\u00f9ng T\\u00e2y"}}, {"added": {"name": "province", "object": "V\\u00f9ng Trung T\\u00e2m"}}]	10	2
187	2025-02-26 16:38:40.452694+07	4	Tokutei Nhật	2	[{"added": {"name": "province", "object": "Yamanashi"}}, {"added": {"name": "province", "object": "Yamaguchi"}}, {"added": {"name": "province", "object": "Yamagata"}}, {"added": {"name": "province", "object": "Wakayama"}}, {"added": {"name": "province", "object": "Toyama"}}, {"added": {"name": "province", "object": "Tottori"}}, {"added": {"name": "province", "object": "Tokyo"}}, {"added": {"name": "province", "object": "Tokushima"}}, {"added": {"name": "province", "object": "Tochigi"}}, {"added": {"name": "province", "object": "Shimane"}}, {"added": {"name": "province", "object": "Shimane"}}, {"added": {"name": "province", "object": "Shiga"}}, {"added": {"name": "province", "object": "Saitama"}}, {"added": {"name": "province", "object": "Saga"}}, {"added": {"name": "province", "object": "Osaka"}}, {"added": {"name": "province", "object": "Okinawa"}}, {"added": {"name": "province", "object": "Okayama"}}, {"added": {"name": "province", "object": "\\u014cita"}}, {"added": {"name": "province", "object": "Niigata"}}, {"added": {"name": "province", "object": "Nara"}}, {"added": {"name": "province", "object": "Nagasaki"}}, {"added": {"name": "province", "object": "Nagano"}}, {"added": {"name": "province", "object": "Miyazaki"}}, {"added": {"name": "province", "object": "Miyagi"}}, {"added": {"name": "province", "object": "Mie"}}, {"added": {"name": "province", "object": "Kyoto"}}, {"added": {"name": "province", "object": "Kumamoto"}}, {"added": {"name": "province", "object": "Kochi"}}, {"added": {"name": "province", "object": "Kanagawa"}}, {"added": {"name": "province", "object": "Kagoshima"}}, {"added": {"name": "province", "object": "Kagawa"}}, {"added": {"name": "province", "object": "Iwate"}}, {"added": {"name": "province", "object": "Ishikawa"}}, {"added": {"name": "province", "object": "Ibaraki"}}, {"added": {"name": "province", "object": "Hyogo"}}, {"added": {"name": "province", "object": "Hokkaido"}}, {"added": {"name": "province", "object": "Hiroshima"}}, {"added": {"name": "province", "object": "Gunma"}}, {"added": {"name": "province", "object": "Gifu"}}, {"added": {"name": "province", "object": "Fukushima"}}, {"added": {"name": "province", "object": "Fukuoka"}}, {"added": {"name": "province", "object": "Fukui"}}, {"added": {"name": "province", "object": "Ehime"}}, {"added": {"name": "province", "object": "Chiba"}}, {"added": {"name": "province", "object": "Aomori"}}, {"added": {"name": "province", "object": "Akita"}}, {"added": {"name": "province", "object": "Aichi"}}]	10	2
188	2025-02-26 16:39:15.821989+07	35	Du học Hàn	1	[{"added": {}}]	10	2
189	2025-02-26 16:39:32.310082+07	36	Du học Nhật	1	[{"added": {}}]	10	2
190	2025-02-26 16:39:56.633511+07	37	Du học Đức	1	[{"added": {}}]	10	2
191	2025-02-26 16:40:56.9221+07	38	Du học Úc	1	[{"added": {}}]	10	2
192	2025-02-26 16:41:13.675996+07	39	Du học New	1	[{"added": {}}]	10	2
193	2025-02-26 16:41:36.737924+07	40	Malaysia	1	[{"added": {}}]	10	2
194	2025-02-26 16:42:04.276117+07	7	Rumani	2	[{"added": {"name": "province", "object": "Bucharest"}}]	10	2
195	2025-02-26 16:42:22.640502+07	41	New Zealand	1	[{"added": {}}]	10	2
196	2025-02-26 16:44:20.924167+07	42	Australia	1	[{"added": {}}]	10	2
197	2025-02-26 16:45:09.732934+07	43	Đức	1	[{"added": {}}]	10	2
198	2025-02-26 16:45:28.660621+07	44	Anh	1	[{"added": {}}]	10	2
199	2025-02-26 16:45:43.0177+07	45	Mỹ	1	[{"added": {}}]	10	2
200	2025-02-26 16:45:54.488027+07	46	Du học Canada	1	[{"added": {}}]	10	2
201	2025-02-26 16:46:22.311916+07	47	Canada	1	[{"added": {}}, {"added": {"name": "province", "object": "Manitoba"}}]	10	2
202	2025-02-26 16:47:52.709426+07	48	Phần Lan	1	[{"added": {}}]	10	2
203	2025-02-26 16:48:04.357414+07	49	Angola	1	[{"added": {}}]	10	2
204	2025-02-26 16:48:19.956691+07	50	Đảo Síp	1	[{"added": {}}]	10	2
205	2025-02-26 16:48:50.886568+07	51	Belarus	1	[{"added": {}}]	10	2
206	2025-02-26 16:49:22.006057+07	52	Thổ Nhĩ Kỳ	1	[{"added": {}}]	10	2
207	2025-02-26 16:58:03.670653+07	1	Công xưởng	1	[{"added": {}}]	12	2
208	2025-02-26 16:58:18.963485+07	2	Bảo dưỡng máy móc	1	[{"added": {}}]	12	2
209	2025-02-26 16:58:33.470909+07	3	Chế biến thực phẩm	1	[{"added": {}}]	12	2
210	2025-02-26 16:58:50.431786+07	4	Chế biến thủy sản	1	[{"added": {}}]	12	2
211	2025-02-26 16:59:10.428683+07	5	Cơ khí	1	[{"added": {}}]	12	2
212	2025-02-26 16:59:20.137154+07	6	Điện tử	1	[{"added": {}}]	12	2
213	2025-02-26 16:59:40.290176+07	7	Điều dưỡng, hộ lý	1	[{"added": {}}]	12	2
214	2025-02-26 16:59:52.82458+07	8	Dọn dẹp vệ sinh	1	[{"added": {}}]	12	2
215	2025-02-26 17:00:03.809925+07	9	Đóng gói công nghiệp	1	[{"added": {}}]	12	2
216	2025-02-26 17:00:12.267933+07	10	Giúp việc	1	[{"added": {}}]	12	2
217	2025-02-26 17:00:21.80533+07	11	Hàn xì, hàn mig, mag	1	[{"added": {}}]	12	2
218	2025-02-26 17:00:33.849478+07	12	In ấn	1	[{"added": {}}]	12	2
219	2025-02-26 17:00:40.982093+07	13	Khách sạn, nhà hàng	1	[{"added": {}}]	12	2
220	2025-02-26 17:00:49.768605+07	14	Lái xe, lái máy	1	[{"added": {}}]	12	2
221	2025-02-26 17:00:58.955513+07	15	May mặc, dệt	1	[{"added": {}}]	12	2
222	2025-02-26 17:01:05.879144+07	16	Mộc	1	[{"added": {}}]	12	2
223	2025-02-26 17:01:16.45304+07	17	Nông nghiệp chăn nuôi	1	[{"added": {}}]	12	2
224	2025-02-26 17:01:29.257594+07	18	Nông nghiệp trồng trọt	1	[{"added": {}}]	12	2
225	2025-02-26 17:01:35.138155+07	19	Ô tô	1	[{"added": {}}]	12	2
226	2025-02-26 17:01:49.568172+07	20	Thủy sản, ngư nghiệp	1	[{"added": {}}]	12	2
227	2025-02-26 17:01:59.138183+07	21	Xây dựng	1	[{"added": {}}]	12	2
228	2025-02-26 17:02:10.195729+07	22	Ngành nghề khác	1	[{"added": {}}]	12	2
229	2025-02-26 17:03:23.334621+07	1	Không yêu cầu	1	[{"added": {}}]	16	2
230	2025-02-26 17:04:06.277768+07	1	Không yêu cầu	2	[]	16	2
231	2025-02-26 17:04:14.180951+07	2	Có tay nghề liên quan	1	[{"added": {}}]	16	2
232	2025-02-26 17:04:19.943363+07	3	Bán hàng	1	[{"added": {}}]	16	2
233	2025-02-26 17:04:25.021397+07	4	Chăm sóc sắc đẹp	1	[{"added": {}}]	16	2
234	2025-02-26 17:04:30.953591+07	5	Chế biến thực phẩm	1	[{"added": {}}]	16	2
235	2025-02-26 17:04:36.97832+07	6	Chế biến thủy sản	1	[{"added": {}}]	16	2
236	2025-02-26 17:04:43.583141+07	7	CNC	1	[{"added": {}}]	16	2
237	2025-02-26 17:04:48.95345+07	8	Cơ khí	1	[{"added": {}}]	16	2
238	2025-02-26 17:04:53.940592+07	9	Dệt, May	1	[{"added": {}}]	16	2
239	2025-02-26 17:04:59.341978+07	10	Dọn dẹp vệ sinh	1	[{"added": {}}]	16	2
240	2025-02-26 17:05:05.18779+07	11	Đầu bếp	1	[{"added": {}}]	16	2
241	2025-02-26 17:05:10.375152+07	12	Điện nước	1	[{"added": {}}]	16	2
242	2025-02-26 17:05:18.023671+07	13	Điện tử, điện lạnh	1	[{"added": {}}]	16	2
243	2025-02-26 17:05:22.82549+07	14	Điều dưỡng, hộ lý	1	[{"added": {}}]	16	2
244	2025-02-26 17:05:28.140063+07	15	Đóng gói	1	[{"added": {}}]	16	2
245	2025-02-26 17:05:33.130659+07	16	Giúp việc	1	[{"added": {}}]	16	2
246	2025-02-26 17:05:38.607687+07	17	Hàn xì, hàn mig, mag, 3G, 6G	1	[{"added": {}}]	16	2
247	2025-02-26 17:05:44.508131+07	18	Lái máy xây dựng	1	[{"added": {}}]	16	2
248	2025-02-26 17:05:49.463239+07	19	Lái xe ô tô	1	[{"added": {}}]	16	2
249	2025-02-26 17:05:55.02403+07	20	Làm tóc, làm mi, làm nail	1	[{"added": {}}]	16	2
250	2025-02-26 17:06:00.042888+07	21	Mộc	1	[{"added": {}}]	16	2
251	2025-02-26 17:06:06.268629+07	22	Ngư nghiệp, đánh cá	1	[{"added": {}}]	16	2
252	2025-02-26 17:06:11.487043+07	23	Nông nghiệp chăn nuôi	1	[{"added": {}}]	16	2
253	2025-02-26 17:06:17.124687+07	24	Nông nghiệp trồng trọt	1	[{"added": {}}]	16	2
254	2025-02-26 17:06:23.358615+07	25	Phục vụ nhà hàng, khách sạn	1	[{"added": {}}]	16	2
255	2025-02-26 17:06:28.976419+07	26	Phun sơn kim loại	1	[{"added": {}}]	16	2
256	2025-02-26 17:06:34.969912+07	27	Spa, thẩm mỹ	1	[{"added": {}}]	16	2
257	2025-02-26 17:06:39.832935+07	28	Sửa chữa, bảo dưỡng ô tô	1	[{"added": {}}]	16	2
258	2025-02-26 17:06:44.99247+07	29	Sơn nhà	1	[{"added": {}}]	16	2
259	2025-02-26 17:06:50.338679+07	30	Thẩm mỹ	1	[{"added": {}}]	16	2
260	2025-02-26 17:06:55.980914+07	31	Tin học	1	[{"added": {}}]	16	2
261	2025-02-26 17:07:01.848664+07	32	Xây dựng: Xây, trát, ốp lát, sắt thép, copha, thạc	1	[{"added": {}}]	16	2
262	2025-02-26 17:08:26.920848+07	1	Nam	1	[{"added": {}}]	15	2
263	2025-02-26 17:08:32.550488+07	2	Nữ	1	[{"added": {}}]	15	2
286	2025-02-27 15:19:05.068169+07	5	0337019846 - Ứng viên	2	[{"changed": {"fields": ["Vai tr\\u00f2", "Staff status"]}}]	19	2
485	2025-03-04 23:49:49.137502+07	27	8	3		12	2
486	2025-03-04 23:49:49.140016+07	28	9	3		12	2
333	2025-03-01 11:58:32.023506+07	1	Hướng dẫn	1	[{"added": {}}]	22	2
334	2025-03-01 11:59:24.61628+07	2	Chương trình hỗ trợ xklđ	1	[{"added": {}}]	22	2
335	2025-03-01 11:59:42.720605+07	3	Tin tức	1	[{"added": {}}]	22	2
336	2025-03-01 12:00:04.743824+07	4	Cập nhật thông tin xuất khẩu lao động	1	[{"added": {}}]	22	2
337	2025-03-01 12:00:22.51797+07	5	Thông tin cần biết	1	[{"added": {}}]	22	2
338	2025-03-01 12:03:13.980257+07	1	Các bước đăng ký làm hộ chiếu trên Cổng Dịch Vụ Công Quốc Gia.	1	[{"added": {}}]	13	2
339	2025-03-01 12:09:13.314053+07	1	Các bước đăng ký làm hộ chiếu trên Cổng Dịch Vụ Công Quốc Gia.	2	[{"changed": {"fields": ["Description"]}}]	13	2
340	2025-03-01 12:10:30.692266+07	2	Hướng dẫn sử dụng esim khi ra nước ngoài.	1	[{"added": {}}]	13	2
341	2025-03-01 14:50:01.310968+07	3	Đăng ký xin giấy tư pháp trên ứng dụng VNeID.	1	[{"added": {}}]	13	2
342	2025-03-01 14:50:57.706332+07	4	Hỗ trợ tra cứu giá vé máy bay trong nước và quốc tế của tất cả các hãng.	1	[{"added": {}}]	13	2
343	2025-03-01 15:44:20.494214+07	4	Hỗ trợ tra cứu giá vé máy bay trong nước và quốc tế của tất cả các hãng.	2	[{"changed": {"fields": ["Content"]}}]	13	2
344	2025-03-01 15:44:40.370491+07	4	Hỗ trợ tra cứu giá vé máy bay trong nước và quốc tế của tất cả các hãng.	2	[{"changed": {"fields": ["Content"]}}]	13	2
345	2025-03-01 15:50:50.192349+07	2	Hướng dẫn sử dụng esim khi ra nước ngoài.	2	[{"changed": {"fields": ["Content"]}}]	13	2
346	2025-03-01 15:52:43.147436+07	1	Các bước đăng ký làm hộ chiếu trên Cổng Dịch Vụ Công Quốc Gia.	2	[{"changed": {"fields": ["Content"]}}]	13	2
347	2025-03-01 15:53:11.997346+07	1	Các bước đăng ký làm hộ chiếu trên Cổng Dịch Vụ Công Quốc Gia.	2	[{"changed": {"fields": ["Content"]}}]	13	2
348	2025-03-01 15:55:02.317567+07	5	Tổng hợp thẻ quà tặng từ các trung tâm khi đăng ký xklđ và du học các nước.	1	[{"added": {}}]	13	2
487	2025-03-04 23:50:01.775363+07	64	3	3		9	2
488	2025-03-04 23:50:01.781532+07	65	4	3		9	2
489	2025-03-04 23:50:01.783089+07	66	5	3		9	2
490	2025-03-04 23:50:01.78566+07	67	6	3		9	2
491	2025-03-04 23:50:01.787616+07	68	7	3		9	2
492	2025-03-04 23:50:01.79068+07	69	8	3		9	2
349	2025-03-01 15:55:26.595907+07	5	Tổng hợp thẻ quà tặng từ các trung tâm khi đăng ký xklđ và du học các nước.	2	[{"changed": {"fields": ["Danh m\\u1ee5c"]}}]	13	2
350	2025-03-01 15:56:31.548072+07	5	Tổng hợp thẻ quà tặng từ các trung tâm khi đăng ký xklđ và du học các nước.	2	[{"changed": {"fields": ["Danh m\\u1ee5c"]}}]	13	2
351	2025-03-01 15:58:37.584503+07	5	Tổng hợp thẻ quà tặng từ các trung tâm khi đăng ký xklđ và du học các nước.	2	[{"changed": {"fields": ["Content"]}}]	13	2
352	2025-03-01 16:00:08.451732+07	5	Tổng hợp thẻ quà tặng từ các trung tâm khi đăng ký xklđ và du học các nước.	2	[{"changed": {"fields": ["Content"]}}]	13	2
353	2025-03-01 16:00:46.463784+07	5	Tổng hợp thẻ quà tặng từ các trung tâm khi đăng ký xklđ và du học các nước.	2	[{"changed": {"fields": ["Content"]}}]	13	2
354	2025-03-01 16:01:42.203129+07	5	Tổng hợp thẻ quà tặng từ các trung tâm khi đăng ký xklđ và du học các nước.	2	[{"changed": {"fields": ["Content"]}}]	13	2
355	2025-03-01 16:04:38.355681+07	6	Chương trình hỗ trợ các bạn kỹ sư đi làm việc tại Nhật Bản từ công ty Abey’s	1	[{"added": {}}]	13	2
356	2025-03-01 16:06:42.520487+07	7	Chính sách mới của Thái Lan liên quan đến lao động nước ngoài làm việc tại Thái Lan	1	[{"added": {}}]	13	2
357	2025-03-01 16:16:37.283379+07	1	Giới thiệu "Sàn xuất khẩu lao động .com"	1	[{"added": {}}]	14	2
358	2025-03-01 16:17:53.856657+07	2	Anvibi Group | Công ty TNHH Anvibi Group.	1	[{"added": {}}]	14	2
359	2025-03-01 16:20:36.162923+07	3	Điều khoản sử dụng	1	[{"added": {}}]	14	2
360	2025-03-01 16:21:10.072154+07	4	Chính sách bảo mật thông tin	1	[{"added": {}}]	14	2
361	2025-03-01 16:21:32.310141+07	5	Quy trình giải quyết tranh chấp, khiếu nại.	1	[{"added": {}}]	14	2
362	2025-03-01 16:22:38.783562+07	6	Chương trình ưu đãi dành cho nhà tuyển dụng.	1	[{"added": {}}]	14	2
363	2025-03-01 16:22:55.0937+07	7	Sản xuất video giới thiệu doanh nghiệp xklđ	1	[{"added": {}}]	14	2
364	2025-03-01 16:23:12.988784+07	8	Dịch vụ pháp lý cho doanh nghiệp xuất khẩu lao động	1	[{"added": {}}]	14	2
365	2025-03-01 16:25:02.355025+07	9	Dành cho ứng viên	1	[{"added": {}}]	14	2
366	2025-03-01 16:26:09.875914+07	10	Liên hệ	1	[{"added": {}}]	14	2
367	2025-03-01 16:44:05.399792+07	1	Giới thiệu "Sàn xuất khẩu lao động .com"	2	[{"changed": {"fields": ["Content"]}}]	14	2
368	2025-03-01 16:44:36.643851+07	1	Giới thiệu "Sàn xuất khẩu lao động .com"	2	[{"changed": {"fields": ["Content"]}}]	14	2
369	2025-03-01 16:44:59.993017+07	1	Giới thiệu "Sàn xuất khẩu lao động .com"	2	[{"changed": {"fields": ["Content"]}}]	14	2
370	2025-03-01 16:45:04.338833+07	10	Liên hệ	2	[]	14	2
371	2025-03-01 16:45:25.244443+07	6	Chương trình ưu đãi dành cho nhà tuyển dụng.	2	[{"changed": {"fields": ["Content"]}}]	14	2
372	2025-03-01 16:46:26.617979+07	6	Chương trình ưu đãi dành cho nhà tuyển dụng.	2	[{"changed": {"fields": ["Content"]}}]	14	2
373	2025-03-01 16:47:12.237611+07	6	Chương trình ưu đãi dành cho nhà tuyển dụng.	2	[{"changed": {"fields": ["Content"]}}]	14	2
374	2025-03-01 20:13:29.189262+07	3	0968803554 - Admin	2	[{"changed": {"fields": ["Gi\\u1edbi t\\u00ednh", "T\\u01b0 V\\u1ea5n", "Ghi ch\\u00fa", "H\\u00ecnh X\\u0103m", "Vi\\u00eam gan B", "H\\u00fat thu\\u1ed1c", "U\\u1ed1ng r\\u01b0\\u1ee3u", "B\\u1ec7nh di truy\\u1ec1n", "T\\u1ed1t nghi\\u1ec7p", "Ngo\\u1ea1i ng\\u1eef", "B\\u1eb1ng ngh\\u1ec1"]}}]	19	2
375	2025-03-01 20:13:56.977863+07	4	0399798186 - Admin	2	[{"changed": {"fields": ["Gi\\u1edbi t\\u00ednh", "T\\u01b0 V\\u1ea5n", "H\\u00ecnh X\\u0103m", "Vi\\u00eam gan B", "H\\u00fat thu\\u1ed1c", "U\\u1ed1ng r\\u01b0\\u1ee3u", "B\\u1ec7nh di truy\\u1ec1n", "T\\u1ed1t nghi\\u1ec7p", "Ngo\\u1ea1i ng\\u1eef", "B\\u1eb1ng ngh\\u1ec1"]}}]	19	2
376	2025-03-01 20:25:51.145922+07	4	0399798186 - Admin	2	[{"changed": {"fields": ["Zalo"]}}]	19	2
377	2025-03-01 20:33:52.706231+07	3	0968803554 - Admin	2	[{"changed": {"fields": ["\\u1ea2nh b\\u00eca"]}}]	19	2
378	2025-03-01 20:55:36.101015+07	21	Malta2	3		21	2
379	2025-03-01 20:55:36.107519+07	20	Algiers56	3		21	2
380	2025-03-01 20:55:36.110024+07	19	Ngueen van A45	3		21	2
381	2025-03-01 20:55:36.112066+07	18	Ngueen van A	3		21	2
382	2025-03-01 20:55:36.11406+07	17	Lê Đức Hoành	3		21	2
383	2025-03-01 20:55:36.11606+07	16	Ngueen van A	3		21	2
384	2025-03-01 20:55:36.118059+07	15	Malta	3		21	2
385	2025-03-01 20:55:36.120058+07	14	Ngueen van A	3		21	2
386	2025-03-01 20:55:36.122056+07	13	Mali	3		21	2
387	2025-03-01 20:55:36.124056+07	12	Lê Đức Hoành	3		21	2
388	2025-03-01 20:55:36.126054+07	11	Ngueen van A	3		21	2
389	2025-03-01 20:55:36.127053+07	10	Ngueen van A	3		21	2
390	2025-03-01 20:55:36.129561+07	9	Mali	3		21	2
391	2025-03-01 20:55:36.131559+07	8	Mauritius	3		21	2
392	2025-03-01 20:55:36.133559+07	7	Malta	3		21	2
393	2025-03-01 20:55:36.135877+07	6	Mauritius	3		21	2
394	2025-03-01 20:55:36.136876+07	5	Ngueen van A	3		21	2
395	2025-03-01 20:55:36.139874+07	4	Lê Đức Hoành	3		21	2
396	2025-03-01 22:44:56.911816+07	6	Serbia (châu Âu) tuyển 50 nam thợ ốp lát [Lương cao]	2	[{"changed": {"fields": ["Qu\\u1ed1c gia", "T\\u1ec9nh, khu v\\u1ef1c"]}}]	17	2
397	2025-03-01 22:46:47.019661+07	6	Serbia (châu Âu) tuyển 50 nam thợ ốp lát [Lương cao]	2	[{"changed": {"fields": ["Qu\\u1ed1c gia", "T\\u1ec9nh, khu v\\u1ef1c"]}}]	17	2
398	2025-03-01 22:57:44.487639+07	6	Serbia (châu Âu) tuyển 50 nam thợ ốp lát [Lương cao]	2	[{"changed": {"fields": ["C\\u00f4ng vi\\u1ec7c c\\u1ee5 th\\u1ec3"]}}]	17	2
399	2025-03-01 23:31:08.106373+07	6	Serbia (châu Âu) tuyển 50 nam thợ ốp lát [Lương cao]	2	[{"changed": {"fields": ["D\\u1ef1 ki\\u1ebfn xu\\u1ea5t c\\u1ea3nh"]}}]	17	2
400	2025-03-01 23:32:05.830197+07	6	Serbia (châu Âu) tuyển 50 nam thợ ốp lát [Lương cao]	2	[{"changed": {"fields": ["Ng\\u00e0y thi tuy\\u1ec3n"]}}]	17	2
401	2025-03-01 23:37:57.31868+07	6	Serbia (châu Âu) tuyển 50 nam thợ ốp lát [Lương cao]	2	[{"changed": {"fields": ["Y\\u00eau c\\u1ea7u kh\\u00e1c"]}}]	17	2
402	2025-03-02 00:20:22.788982+07	3	Tuyển 40 kỹ sư sản xuất, bảo dưỡng phụ kiện ô tô Nhật Bản - [Hỗ trợ phí thấp]	2	[{"changed": {"fields": ["Quy\\u1ec1n l\\u1ee3i kh\\u00e1c", "Ch\\u01b0\\u01a1ng tr\\u00ecnh h\\u1ed7 tr\\u1ee3"]}}]	17	2
403	2025-03-02 00:36:01.426311+07	5	Tuyển 10 Nam thợ xây dựng làm việc tại Đức.	2	[{"changed": {"fields": ["Quy\\u1ec1n l\\u1ee3i kh\\u00e1c", "Y\\u00eau c\\u1ea7u kh\\u00e1c"]}}]	17	2
404	2025-03-02 00:36:17.737887+07	1	Tuyển 10 Nam Nữ kỹ sư chuyên ngành kỹ thuật làm việc tại Nhật Bản.	2	[{"changed": {"fields": ["C\\u00f4ng vi\\u1ec7c c\\u1ee5 th\\u1ec3"]}}]	17	2
405	2025-03-02 00:42:31.895808+07	4	Tuyển 18 Nữ Hộ Lý Cao Hùng - Đài Loan.	2	[{"changed": {"fields": ["C\\u00f4ng vi\\u1ec7c c\\u1ee5 th\\u1ec3", "Quy\\u1ec1n l\\u1ee3i kh\\u00e1c", "Ch\\u01b0\\u01a1ng tr\\u00ecnh h\\u1ed7 tr\\u1ee3", "Y\\u00eau c\\u1ea7u kh\\u00e1c"]}}]	17	2
406	2025-03-02 00:47:41.398227+07	6	Serbia (châu Âu) tuyển 50 nam thợ ốp lát [Lương cao]	2	[]	17	2
407	2025-03-02 15:42:16.618206+07	2	admin	2	[{"changed": {"fields": ["Vai tr\\u00f2", "Gi\\u1edbi t\\u00ednh", "H\\u00ecnh X\\u0103m", "Vi\\u00eam gan B", "H\\u00fat thu\\u1ed1c", "U\\u1ed1ng r\\u01b0\\u1ee3u", "B\\u1ec7nh di truy\\u1ec1n", "T\\u1ed1t nghi\\u1ec7p", "Ngo\\u1ea1i ng\\u1eef", "B\\u1eb1ng ngh\\u1ec1"]}}]	19	2
408	2025-03-02 15:42:27.069995+07	3	employer	2	[{"changed": {"fields": ["Vai tr\\u00f2"]}}]	19	2
409	2025-03-02 15:42:34.196553+07	4	employer	2	[{"changed": {"fields": ["Vai tr\\u00f2"]}}]	19	2
410	2025-03-02 15:42:41.179341+07	6	applicant	2	[{"changed": {"fields": ["Vai tr\\u00f2", "Gi\\u1edbi t\\u00ednh", "H\\u00ecnh X\\u0103m", "Vi\\u00eam gan B", "H\\u00fat thu\\u1ed1c", "U\\u1ed1ng r\\u01b0\\u1ee3u", "B\\u1ec7nh di truy\\u1ec1n", "T\\u1ed1t nghi\\u1ec7p", "Ngo\\u1ea1i ng\\u1eef", "B\\u1eb1ng ngh\\u1ec1"]}}]	19	2
411	2025-03-02 15:42:48.844736+07	5	applicant	2	[{"changed": {"fields": ["Vai tr\\u00f2"]}}]	19	2
412	2025-03-02 15:42:58.891207+07	4	employer	2	[{"changed": {"fields": ["Staff status"]}}]	19	2
413	2025-03-02 15:43:06.31811+07	3	employer	2	[{"changed": {"fields": ["Staff status"]}}]	19	2
414	2025-03-03 12:58:15.415314+07	43	applicant	2	[{"changed": {"fields": ["Gi\\u1edbi t\\u00ednh"]}}]	19	2
415	2025-03-03 13:00:56.324801+07	43	applicant	2	[{"changed": {"fields": ["Xkl\\u0111 c\\u00e1c n\\u01b0\\u1edbc", "Ng\\u00e0nh ngh\\u1ec1", "H\\u00ecnh X\\u0103m", "Vi\\u00eam gan B", "H\\u00fat thu\\u1ed1c", "U\\u1ed1ng r\\u01b0\\u1ee3u", "B\\u1ec7nh di truy\\u1ec1n", "T\\u1ed1t nghi\\u1ec7p", "Ngo\\u1ea1i ng\\u1eef", "B\\u1eb1ng ngh\\u1ec1"]}}]	19	2
416	2025-03-03 13:04:26.847914+07	43	applicant	2	[{"changed": {"fields": ["H\\u00ecnh X\\u0103m", "Vi\\u00eam gan B", "U\\u1ed1ng r\\u01b0\\u1ee3u", "B\\u1ec7nh di truy\\u1ec1n", "T\\u1ed1t nghi\\u1ec7p", "Ngo\\u1ea1i ng\\u1eef", "B\\u1eb1ng ngh\\u1ec1"]}}]	19	2
417	2025-03-03 15:33:35.436449+07	43	applicant	2	[{"changed": {"fields": ["\\u1ea2nh", "Ghi ch\\u00fa", "T\\u1ed1t nghi\\u1ec7p"]}}]	19	2
418	2025-03-03 23:31:12.527862+07	57		3		19	2
419	2025-03-04 11:40:21.932097+07	152	Toàn quốc	1	[{"added": {}}]	11	2
420	2025-03-04 12:43:17.638828+07	153	Toàn quốc	1	[{"added": {}}]	11	2
421	2025-03-04 20:11:24.287766+07	13	Lê Đức Hoành	3		17	2
422	2025-03-04 20:11:24.295266+07	6	Serbia (châu Âu) tuyển 50 nam thợ ốp lát [Lương cao]	3		17	2
423	2025-03-04 20:11:24.296771+07	5	Tuyển 10 Nam thợ xây dựng làm việc tại Đức.	3		17	2
424	2025-03-04 20:11:24.298896+07	4	Tuyển 18 Nữ Hộ Lý Cao Hùng - Đài Loan.	3		17	2
425	2025-03-04 20:11:24.300895+07	3	Tuyển 40 kỹ sư sản xuất, bảo dưỡng phụ kiện ô tô Nhật Bản - [Hỗ trợ phí thấp]	3		17	2
426	2025-03-04 20:11:24.302894+07	1	Tuyển 10 Nam Nữ kỹ sư chuyên ngành kỹ thuật làm việc tại Nhật Bản.	3		17	2
427	2025-03-04 20:12:06.295981+07	33	ngueyn canh	3		21	2
428	2025-03-04 20:12:06.302017+07	32	ve ngươi ta	3		21	2
429	2025-03-04 20:13:00.201083+07	5	0337019846	3		19	2
430	2025-03-04 20:13:00.205669+07	6	0385340594	3		19	2
431	2025-03-04 20:13:00.208241+07	4	0399798186	3		19	2
432	2025-03-04 20:13:00.210813+07	47	0678123467	3		19	2
433	2025-03-04 20:13:00.212836+07	43	0965432112	3		19	2
434	2025-03-04 20:13:00.214408+07	56	0965435567	3		19	2
435	2025-03-04 20:13:00.216994+07	52	0965435820	3		19	2
436	2025-03-04 20:13:00.220539+07	49	0965435821	3		19	2
437	2025-03-04 20:13:00.223109+07	48	0965435822	3		19	2
438	2025-03-04 20:13:00.225139+07	51	0965435823	3		19	2
439	2025-03-04 20:13:00.226711+07	50	0965435824	3		19	2
440	2025-03-04 20:13:00.229283+07	40	0965435825	3		19	2
441	2025-03-04 20:13:00.230834+07	42	0965435828	3		19	2
442	2025-03-04 20:13:00.233377+07	41	0965435829	3		19	2
443	2025-03-04 20:13:00.235403+07	55	0965435836	3		19	2
444	2025-03-04 20:13:00.236948+07	45	0965435928	3		19	2
445	2025-03-04 20:13:00.239014+07	53	0965437822	3		19	2
446	2025-03-04 20:13:00.241586+07	46	0965437825	3		19	2
447	2025-03-04 20:13:00.243583+07	54	0965937825	3		19	2
448	2025-03-04 20:13:00.245135+07	3	0968803554	3		19	2
449	2025-03-04 20:13:00.247709+07	44	0987654321	3		19	2
450	2025-03-04 20:50:21.238332+07	61	033701984690	3		19	2
451	2025-03-04 20:53:59.354416+07	62	0337019	3		19	2
452	2025-03-04 20:57:07.451127+07	63	0337019846	3		19	2
453	2025-03-04 20:59:41.047252+07	64	0337019846	3		19	2
454	2025-03-04 21:05:31.685613+07	65	0337019846	3		19	2
455	2025-03-04 21:06:30.930365+07	66	0337019846	3		19	2
456	2025-03-04 21:35:34.780008+07	67	0337019846	3		19	2
457	2025-03-04 21:35:34.787889+07	71	0337019856	3		19	2
458	2025-03-04 21:35:34.790883+07	72	0337019876	3		19	2
459	2025-03-04 21:35:34.792391+07	69	0345678903	3		19	2
460	2025-03-04 21:35:34.794665+07	70	0373610122	3		19	2
461	2025-03-04 21:35:34.796653+07	68	0965435826	3		19	2
462	2025-03-04 21:41:12.553474+07	74	0395340594	3		19	2
463	2025-03-04 21:41:12.561632+07	75	0965435826	3		19	2
464	2025-03-04 22:07:27.600701+07	77	0337019876	3		19	2
465	2025-03-04 22:07:27.610377+07	79	0356435228	3		19	2
466	2025-03-04 22:07:27.612376+07	78	0965435812	3		19	2
467	2025-03-04 22:07:27.614375+07	76	0965435826	3		19	2
468	2025-03-04 22:07:27.616374+07	81	0987456234	3		19	2
469	2025-03-04 22:07:27.618372+07	80	0987653423	3		19	2
470	2025-03-04 22:15:25.872259+07	153	Toàn quốc	3		11	2
471	2025-03-04 22:15:45.656556+07	152	Toàn quốc	3		11	2
472	2025-03-04 23:20:37.723876+07	15	Đơn Nhật 01 năm phí 30 triệu - Tuyển 60 Nam lắp ráp linh kiện, phụ tùng Ô Tô.	3		17	2
473	2025-03-04 23:37:41.214291+07	16	Đơn Nhật 01 năm phí 30 triệu - Tuyển 60 Nam lắp ráp linh kiện, phụ tùng Ô Tô.	3		17	2
474	2025-03-04 23:49:24.522856+07	4	1	3		15	2
475	2025-03-04 23:49:24.53158+07	3	2	3		15	2
476	2025-03-04 23:49:34.588777+07	35	27	3		16	2
477	2025-03-04 23:49:34.596048+07	34	29	3		16	2
478	2025-03-04 23:49:34.59862+07	33	30	3		16	2
479	2025-03-04 23:49:49.119003+07	29	10	3		12	2
480	2025-03-04 23:49:49.125508+07	30	11	3		12	2
481	2025-03-04 23:49:49.128507+07	23	3	3		12	2
482	2025-03-04 23:49:49.130505+07	24	4	3		12	2
483	2025-03-04 23:49:49.132505+07	25	5	3		12	2
484	2025-03-04 23:49:49.135502+07	26	7	3		12	2
493	2025-03-04 23:59:31.565105+07	20	Aek-Pailin River Khwae Hotel	2	[{"changed": {"fields": ["Ng\\u00e0nh ngh\\u1ec1", "C\\u00f4ng vi\\u1ec7c c\\u1ee5 th\\u1ec3", "N\\u01a1i thi tuy\\u1ec3n", "Quy\\u1ec1n l\\u1ee3i kh\\u00e1c", "Gi\\u1edbi t\\u00ednh", "Tay Ngh\\u1ec1", "T\\u00ecnh tr\\u1ea1ng s\\u1ee9c kho\\u1ebb", "VGB", "X\\u0103m h\\u00ecnh", "Y\\u00eau c\\u1ea7u kh\\u00e1c"]}}]	17	2
494	2025-03-05 00:10:04.761927+07	73	0337019846	2	[{"changed": {"fields": ["Facebook", "T\\u01b0 V\\u1ea5n"]}}]	19	2
495	2025-03-05 00:13:19.989117+07	73	0337019846	2	[{"changed": {"fields": ["Facebook"]}}]	19	2
496	2025-03-05 00:14:48.90543+07	73	0337019846	2	[{"changed": {"fields": ["Facebook"]}}]	19	2
497	2025-03-05 00:17:57.850152+07	73	0337019846	2	[{"changed": {"fields": ["Facebook"]}}]	19	2
498	2025-03-05 00:19:13.312211+07	73	0337019846	2	[{"changed": {"fields": ["Facebook"]}}]	19	2
499	2025-03-05 00:25:00.400193+07	73	0337019846	2	[{"changed": {"fields": ["Facebook"]}}]	19	2
500	2025-03-05 00:25:09.704087+07	73	0337019846	2	[{"changed": {"fields": ["Facebook"]}}]	19	2
501	2025-03-05 00:28:34.18618+07	73	0337019846	2	[{"changed": {"fields": ["Facebook"]}}]	19	2
502	2025-03-05 00:39:56.5873+07	73	0337019846	2	[{"changed": {"fields": ["Facebook"]}}]	19	2
503	2025-03-05 00:40:28.127561+07	73	0337019846	2	[{"changed": {"fields": ["Facebook"]}}]	19	2
504	2025-03-05 00:43:16.521943+07	73	0337019846	2	[{"changed": {"fields": ["Facebook"]}}]	19	2
505	2025-03-05 00:43:42.482366+07	73	0337019846	2	[{"changed": {"fields": ["Facebook"]}}]	19	2
506	2025-03-05 01:12:23.880659+07	20	Aek-Pailin River Khwae Hotel	2	[{"changed": {"fields": ["Ng\\u00e0nh ngh\\u1ec1", "L\\u01b0\\u1ee3t xem"]}}]	17	2
507	2025-03-05 01:13:38.721185+07	20	Aek-Pailin River Khwae Hotel	2	[{"changed": {"fields": ["Ng\\u00e0nh ngh\\u1ec1"]}}]	17	2
508	2025-03-05 01:17:37.361104+07	32	Du học Đài	2	[{"changed": {"fields": ["Image"]}}]	10	2
509	2025-03-05 01:18:14.523727+07	35	Du học Hàn	2	[{"changed": {"fields": ["Image"]}}]	10	2
510	2025-03-05 01:18:44.448969+07	37	Du học Đức	2	[{"changed": {"fields": ["Image"]}}]	10	2
511	2025-03-05 01:19:33.72695+07	33	Kỹ sư Hàn Quốc	2	[{"changed": {"fields": ["Image"]}}]	10	2
512	2025-03-05 01:20:07.423848+07	36	Du học Nhật	2	[{"changed": {"fields": ["Image"]}}]	10	2
513	2025-03-05 01:21:40.682973+07	44	Anh	2	[{"changed": {"fields": ["Image"]}}]	10	2
514	2025-03-05 01:22:30.513616+07	42	Australia	2	[{"changed": {"fields": ["Image"]}}]	10	2
515	2025-03-05 01:23:25.053929+07	51	Belarus	2	[{"changed": {"fields": ["Image"]}}]	10	2
516	2025-03-05 01:24:33.608038+07	47	Canada	2	[{"changed": {"fields": ["Image"]}}]	10	2
517	2025-03-05 01:24:43.150743+07	46	Du học Canada	2	[{"changed": {"fields": ["Image"]}}]	10	2
518	2025-03-05 01:25:24.567179+07	50	Đảo Síp	2	[{"changed": {"fields": ["Image"]}}]	10	2
519	2025-03-05 01:26:33.214455+07	38	Du học Úc	2	[{"changed": {"fields": ["Image"]}}]	10	2
520	2025-03-05 01:28:02.741669+07	45	Mỹ	2	[{"changed": {"fields": ["Image"]}}]	10	2
521	2025-03-05 01:29:01.256424+07	41	New Zealand	2	[{"changed": {"fields": ["Image"]}}]	10	2
522	2025-03-05 01:29:59.431316+07	48	Phần Lan	2	[{"changed": {"fields": ["Image"]}}]	10	2
523	2025-03-05 01:31:06.492261+07	34	Singapore	2	[{"changed": {"fields": ["Image"]}}]	10	2
524	2025-03-05 01:36:20.776359+07	21	Tuyển 20 Nam Nữ chế biến thực phẩm cho chuỗi 7 Eleven tại Nhật Bản. [Phí thấp]	3		17	2
525	2025-03-05 01:36:20.782864+07	20	Aek-Pailin River Khwae Hotel	3		17	2
526	2025-03-05 01:36:20.785369+07	19	Ngueen van L	3		17	2
527	2025-03-05 01:36:20.787368+07	18	Lê Đức Hoành	3		17	2
528	2025-03-05 01:36:20.79039+07	17	Đơn Nhật 01 năm phí 30 triệu - Tuyển 60 Nam lắp ráp linh kiện, phụ tùng Ô Tô.	3		17	2
529	2025-03-05 02:46:20.28392+07	73	0337019846	2	[{"changed": {"fields": ["Gi\\u00e1 ti\\u1ec1n", "T\\u01b0 V\\u1ea5n"]}}]	19	2
530	2025-03-05 14:15:57.73877+07	73	0337019846	2	[{"changed": {"fields": ["Gi\\u00e1 ti\\u1ec1n"]}}]	19	2
531	2025-03-05 14:59:25.791712+07	73	0337019846	2	[{"changed": {"fields": ["Gi\\u00e1 ti\\u1ec1n"]}}]	19	2
532	2025-03-05 20:30:02.747243+07	73	0337019846	2	[{"changed": {"fields": ["Gi\\u00e1 ti\\u1ec1n"]}}]	19	2
533	2025-03-05 20:34:46.746014+07	73	0337019846	2	[{"changed": {"fields": ["Gi\\u00e1 ti\\u1ec1n"]}}]	19	2
534	2025-03-05 20:36:41.442079+07	73	0337019846	2	[{"changed": {"fields": ["Gi\\u00e1 ti\\u1ec1n"]}}]	19	2
535	2025-03-05 21:16:35.10575+07	25	Lê Đức Hoành4545454	3		17	2
536	2025-03-05 21:16:35.115776+07	24	Aek-Pailin River Khwae Hotel dsfd	3		17	2
537	2025-03-05 21:16:35.117771+07	23	Lê Đức Hoành	3		17	2
538	2025-03-05 21:16:35.121768+07	22	Đơn Nhật 01 năm phí 30 triệu - Tuyển 60 Nam lắp ráp linh kiện, phụ tùng Ô Tô le duc hoanh	3		17	2
539	2025-03-05 23:01:23.605756+07	73	0337019846	2	[{"changed": {"fields": ["Gi\\u00e1 ti\\u1ec1n"]}}]	19	2
540	2025-03-05 23:01:34.83793+07	29	Aek-Pailin River Khwae Hotel  fgd	3		17	2
541	2025-03-06 00:12:19.587542+07	2	Price object (2)	1	[{"added": {}}]	23	2
542	2025-03-06 00:12:30.918425+07	3	Price object (3)	1	[{"added": {}}]	23	2
543	2025-03-06 00:12:45.270936+07	4	Price object (4)	1	[{"added": {}}]	23	2
544	2025-03-06 12:25:14.158434+07	87	0337019856	2	[{"changed": {"fields": ["Active"]}}]	19	2
545	2025-03-07 10:24:25.814361+07	36	Du học Nhật	2	[{"changed": {"fields": ["Is japan"]}}]	10	2
546	2025-03-07 10:24:25.824864+07	2	Kỹ sư Nhật Bản	2	[{"changed": {"fields": ["Is japan"]}}]	10	2
547	2025-03-07 10:24:25.837384+07	4	Tokutei Nhật	2	[{"changed": {"fields": ["Is japan"]}}]	10	2
548	2025-03-07 10:24:33.047276+07	1	TTS Nhật Bản	2	[{"changed": {"fields": ["Is japan"]}}]	10	2
549	2025-03-07 11:46:31.715948+07	73	0337019846	2	[{"changed": {"fields": ["Gi\\u00e1 ti\\u1ec1n", "T\\u01b0 V\\u1ea5n", "Ghi ch\\u00fa"]}}]	19	2
550	2025-03-07 12:58:00.219533+07	73	0337019846	2	[{"changed": {"fields": ["\\u0110\\u0103ng mi\\u1ec5n ph\\u00ed", "T\\u01b0 V\\u1ea5n", "Ghi ch\\u00fa"]}}]	19	2
551	2025-03-07 14:41:05.634247+07	91	0385340594	2	[{"changed": {"fields": ["N\\u0103m sinh"]}}]	19	2
552	2025-03-07 15:36:53.48021+07	85	0345789122	2	[{"changed": {"fields": ["H\\u1ecd v\\u00e0 T\\u00ean \\u0111\\u1ec7m", "T\\u00ean g\\u1ecdi"]}}]	19	2
553	2025-03-07 15:37:07.655262+07	83	0373062133	2	[{"changed": {"fields": ["H\\u1ecd v\\u00e0 T\\u00ean \\u0111\\u1ec7m", "T\\u00ean g\\u1ecdi"]}}]	19	2
554	2025-03-07 15:37:17.387591+07	84	0398765243	2	[{"changed": {"fields": ["H\\u1ecd v\\u00e0 T\\u00ean \\u0111\\u1ec7m", "T\\u00ean g\\u1ecdi"]}}]	19	2
555	2025-03-07 15:37:33.169535+07	86	0987654222	2	[{"changed": {"fields": ["H\\u1ecd v\\u00e0 T\\u00ean \\u0111\\u1ec7m", "T\\u00ean g\\u1ecdi"]}}]	19	2
556	2025-03-07 23:19:28.94433+07	73	0337019846	2	[{"changed": {"fields": ["Gi\\u00e1 ti\\u1ec1n"]}}]	19	2
557	2025-03-07 23:20:16.146884+07	73	0337019846	2	[{"changed": {"fields": ["Gi\\u00e1 ti\\u1ec1n"]}}]	19	2
558	2025-03-09 18:57:32.874506+07	5	Tổng hợp thẻ quà tặng từ các trung tâm khi đăng ký xklđ và du học các nước.	2	[{"changed": {"fields": ["Content"]}}]	13	2
559	2025-03-09 19:01:55.259219+07	5	Tổng hợp thẻ quà tặng từ các trung tâm khi đăng ký xklđ và du học các nước.	2	[{"changed": {"fields": ["Content"]}}]	13	2
560	2025-03-09 19:04:03.320595+07	5	Tổng hợp thẻ quà tặng từ các trung tâm khi đăng ký xklđ và du học các nước.	2	[{"changed": {"fields": ["Content"]}}]	13	2
561	2025-03-09 19:17:00.479829+07	5	Tổng hợp thẻ quà tặng từ các trung tâm khi đăng ký xklđ và du học các nước.	2	[{"changed": {"fields": ["Content"]}}]	13	2
562	2025-03-09 19:19:09.515925+07	8	Công ty Asia - Hỗ trợ đơn hàng nam/nữ linh kiện điện tử Nhật Bản - Phí xuất cảnh chỉ 1.500$ ~ 36 triệu.	1	[{"added": {}}]	13	2
563	2025-03-09 20:14:10.607027+07	9	Giấy Chứng Nhận Tư Cách Lưu Trú Là Gì?	1	[{"added": {}}]	13	2
564	2025-03-09 20:15:22.541693+07	10	A-Z Về Xuất Khẩu Lao Động Nhật Bản Ngành Điện Tử	1	[{"added": {}}]	13	2
565	2025-03-09 20:16:31.947416+07	11	Các Chương Trình Đi Xuất Khẩu Lao Động Nhật Bản: Tất Tần Tật Những Điều Cần Biết	1	[{"added": {}}]	13	2
566	2025-03-09 20:17:27.493307+07	12	Những điều lao động cần biết về bảo lãnh người thân sang Nhật	1	[{"added": {}}]	13	2
567	2025-03-09 20:18:16.693667+07	13	Cách gửi đồ từ Nhật về Việt Nam nhanh chóng, an toàn và tiết kiệm	1	[{"added": {}}]	13	2
568	2025-03-09 20:19:19.386167+07	14	Bí kíp thuê nhà ở Nhật tiết kiệm khi đi xuất khẩu lao động	1	[{"added": {}}]	13	2
569	2025-03-09 20:20:12.46831+07	15	11+ Ngành Nghề Xuất Khẩu Lao Động Nhật Bản Tiềm Năng Nhất 2025	1	[{"added": {}}]	13	2
570	2025-03-09 21:15:13.327556+07	16	Kết quả lựa chọn doanh nghiệp tham gia Chương trình hỗ trợ công dân Việt Nam đi làm việc trong ngành nông nghiệp tại Australia	1	[{"added": {}}]	13	2
571	2025-03-09 21:16:25.993714+07	16	Kết quả lựa chọn doanh nghiệp tham gia Chương trình hỗ trợ công dân Việt Nam đi làm việc trong ngành nông nghiệp tại Australia	2	[{"changed": {"fields": ["Description"]}}]	13	2
572	2025-03-09 21:17:06.551994+07	17	NĂM CHÂU IMS - Mời hợp tác mở chi nhánh trên Toàn Quốc.	1	[{"added": {}}]	13	2
573	2025-03-09 21:18:10.984391+07	18	Báo cáo thống kê truy cập sàn xuất khẩu lao động .com tháng 11/2024	1	[{"added": {}}]	13	2
574	2025-03-09 21:19:20.618021+07	19	Thông báo thời gian và nội dung tuyển chọn ứng viên EPA khóa 13	1	[{"added": {}}]	13	2
575	2025-03-09 21:21:13.926649+07	20	Năm Châu IMS tố chức bế giảng lớp đào tạo nghề cho bà con xã Mỹ Phương, Ba Bể, Bắc Kạn.	1	[{"added": {}}]	13	2
576	2025-03-09 21:21:42.315177+07	20	Năm Châu IMS tố chức bế giảng lớp đào tạo nghề cho bà con xã Mỹ Phương, Ba Bể, Bắc Kạn.	2	[{"changed": {"fields": ["Danh m\\u1ee5c"]}}]	13	2
577	2025-03-09 21:23:21.618518+07	21	12.369 lao động đi làm việc ở nước ngoài trong tháng 09 năm 2024	1	[{"added": {}}]	13	2
578	2025-03-09 21:24:01.175328+07	22	12.520 lao động đi làm việc ở nước ngoài trong tháng 11 năm 2024	1	[{"added": {}}]	13	2
579	2025-03-09 21:24:41.450537+07	23	Thống kê số lượng người Việt Nam đi xuất khẩu lao động năm 2024	1	[{"added": {}}]	13	2
580	2025-03-09 21:26:11.33055+07	24	Việt Nam - Phần Lan ký kết hợp tác về dịch chuyển chuyên gia, lao động có kỹ năng nghề, lao động thời vụ đi làm việc tại Phần Lan.	1	[{"added": {}}]	13	2
581	2025-03-09 21:37:02.378633+07	73	0337019846	2	[{"changed": {"fields": ["Gi\\u00e1 ti\\u1ec1n"]}}]	19	2
582	2025-03-09 21:41:34.103135+07	73	0337019846	2	[{"changed": {"fields": ["Gi\\u00e1 ti\\u1ec1n"]}}]	19	2
\.


--
-- Data for Name: django_content_type; Type: TABLE DATA; Schema: public; Owner: postgres
--

COPY public.django_content_type (id, app_label, model) FROM stdin;
1	admin	logentry
2	auth	permission
3	auth	group
4	contenttypes	contenttype
5	sessions	session
6	sites	site
7	thumbnail	kvstore
8	captcha	captchastore
9	city	city
10	city	country
11	city	province
12	profession	profession
13	blog	blog
14	page	page
15	work	gender
16	work	workmanship
17	work	work
18	work	image
19	user	customuser
20	profession	province
21	user	advisory
22	blog	cate
23	work	price
24	user	candidateview
\.


--
-- Data for Name: django_migrations; Type: TABLE DATA; Schema: public; Owner: postgres
--

COPY public.django_migrations (id, app, name, applied) FROM stdin;
1	profession	0001_initial	2025-02-24 20:49:29.50156+07
2	city	0001_initial	2025-02-24 20:49:29.60385+07
3	contenttypes	0001_initial	2025-02-24 20:49:29.631788+07
4	contenttypes	0002_remove_content_type_name	2025-02-24 20:49:29.646292+07
5	auth	0001_initial	2025-02-24 20:49:29.774603+07
6	auth	0002_alter_permission_name_max_length	2025-02-24 20:49:29.783105+07
7	auth	0003_alter_user_email_max_length	2025-02-24 20:49:29.790607+07
8	auth	0004_alter_user_username_opts	2025-02-24 20:49:29.799632+07
9	auth	0005_alter_user_last_login_null	2025-02-24 20:49:29.808442+07
10	auth	0006_require_contenttypes_0002	2025-02-24 20:49:29.81244+07
11	auth	0007_alter_validators_add_error_messages	2025-02-24 20:49:29.819695+07
12	auth	0008_alter_user_username_max_length	2025-02-24 20:49:29.826194+07
13	auth	0009_alter_user_last_name_max_length	2025-02-24 20:49:29.832886+07
14	auth	0010_alter_group_name_max_length	2025-02-24 20:49:29.840912+07
15	auth	0011_update_proxy_permissions	2025-02-24 20:49:29.851421+07
16	auth	0012_alter_user_first_name_max_length	2025-02-24 20:49:29.857923+07
17	user	0001_initial	2025-02-24 20:49:30.050578+07
18	admin	0001_initial	2025-02-24 20:49:30.101323+07
19	admin	0002_logentry_remove_auto_add	2025-02-24 20:49:30.114844+07
20	admin	0003_logentry_add_action_flag_choices	2025-02-24 20:49:30.127357+07
21	blog	0001_initial	2025-02-24 20:49:30.1603+07
22	captcha	0001_initial	2025-02-24 20:49:30.185702+07
23	captcha	0002_alter_captchastore_id	2025-02-24 20:49:30.19034+07
24	page	0001_initial	2025-02-24 20:49:30.225403+07
25	sessions	0001_initial	2025-02-24 20:49:30.258779+07
26	sites	0001_initial	2025-02-24 20:49:30.272803+07
27	sites	0002_alter_domain_unique	2025-02-24 20:49:30.288445+07
28	thumbnail	0001_initial	2025-02-24 20:49:30.313679+07
29	work	0001_initial	2025-02-24 20:49:30.55174+07
30	work	0002_work_hot_work_view	2025-02-24 20:49:30.598744+07
31	blog	0002_blog_user	2025-02-26 13:09:30.375596+07
32	city	0002_city_user_country_user_province_user	2025-02-26 13:09:30.465828+07
33	page	0002_page_user	2025-02-26 13:09:30.502122+07
34	profession	0002_profession_user	2025-02-26 13:09:30.531786+07
35	work	0003_gender_user_image_user_work_user_workmanship_user	2025-02-26 13:09:30.643774+07
36	city	0003_alter_province_options_alter_province_user	2025-02-26 13:49:01.516518+07
37	city	0004_alter_province_unique_together	2025-02-26 14:04:12.444181+07
38	city	0005_alter_province_user	2025-02-26 14:05:03.826139+07
39	city	0006_alter_province_country_alter_province_user	2025-02-26 14:08:25.058406+07
40	city	0007_alter_province_unique_together_alter_province_slug_and_more	2025-02-26 14:09:37.741235+07
41	city	0008_remove_province_unique_slug_country_and_more	2025-02-26 14:17:03.61715+07
42	city	0009_alter_province_country	2025-02-26 14:18:46.364002+07
43	city	0010_remove_province_user_alter_province_country	2025-02-26 14:22:54.644182+07
44	city	0011_remove_province_country_province_countries_and_more	2025-02-26 14:43:06.931108+07
45	city	0012_remove_province_countries_province_country	2025-02-26 14:46:49.334412+07
46	city	0013_remove_province_country_remove_province_user	2025-02-26 14:50:23.637334+07
47	profession	0003_province	2025-02-26 14:50:23.744239+07
48	work	0004_alter_work_province	2025-02-26 14:50:23.792286+07
49	city	0014_delete_province	2025-02-26 14:50:23.799808+07
50	city	0015_province	2025-02-26 14:52:53.108874+07
51	work	0005_alter_work_province	2025-02-26 14:52:53.1758+07
52	profession	0004_delete_province	2025-02-26 14:52:53.183563+07
53	city	0016_remove_province_slug	2025-02-26 15:42:49.477538+07
54	city	0017_alter_province_options	2025-02-26 16:05:39.942618+07
55	city	0018_alter_province_options	2025-02-26 16:07:33.795194+07
56	city	0019_country_show_home_alter_country_image	2025-02-26 16:14:45.942036+07
57	work	0006_alter_work_han_dang_ky_alter_work_ngay_thi_tuyen	2025-02-26 18:07:30.86441+07
58	user	0002_alter_customuser_role	2025-02-26 18:08:33.300762+07
59	work	0007_alter_work_province	2025-02-26 18:55:00.113862+07
60	work	0008_alter_work_province	2025-02-26 18:56:38.071404+07
61	work	0009_alter_work_country	2025-02-26 18:59:01.408599+07
62	work	0010_alter_work_country_alter_work_province	2025-02-26 19:01:04.394285+07
63	work	0011_alter_work_country_alter_work_province	2025-02-26 19:02:31.081176+07
64	work	0012_alter_work_province	2025-02-26 19:04:17.178737+07
65	work	0013_alter_work_province	2025-02-26 19:05:37.795018+07
66	work	0014_alter_work_province	2025-02-26 19:06:22.794017+07
67	work	0015_rename_country_work_quoc_gia_alter_work_province	2025-02-26 19:07:34.526735+07
68	city	0020_rename_quoc_gia_province_country	2025-02-26 19:09:00.209949+07
69	work	0016_rename_quoc_gia_work_country_alter_work_province	2025-02-26 19:09:00.293223+07
70	work	0017_alter_work_country_alter_work_province	2025-02-26 19:17:29.474605+07
71	work	0018_alter_work_province	2025-02-26 19:18:10.821193+07
72	work	0019_remove_work_ma_don_hang	2025-02-26 19:21:24.107138+07
73	user	0003_customuser_chuc_vu_customuser_kinh_nghiem_and_more	2025-02-26 19:28:28.203392+07
74	user	0004_remove_customuser_ten_viet_tat	2025-02-26 19:30:28.525523+07
75	work	0020_remove_work_phone_remove_work_tu_van_alter_work_slug	2025-02-26 19:41:44.475988+07
76	work	0021_alter_work_lam_them	2025-02-26 19:50:10.203619+07
77	work	0022_alter_work_tay_nghe	2025-02-26 19:58:45.552851+07
78	work	0023_alter_work_quyen_loi_khac	2025-02-26 20:00:27.015932+07
79	work	0024_alter_work_han_dang_ky_alter_work_ngay_thi_tuyen	2025-02-26 20:01:19.744827+07
80	work	0025_alter_work_han_dang_ky_alter_work_ngay_thi_tuyen	2025-02-26 20:03:30.575659+07
81	user	0005_customuser_avata	2025-02-26 20:10:48.597144+07
82	work	0026_remove_work_link_facebook_remove_work_link_zalo_and_more	2025-02-26 20:50:13.675408+07
83	work	0027_alter_work_options	2025-02-26 20:53:18.600274+07
84	work	0028_alter_work_options	2025-02-26 20:59:40.099234+07
85	user	0006_customuser_anh_bia	2025-02-26 21:06:33.006001+07
86	user	0007_remove_customuser_zalo	2025-02-27 11:42:54.519884+07
87	user	0008_customuser_tinh_thanh_pho	2025-02-27 15:42:12.414488+07
88	user	0009_alter_customuser_bang_nghe_and_more	2025-02-27 16:43:13.736709+07
89	work	0029_alter_work_chuyen_nganh_alter_work_hop_dong_and_more	2025-02-27 16:43:14.031753+07
90	work	0030_alter_work_phi_xuat_canh	2025-02-27 16:49:26.624951+07
91	user	0010_alter_customuser_gioi_tinh	2025-02-27 16:58:58.299932+07
92	user	0011_advisory	2025-02-28 10:43:05.46179+07
93	user	0012_alter_advisory_options	2025-02-28 10:44:53.125243+07
94	user	0013_remove_advisory_ip_remove_advisory_path_and_more	2025-02-28 11:23:11.43694+07
95	city	0021_country_meta_description_country_meta_title	2025-02-28 15:10:08.671081+07
96	user	0014_customuser_otp_code_customuser_otp_created_at	2025-02-28 15:58:21.783844+07
97	blog	0003_alter_blog_options_cate_blog_cate	2025-03-01 11:53:22.255211+07
98	work	0031_alter_work_du_kien_xuat_canh	2025-03-01 11:53:22.283983+07
99	blog	0004_blog_description	2025-03-01 12:05:58.862138+07
100	blog	0005_alter_blog_options_alter_cate_options	2025-03-01 12:10:54.206117+07
101	page	0003_alter_page_slug	2025-03-01 16:15:03.341591+07
102	user	0015_customuser_zalo	2025-03-01 20:09:25.271059+07
103	user	0016_customuser_tu_van	2025-03-01 20:11:28.207604+07
104	user	0017_customuser_ten_viet_tat	2025-03-01 20:42:03.516542+07
105	blog	0006_alter_blog_slug_alter_cate_slug	2025-03-01 21:34:51.750016+07
106	city	0022_alter_city_slug_alter_country_slug	2025-03-01 21:36:15.50882+07
107	profession	0005_alter_profession_slug	2025-03-01 21:38:32.978741+07
108	work	0032_alter_work_options	2025-03-01 22:39:31.507888+07
109	user	0018_alter_customuser_role	2025-03-02 15:39:06.606108+07
110	user	0019_alter_customuser_role	2025-03-02 15:42:02.109337+07
111	user	0020_alter_customuser_options	2025-03-02 17:23:06.008726+07
112	user	0021_alter_customuser_options	2025-03-02 23:29:22.958519+07
113	city	0023_remove_city_user_remove_country_user_and_more	2025-03-03 16:32:25.141211+07
114	user	0022_alter_customuser_ngoai_ngu_and_more	2025-03-03 16:32:25.202714+07
115	work	0033_alter_work_ngoai_ngu_alter_work_trinh_do_hoc_van	2025-03-03 16:32:25.246339+07
116	blog	0007_remove_blog_user_remove_cate_user	2025-03-03 16:34:04.346299+07
117	page	0004_remove_page_user	2025-03-03 16:35:04.707646+07
118	profession	0006_remove_profession_user	2025-03-03 16:35:47.453582+07
119	work	0034_remove_gender_user_remove_image_user_and_more	2025-03-03 16:39:08.442101+07
120	user	0023_customuser_sinh_song_tai	2025-03-03 20:43:43.939427+07
121	city	0024_alter_province_options	2025-03-04 12:42:32.631461+07
122	city	0025_alter_city_options	2025-03-04 12:46:53.062226+07
123	city	0026_alter_city_options_alter_province_options	2025-03-04 12:48:21.813635+07
124	user	0024_customuser_point_alter_customuser_tot_nghiep	2025-03-04 13:29:37.227823+07
125	work	0035_alter_work_trinh_do_hoc_van	2025-03-04 13:29:37.253304+07
126	work	0036_alter_work_du_kien_xuat_canh_alter_work_han_dang_ky_and_more	2025-03-04 17:19:30.206784+07
127	work	0037_alter_work_noi_thi_tuyen	2025-03-04 20:02:06.856944+07
128	work	0038_alter_work_gioi_tinh_alter_work_nganh_nghe	2025-03-04 20:06:39.771963+07
129	work	0039_alter_work_han_dang_ky	2025-03-04 20:11:01.718009+07
130	work	0040_work_is_confirmed	2025-03-04 22:37:18.469426+07
131	work	0041_remove_work_noi_thi_tuyen_work_noi_thi_tuyen	2025-03-04 23:19:15.364101+07
132	work	0042_alter_work_image	2025-03-04 23:20:21.575843+07
133	user	0025_customuser_free_posts_today	2025-03-05 02:10:49.247621+07
134	work	0043_work_hot_expiry	2025-03-05 20:49:52.362567+07
135	work	0044_alter_work_du_kien_xuat_canh_alter_work_han_dang_ky_and_more	2025-03-05 21:16:44.954433+07
136	work	0045_alter_work_du_kien_xuat_canh	2025-03-05 21:16:45.110815+07
137	work	0046_alter_work_du_kien_xuat_canh	2025-03-05 21:39:17.690398+07
138	work	0047_alter_work_du_kien_xuat_canh_alter_work_han_dang_ky	2025-03-05 22:01:42.762341+07
139	work	0048_alter_work_du_kien_xuat_canh	2025-03-05 22:27:45.041963+07
140	work	0049_price	2025-03-06 00:09:02.182068+07
141	user	0026_customuser_last_reset_date	2025-03-06 12:42:40.403178+07
142	city	0027_country_is_japan	2025-03-07 10:08:24.627464+07
143	user	0027_candidateview	2025-03-07 10:49:40.133208+07
144	user	0028_alter_advisory_options_alter_customuser_options	2025-03-07 11:45:55.05464+07
145	user	0029_alter_customuser_options	2025-03-07 15:45:19.604814+07
146	user	0030_alter_customuser_gioi_tinh	2025-03-07 17:01:11.216479+07
147	work	0050_remove_work_hot	2025-03-07 17:01:11.245212+07
148	user	0031_advisory_is_paid	2025-03-07 22:39:24.113334+07
\.


--
-- Data for Name: django_session; Type: TABLE DATA; Schema: public; Owner: postgres
--

COPY public.django_session (session_key, session_data, expire_date) FROM stdin;
6arhrhq6p5c03c2n9ihgmn3nkv7bprvv	.eJxVjssOwiAQRX-lYW1IpW-X7v0GMjBDqbbQQGtsjP8uTbrQ3eTce0_mzSSsi5VrpCAHZBdWCXb6hQr0g9ye4B1c77n2bgmD4nuFH2nkN480Xo_un8BCtGmtmrIplQZdiRIMmAITgLbLjcDEWgXpEm2uSJV4hhZBUFM3pusU1sIUSRr8SMlE0zz6jUIi1ssnyIWcRJpSNFKGq84seHC2x37_JFKMg3eSXvMQNnbJP1_7YFJj:1tpO5m:yiRScidAo7In4iqVJ5FmwbCdVkWpXPYSTb43Y2-rUgg	2025-03-18 15:57:34.968564+07
usrlgquk6ne6khdzgnbuy70jz4smsa5h	.eJxVjDsOwjAQBe_iGlnr2BhCSZ8zWPszDqBYipMKcXeIlALaNzPvZRKuS0lr0zmNYi4mmMPvRsgPnTYgd5xu1XKdlnkkuyl2p80OVfR53d2_g4KtfGt1mU7kPEHnQDFDYJWIFIM7C2okwR4kMwv6YybXKzMpduDARw5g3h8hPDl9:1tnZ6y:utI2Xu6aJzKNbqsR8E7JqvJOH4oGLrBkeLXqb8Wohvg	2025-03-13 15:19:16.889548+07
57029rjlrvr6hvq6dn34hc1cbuaixhxf	.eJxVjkGPwiAQhf-K4WwaoCLi0bP7D5qQAZ7bagUD7cbG7H9fmnhwTzN535v35sUszVNv54Jsh8COTLds-yk68jfElYQrxe_U-BSnPLhmtTRvWpqvFDCe3t5_AT2Vvl4DnMO7nTReGk5cXgTq4oyQMErtlfSqPWgvNDetdAGk4S-qpZ2SUh9cDc1pxJp0f4xpQa5Kn-wP2QnRBtwrOndzbaFNHULwbhaA8es7BaUMKVo8H0Ne2JH__gHdlFF9:1tqYOC:UK4h_lPCwd5jkzmU5MBg3W1EFvzwFJBlaOX_WGfYp7U	2025-03-21 21:09:24.865196+07
1yk5msp5oq7kkk4lztip49fdm06ct36l	e30:1tokmg:NgEP2kdswCWETro25-hlnB6WgKFz9RE2Ivt4TxHGO48	2025-03-16 21:59:14.303605+07
t6ykjk0jyebe45oh5l8fhnumrtiyazw3	.eJxVjkGPwiAQhf-K4WwaoCLi0bP7D5qQAZ7bagUD7cbG7H9fmnhwTzN535v35sUszVNv54Jsh8COTLds-yk68jfElYQrxe_U-BSnPLhmtTRvWpqvFDCe3t5_AT2Vvl4DnMO7nTReGk5cXgTq4oyQMErtlfSqPWgvNDetdAGk4S-qpZ2SUh9cDc1pxJp0f4xpQa5Kn-wP2QnRBtwrOndzbaFNHULwbhaA8es7BaUMKVo8H0Ne2JH__gHdlFF9:1tqaR4:stzK9wKKiqqtF58GyRHWHNyJiEGhj5CEiHYhNo93I7A	2025-03-21 23:20:30.349095+07
cygw82pw02dcf2ize5tpzi4f95b2tju4	.eJxVjkFvAiEQhf-K4dxsgJUiHj15aP-BCRngWbauYGDXaJr-97LGgz3N5Htv3psfZmmeop0rih0C2zLds7dX6MifkBYlfFP6yp3PaSqD6xZL91Rr95kDxt3T-y8gUo3tGuAc3q2l8dJw4vIo0BZnhIRR6l1Jr_qN9kJz00sXQBr-qHpaKyn1xrXQkkcsSefLmO8ojcRsr2QnJBtwbtLHYW4ttGpDCH6YBWD8ap8fmKe4fFZR65CTxe0ylDvb8t8_Zz9U8A:1tpYDw:EFVciCQ0OJn887b30NqQyqs4wsAAzBXWHvu-E_58fZY	2025-03-19 02:46:40.877978+07
5ckiexz0v6z9nufv3ecjhmvlk4k9nwgr	.eJxVjkFvAiEQhf-K4dxsgJUiHj15aP-BCRngWbauYGDXaJr-97LGgz3N5Htv3psfZmmeop0rih0C2zLds7dX6MifkBYlfFP6yp3PaSqD6xZL91Rr95kDxt3T-y8gUo3tGuAc3q2l8dJw4vIo0BZnhIRR6l1Jr_qN9kJz00sXQBr-qHpaKyn1xrXQkkcsSefLmO8ojcRsr2QnJBtwbtLHYW4ttGpDCH6YBWD8ap8fmKe4fFZR65CTxe0ylDvb8t8_Zz9U8A:1tpt7d:aN4AH50YUkUL3VTDkoIczkVeu599t-m0pPCwZZ54Hjo	2025-03-20 01:05:33.522317+07
z63qzzlr8kl3e76qudmxzno72peq6uey	.eJxVjkFuwyAQRa8Ssa4sIGCHLLvqIrlBJDTAd6F1wTJ21arq3YurLNrVSO_9-TNfzNK2RrtVLDYFdmY9e_jLHPlX5F2EF8rPpfMlr0ty3R7p7rZ21xIwPd6z_woi1di2tYYAIEWvRNDCQA0nJfRIHhiMIg1nRoxycPwoQfw4KNmfNB8Nl8E530qXMqE10TxPyVNeG4rFvpNdkW3AW3OX28Y56NCGEPy2tZPGH57KL-Y57q9V1JpKtviY0_LJzvz7B8d0Vag:1tooc7:6DDt0zay84oKlBpuwLniNAFyK4Cd1B5VIT_w02zS-bc	2025-03-17 02:04:35.159645+07
az16n83o2yeyl75xbzpw4ihkx35lntii	.eJxVjkGPwiAQhf-K4WwaoCLi0bP7D5qQAZ7bagUD7cbG7H9fmnhwTzN535v35sUszVNv54Jsh8COTLds-yk68jfElYQrxe_U-BSnPLhmtTRvWpqvFDCe3t5_AT2Vvl4DnMO7nTReGk5cXgTq4oyQMErtlfSqPWgvNDetdAGk4S-qpZ2SUh9cDc1pxJp0f4xpQa5Kn-wP2QnRBtwrOndzbaFNHULwbhaA8es7BaUMKVo8H0Ne2JH__gHdlFF9:1trHqk:Oo3apwxNWpN6knIA3oIIvqPflccVEG-oY6JmaIvAVc0	2025-03-23 21:41:54.294344+07
\.


--
-- Data for Name: django_site; Type: TABLE DATA; Schema: public; Owner: postgres
--

COPY public.django_site (id, domain, name) FROM stdin;
1	example.com	example.com
\.


--
-- Data for Name: page_page; Type: TABLE DATA; Schema: public; Owner: postgres
--

COPY public.page_page (id, name, slug, content, active, created, updated) FROM stdin;
2	Anvibi Group | Công ty TNHH Anvibi Group.	anvibi-group	<p><strong><img src="https://sanxuatkhaulaodong.com/upload/2023/10/logo-anvibi-group-ok-large.png" style="height:103px; width:250px" /></strong></p>\r\n\r\n<p><strong>Anvibi Group l&agrave; doanh nghiệp hoạt động ch&iacute;nh trong ng&agrave;nh quảng c&aacute;o v&agrave; truyền th&ocirc;ng. Ch&uacute;ng t&ocirc;i l&agrave; đơn vị ti&ecirc;n phong trong lĩnh vực x&acirc;y dựng nền tảng kết nối giữa nh&agrave; tuyển dụng v&agrave; c&aacute;c bạn ứng vi&ecirc;n c&oacute; nhu cầu đi xuất khẩu lao động. Hiện nay Anvibi Group đang l&agrave; đơn vị vận h&agrave;nh &quot;S&agrave;n xuất khẩu lao động .com - Nền tảng kết nối xuất khẩu lao động đầu ti&ecirc;n tại Việt Nam&quot;.</strong></p>\r\n\r\n<p>Mục ti&ecirc;u của ch&uacute;ng t&ocirc;i l&agrave; gi&uacute;p c&aacute;c bạn ứng vi&ecirc;n c&oacute; một k&ecirc;nh th&ocirc;ng tin xuất khẩu lao động ch&iacute;nh thống cũng như gi&uacute;p c&aacute;c doanh nghiệp cung ứng nguồn lao động ngo&agrave;i nước tiếp cận c&aacute;c bạn ứng vi&ecirc;n với mức chi ph&iacute; thấp nhất.</p>\r\n\r\n<p><strong>Lĩnh vực hoạt động ch&iacute;nh của Anvibi Group.</strong></p>\r\n\r\n<ul>\r\n\t<li>Quảng c&aacute;o v&agrave; truyền th&ocirc;ng.</li>\r\n\t<li>Cung ứng v&agrave; quản l&yacute; nguồn lao động.</li>\r\n\t<li>Lập tr&igrave;nh phần mềm.</li>\r\n\t<li>Xử l&yacute; dữ liệu, cho thu&ecirc; v&agrave; c&aacute;c hoạt động li&ecirc;n quan.</li>\r\n</ul>\r\n\r\n<p>Với định hướng mở rộng ph&aacute;t triển, Anvibi Group lu&ocirc;n hoan ngh&ecirc;nh c&aacute;c c&aacute; nh&acirc;n, doanh nghiệp trong v&agrave; ngo&agrave;i nước c&ugrave;ng chia sẻ, hợp t&aacute;c tr&ecirc;n mọi lĩnh vực, đặc biệt l&agrave; trong lĩnh vực cung ứng nguồn nh&acirc;n lực quốc tế.</p>\r\n\r\n<p>C&ugrave;ng với nền tảng marketing mạnh mẽ, đội ngũ nh&acirc;n sự trẻ trung, năng động, ch&uacute;ng t&ocirc;i tin rằng m&igrave;nh sẽ trở th&agrave;nh một đối t&aacute;c tin cậy, mang lại nhiều gi&aacute; trị cho qu&yacute; đối t&aacute;c.</p>\r\n\r\n<p>Đối với Anvibi Group, ch&uacute;ng t&ocirc;i t&acirc;m niệm rằng&nbsp;<strong>&ldquo;Chỉ c&oacute; sự hợp t&aacute;c ch&acirc;n th&agrave;nh mới mang lại th&agrave;nh c&ocirc;ng bền vững cho doanh nghiệp&rdquo;</strong>. Ch&uacute;ng t&ocirc;i rất hy vọng sẽ trở th&agrave;nh đối t&aacute;c của bạn trong tương lai.&nbsp;</p>\r\n\r\n<p><strong>C&Ocirc;NG TY TNHH ANVIBI GROUP</strong></p>\r\n\r\n<ul>\r\n\t<li>T&ecirc;n tiếng Anh: Anvibi Group Company Limited</li>\r\n\t<li>T&ecirc;n thương hiệu: Anvibi Group</li>\r\n\t<li>Giấy ph&eacute;p đăng k&yacute; kinh doanh số 0110151964 do Sở Kế hoạch &amp; Đầu Tư Tp. H&agrave; Nội cấp ng&agrave;y 17/10/2022</li>\r\n\t<li>Đăng k&yacute; website cung cấp dịch vụ thương mại điện tử với Bộ C&ocirc;ng Thương.M&atilde; số đăng k&yacute;: 2023-0478/ĐK/TMĐT.</li>\r\n\t<li>Địa chỉ: Li&ecirc;n H&agrave; - Đ&ocirc;ng Anh - H&agrave; Nội.</li>\r\n\t<li>VPGD: To&agrave; nh&agrave; CT1 - IEC - Thanh Tr&igrave; - H&agrave; Nội.</li>\r\n\t<li>Webstie: Anvibi.com</li>\r\n\t<li>Email:&nbsp;<a href="mailto:Info@anvibi.com" rel="nofollow" target="_blank">Info@anvibi.com</a>.</li>\r\n</ul>	t	2025-03-01 16:17:53.85215+07	2025-03-01 16:17:53.85215+07
3	Điều khoản sử dụng	dieu-khoan-su-dung	<p>Bạn vui l&ograve;ng đọc kỹ c&aacute;c Điều khoản &amp; Điều kiện trong Điều Khoản Sử Dụng n&agrave;y trước khi đăng k&yacute;, truy cập v&agrave; sử dụng Dịch Vụ tr&ecirc;n Website Sanxuatkhaulaodong.com của C&ocirc;ng Ty TNHH Anvibi Group. Bằng việc sử dụng Dịch Vụ của ch&uacute;ng t&ocirc;i, bạn đ&atilde; chấp thuận Điều Khoản Sử Dụng n&agrave;y v&agrave; đồng &yacute; bị r&agrave;ng buộc bởi c&aacute;c quy định về sử dụng Dịch vụ tr&ecirc;n Website Sanxuatkhaulaodong.com. Nếu bạn c&oacute; bất kỳ c&acirc;u hỏi n&agrave;o về bản Điều Khoản Sử Dụng n&agrave;y, vui l&ograve;ng li&ecirc;n hệ ch&uacute;ng t&ocirc;i qua email:&nbsp;<a href="mailto:info@anvibi.com" rel="nofollow" target="_blank">info@anvibi.com</a>&nbsp;để biết th&ecirc;m chi tiết.</p>\r\n\r\n<p><strong>ĐIỀU 1. ĐỐI TƯỢNG V&Agrave; PHẠM VI &Aacute;P DỤNG.</strong></p>\r\n\r\n<ol>\r\n\t<li>Thỏa thuận n&agrave;y &aacute;p dụng đối với tất cả c&aacute;c c&aacute; nh&acirc;n tổ chức truy cập v&agrave;/hoặc sử dụng trang mạng với t&ecirc;n miền l&agrave; Sanxuatkhaulaodong.com, c&aacute;c dịch vụ, c&aacute;c trang mạng ph&aacute;t sinh từ t&ecirc;n miền n&agrave;y; c&aacute;c trang mạng v&agrave; ứng dụng thuộc sở hữu của C&ocirc;ng ty TNHH Anvibi Group.</li>\r\n\t<li>Thỏa thuận n&agrave;y &aacute;p dụng đối với tất cả c&aacute;c h&agrave;nh vi ph&aacute;t sinh từ việc sử dụng, truy cập, t&igrave;m kiếm, chia sẻ, cung cấp, v.v&hellip; c&aacute;c nội dung, c&aacute;c sản phẩm, c&aacute;c th&ocirc;ng tin, c&aacute;c t&agrave;i nguy&ecirc;n ph&aacute;t sinh từ trang mạng với t&ecirc;n miền l&agrave; Sanxuatkhaulaodong.com, c&aacute;c dịch vụ, c&aacute;c trang mạng ph&aacute;t sinh từ t&ecirc;n miền n&agrave;y; c&aacute;c trang mạng v&agrave; ứng dụng thuộc sở hữu của C&ocirc;ng ty TNHH Anvibi Group.</li>\r\n</ol>\r\n\r\n<p><strong>ĐIỀU 2. ĐỊNH NGHĨA.</strong></p>\r\n\r\n<p>2.1 &nbsp; Trong Điều Khoản Sử Dụng n&agrave;y v&agrave; c&aacute;c văn bản được đ&iacute;nh k&egrave;m, c&aacute;c thuật ngữ được diễn đạt theo c&aacute;ch hiểu sau đ&acirc;y (trừ trường hợp c&oacute; quy định kh&aacute;c):</p>\r\n\r\n<ol>\r\n\t<li><strong>Điều khoản sử dụng</strong>&nbsp;c&oacute; nghĩa l&agrave; to&agrave;n bộ nội dung của văn bản n&agrave;y v&agrave; c&aacute;c văn bản đ&iacute;nh k&egrave;m của n&oacute;.</li>\r\n\t<li><strong>Website&nbsp;</strong>l&agrave; t&ecirc;n gọi chung của tất cả c&aacute;c đối tượng sau: trang mạng c&oacute; t&ecirc;n miền Sanxuatkhaulaodong.com, c&aacute;c dịch vụ, c&aacute;c trang mạng ph&aacute;t sinh từ t&ecirc;n miền n&agrave;y; v&agrave; c&aacute;c trang mạng v&agrave; ứng dụng chạy tr&ecirc;n c&aacute;c nền tảng kh&aacute;c thuộc sở hữu của Anvibi Group.</li>\r\n\t<li><strong>Người d&ugrave;ng (bao gồm ứng vi&ecirc;n v&agrave; đối t&aacute;c)&nbsp;</strong>l&agrave; bất kỳ c&aacute; nh&acirc;n hay tổ chức n&agrave;o sử dụng Website.</li>\r\n\t<li><strong>Nội dung người d&ugrave;ng&nbsp;</strong>l&agrave; to&agrave;n bộ tất cả th&ocirc;ng tin, dữ liệu, văn bản, phần mềm, &acirc;m nhạc, &acirc;m thanh, h&igrave;nh ảnh, đồ họa, video, quảng c&aacute;o, tin nhắn hoặc c&aacute;c t&agrave;i liệu kh&aacute;c được gửi, đăng hoặc thể hiện bởi Người d&ugrave;ng tr&ecirc;n Website hoặc Người d&ugrave;ng th&ocirc;ng qua Anvibi Group để thể hiện l&ecirc;n Website.</li>\r\n\t<li><strong>Dịch vụ&nbsp;</strong>l&agrave; tất cả c&aacute;c sản phẩm m&agrave; Anvibi Group cung cấp trong phạm vi kinh doanh của m&igrave;nh bằng h&igrave;nh thức cung cấp trực tiếp đến người ti&ecirc;u d&ugrave;ng hoặc cung cấp gi&aacute;n tiếp qua Website.</li>\r\n\t<li><strong>T&agrave;i khoản người d&ugrave;ng&nbsp;</strong>l&agrave; một bộ bao gồm 01 (một) T&ecirc;n đăng nhập ứng với 01 (một) Mật khẩu m&agrave; Người D&ugrave;ng d&ugrave;ng để đăng nhập v&agrave;o Website nhằm sử dụng Website v&agrave; sử dụng Dịch Vụ.</li>\r\n</ol>\r\n\r\n<p><strong>ĐIỀU 3. X&Aacute;C THỰC TH&Ocirc;NG TIN V&Agrave; ĐĂNG K&Yacute; SỬ DỤNG.</strong></p>\r\n\r\n<p>Để sử dụng Dịch Vụ, Người D&ugrave;ng đồng &yacute; thực hiện đầy đủ c&aacute;c bước v&agrave; quy định m&agrave; ch&uacute;ng t&ocirc;i y&ecirc;u cầu khi đăng k&yacute; T&agrave;i Khoản Người D&ugrave;ng v&agrave;/hoặc đăng k&yacute; sử dụng Dịch Vụ, bao gồm nhưng kh&ocirc;ng giới hạn việc nhập th&ocirc;ng tin theo y&ecirc;u cầu của ch&uacute;ng t&ocirc;i v&agrave; việc việc ch&uacute;ng t&ocirc;i x&aacute;c thực th&ocirc;ng tin đăng k&yacute;,...</p>\r\n\r\n<p><strong>ĐIỀU 4. T&Agrave;I KHOẢN V&Agrave; MẬT KHẨU.</strong></p>\r\n\r\n<ol>\r\n\t<li>Để sử dụng Dịch Vụ tr&ecirc;n Website, Người d&ugrave;ng phải đăng k&yacute; t&agrave;i khoản, khởi tạo mật khẩu v&agrave; x&aacute;c thực số điện thoại của Người D&ugrave;ng. Người d&ugrave;ng c&oacute; nghĩa vụ quản l&yacute; v&agrave; tự bảo mật đối với T&agrave;i Khoản Người D&ugrave;ng.</li>\r\n\t<li>Trong trường hợp Ch&uacute;ng t&ocirc;i c&oacute; l&yacute; do kết luận rằng Nội Dung Người D&ugrave;ng được đăng tải bởi T&agrave;i Khoản Người D&ugrave;ng kh&ocirc;ng đ&uacute;ng sự thật, kh&ocirc;ng tu&acirc;n thủ đ&uacute;ng c&aacute;c điều khoản sử dụng của Website v&agrave;/hoặc c&aacute;c thỏa thuận của Điều Khoản Sử Dụng n&agrave;y, Ch&uacute;ng t&ocirc;i c&oacute; quyền y&ecirc;u cầu Người D&ugrave;ng thay đổi mật khẩu hoặc Ch&uacute;ng T&ocirc;i c&oacute; quyền tạm dừng t&agrave;i khoản của Người D&ugrave;ng đến khi giải quyết v&agrave; khắc phục xong c&aacute;c vi phạm vừa n&ecirc;u.</li>\r\n\t<li>Trường hợp Người D&ugrave;ng mất Mật khẩu hoặc hoặc sử dụng kh&ocirc;ng đ&uacute;ng c&aacute;c điều khoản sử dụng của Website, v&agrave; hoặc sử dụng kh&ocirc;ng đ&uacute;ng c&aacute;c thỏa thuận của Điều Khoản Sử Dụng N&agrave;y m&agrave; g&acirc;y ra thiệt hại th&igrave; Người D&ugrave;ng tự chịu to&agrave;n bộ những thiệt hại xảy ra đối với B&ecirc;n bị thiệt hại. Ch&uacute;ng t&ocirc;i kh&ocirc;ng c&oacute; tr&aacute;ch nhiệm bồi thường cho những thiệt hại n&agrave;y.</li>\r\n\t<li>Người D&ugrave;ng lưu &yacute; rằng, ch&uacute;ng t&ocirc;i chỉ bảo mật đối với T&agrave;i Khoản Người D&ugrave;ng c&ugrave;ng với mật khẩu tương ứng v&agrave; Nội Dung Người D&ugrave;ng tương ứng.</li>\r\n</ol>\r\n\r\n<p><strong>ĐIỀU 5. THỎA THUẬN VỀ TH&Ocirc;NG TIN</strong></p>\r\n\r\n<ol>\r\n\t<li>Khi Người D&ugrave;ng sử dụng Dịch Vụ v&agrave;/hoặc Người D&ugrave;ng bắt đầu tạo T&agrave;i Khoản Người D&ugrave;ng v&agrave; kh&ocirc;ng x&eacute;t đến việc Người D&ugrave;ng c&oacute; tạo T&agrave;i Khoản Người D&ugrave;ng th&agrave;nh c&ocirc;ng hay kh&ocirc;ng, Người D&ugrave;ng thừa nhận rằng ch&uacute;ng t&ocirc;i c&oacute; quyền thu thập v&agrave; sử dụng c&aacute;c th&ocirc;ng tin sau để phục vụ việc cung cấp Dịch Vụ:</li>\r\n</ol>\r\n\r\n<ul>\r\n\t<li>\r\n\t<ul>\r\n\t\t<li>Th&ocirc;ng tin c&aacute; nh&acirc;n (đối với Người D&ugrave;ng l&agrave; người lao động đi t&igrave;m việc): bao gồm nhưng kh&ocirc;ng giới hạn c&aacute;c th&ocirc;ng tin Người D&ugrave;ng cung cấp cho ch&uacute;ng t&ocirc;i trong qu&aacute; tr&igrave;nh tạo T&agrave;i Khoản Người D&ugrave;ng như t&ecirc;n, số điện thoại, địa chỉ email&hellip;;</li>\r\n\t\t<li>Th&ocirc;ng tin đối t&aacute;c (đối với Người D&ugrave;ng l&agrave; người sử dụng lao động c&oacute; nhu cầu tuyển dụng): bao gồm nhưng kh&ocirc;ng giới hạn c&aacute;c th&ocirc;ng tin về t&ecirc;n chủ thể kinh doanh, m&atilde; số thuế, người đại diện theo ph&aacute;p luật, địa chỉ trụ sở, địa chỉ email, số điện thoại, &hellip;;</li>\r\n\t\t<li>Th&ocirc;ng tin chung: như c&aacute;c th&ocirc;ng tin về kinh nghiệm l&agrave;m việc, định hướng nghề nghiệp, mục ti&ecirc;u c&ocirc;ng việc; tr&igrave;nh độ học vấn; năng lực l&agrave;m việc; vị tr&iacute; tuyển dụng; thời gian tuyển dụng; m&ocirc; tả c&ocirc;ng việc; mức lương v&agrave; c&aacute;c Nội Dung Người D&ugrave;ng kh&aacute;c do Người D&ugrave;ng tự nguyện tải l&ecirc;n Website.</li>\r\n\t</ul>\r\n\t</li>\r\n</ul>\r\n\r\n<ol start="2">\r\n\t<li>Người D&ugrave;ng thừa nhận v&agrave; đồng &yacute; về việc tự chịu tr&aacute;ch nhiệm về h&igrave;nh thức, nội dung v&agrave; t&iacute;nh x&aacute;c thực của bất kỳ Nội Dung n&agrave;o của Người D&ugrave;ng do Người D&ugrave;ng đăng tải, cung cấp cho Website Sanxuatkhaulaodong.com hoặc cho ch&uacute;ng t&ocirc;i.</li>\r\n\t<li>Người d&ugrave;ng cam kết rằng to&agrave;n bộ c&aacute;c Nội Dung Người D&ugrave;ng do Người D&ugrave;ng tự cung cấp hoặc cung cấp theo y&ecirc;u cầu của ch&uacute;ng t&ocirc;i đều kh&ocirc;ng chứa c&aacute;c nội dung sau:</li>\r\n</ol>\r\n\r\n<ul>\r\n\t<li>\r\n\t<ul>\r\n\t\t<li>Nội dung bạo lực, bao gồm nhưng kh&ocirc;ng giới hạn: x&uacute;i giục bạo lực, ủng hộ bạo lực, tham gia bạo lực, tổ chức bạo lực, &hellip;..;</li>\r\n\t\t<li>Nội dung g&acirc;y mất an to&agrave;n cho con người, bao gồm nhưng kh&ocirc;ng giới hạn: tự tử, x&uacute;i giục tự tử, tự g&acirc;y thương t&iacute;ch, x&uacute;i giục g&acirc;y thương t&iacute;ch, b&oacute;c lột t&igrave;nh dục, x&acirc;m hại t&igrave;nh dục, lạm dụng t&igrave;nh dục, b&oacute;c lột thể chất, quấy rối tinh thần, vi phạm quyền ri&ecirc;ng tư;</li>\r\n\t\t<li>Nội dung g&acirc;y phản cảm cho con người, bao gồm nhưng kh&ocirc;ng giới hạn: g&acirc;y th&ugrave; gh&eacute;t, ph&acirc;n biệt ti&ecirc;u cực đối với nh&agrave; nước, ch&iacute;nh trị, t&ocirc;n gi&aacute;o, sắc tộc, giới t&iacute;nh, sở th&iacute;ch, ngoại h&igrave;nh, t&igrave;nh trạng sức khỏe; h&igrave;nh ảnh, phim ảnh thỏa th&acirc;n; gạ gẫm t&igrave;nh dục; h&agrave;nh hạ động vật; xỉ nhục, hạ thấp nh&acirc;n phẩm, uy t&iacute;n của c&aacute; nh&acirc;n, tổ chức;</li>\r\n\t\t<li>Nội dung kh&ocirc;ng to&agrave;n vẹn, kh&ocirc;ng đ&uacute;ng sự thật, bao gồm nhưng kh&ocirc;ng giới hạn: Th&ocirc;ng tin c&aacute; nh&acirc;n sai với nội dung thật của Người D&ugrave;ng; tin giả; nội dung chứa h&agrave;nh vi gian dối, lừa đảo; nội dung chứa phương tiện bị chỉnh sửa g&acirc;y sai lệch hoặc g&acirc;y nhầm lẫn với phương tiện gốc;</li>\r\n\t\t<li>Nội dung vi phạm sở hữu tr&iacute; tuệ, bao gồm nhưng kh&ocirc;ng giới hạn: sử dụng c&aacute;c đối tượng thuộc quyền sở hữu tr&iacute; tuệ của chủ thể kh&aacute;c nhưng chưa được đồng &yacute;, sử dụng những nội dung g&acirc;y nhầm lẫn với những đối tượng đ&atilde; được bảo hộ về sở hữu tr&iacute; tuệ,&hellip;;</li>\r\n\t\t<li>Nội dung g&acirc;y mất an to&agrave;n tr&ecirc;n kh&ocirc;ng gian mạng, bao gồm nhưng kh&ocirc;ng giới hạn: nội dung chứa c&aacute;c m&atilde; độc, nội dung chứa c&aacute;c tin r&aacute;c, nội dung chứa c&aacute;c phần mềm gi&aacute;n điệp.</li>\r\n\t</ul>\r\n\t</li>\r\n</ul>\r\n\r\n<ol start="4">\r\n\t<li>Ch&uacute;ng t&ocirc;i kh&ocirc;ng đảm bảo t&iacute;nh trung thực, ch&iacute;nh x&aacute;c, hoặc độ tin cậy của Nội Dung Người D&ugrave;ng, c&aacute;c sản phẩm ph&aacute;i sinh từ Nội dung Người d&ugrave;ng, hoặc bất kỳ th&ocirc;ng tin li&ecirc;n lạc kh&aacute;c được đăng bởi Người D&ugrave;ng cũng như kh&ocirc;ng x&aacute;c nhận t&iacute;nh ch&iacute;nh x&aacute;c của bất kỳ &yacute; kiến n&agrave;o được cung cấp, đăng tải bởi Người d&ugrave;ng. Người D&ugrave;ng thừa nhận rằng việc tin tưởng n&agrave;o v&agrave;o Nội Dung Người D&ugrave;ng được đăng bởi Người D&ugrave;ng kh&aacute;c l&agrave; rủi ro của ri&ecirc;ng Người D&ugrave;ng khi tiếp cận. Do đ&oacute;, ch&uacute;ng t&ocirc;i chỉ cung cấp Dịch Vụ cho c&aacute;c Người D&ugrave;ng th&ocirc;ng qua Website m&agrave; kh&ocirc;ng chịu tr&aacute;ch nhiệm đối với c&aacute;c giao dịch ph&aacute;t sinh giữa Người D&ugrave;ng với nhau.</li>\r\n</ol>\r\n\r\n<p><strong>ĐIỀU 6. THỎA THUẬN SỞ HỮU TR&Iacute; TUỆ</strong></p>\r\n\r\n<ol>\r\n\t<li>Người D&ugrave;ng cam kết rằng, tất cả c&aacute;c h&agrave;nh vi đăng tải Nội Dung Người D&ugrave;ng v&agrave; Nội Dung Người D&ugrave;ng được đăng tải đều đ&aacute;p ứng đầy đủ c&aacute;c điều kiện sau:</li>\r\n</ol>\r\n\r\n<ul>\r\n\t<li>\r\n\t<ul>\r\n\t\t<li>Người D&ugrave;ng l&agrave; chủ sở hữu v&agrave;/hoặc c&oacute; quyền sử dụng c&aacute;c Nội Dung Người D&ugrave;ng;</li>\r\n\t\t<li>Việc Người D&ugrave;ng đăng tải c&aacute;c Nội Dung Người D&ugrave;ng tr&ecirc;n website kh&ocirc;ng x&acirc;m phạm quyền của bất kỳ b&ecirc;n thứ ba n&agrave;o, bao gồm nhưng kh&ocirc;ng giới hạn quyền ri&ecirc;ng tư, quyền c&ocirc;ng khai, bản quyền, nh&atilde;n hiệu, t&ecirc;n doanh nghiệp v&agrave;/hoặc quyền sở hữu tr&iacute; tuệ kh&aacute;c.</li>\r\n\t\t<li>Việc truy cập v&agrave; sử dụng website Sanxuatkhaulaodong.com do bạn ho&agrave;n to&agrave;n tự nguyện v&agrave; đồng &yacute; rằng bạn chịu tr&aacute;ch nhiệm về c&aacute;c th&ocirc;ng tin bạn cung cấp tr&ecirc;n Sanxuatkhaulaodong.com.</li>\r\n\t</ul>\r\n\t</li>\r\n</ul>\r\n\r\n<ol start="2">\r\n\t<li>Người D&ugrave;ng v&agrave; Anvibi Group thỏa thuận rằng: T&ecirc;n doanh nghiệp v&agrave; nh&atilde;n hiệu thuộc sở hữu của Anvibi Group l&agrave; sở hữu ri&ecirc;ng của Anvibi Group. Việc Người D&ugrave;ng sử dụng c&aacute;c t&agrave;i nguy&ecirc;n tại Website th&ocirc;ng qua việc d&ugrave;ng Dịch Vụ phải đảm bảo kh&ocirc;ng x&acirc;m phạm quyền sở hữu tr&iacute; tuệ đối với t&ecirc;n doanh nghiệp v&agrave; nh&atilde;n hiệu thuộc sở hữu của Anvibi Group.</li>\r\n</ol>\r\n\r\n<p><strong>ĐIỀU 7. THỎA THUẬN QUẢNG C&Aacute;O</strong></p>\r\n\r\n<ol>\r\n\t<li>Bằng c&aacute;ch sử dụng Website v&agrave; c&aacute;c Dịch Vụ, Người D&ugrave;ng đồng &yacute; rằng Ch&uacute;ng t&ocirc;i c&oacute; quyền được gửi th&ocirc;ng tin quảng c&aacute;o về Dịch Vụ hoặc th&ocirc;ng tin về của ch&uacute;ng t&ocirc;i đến Người D&ugrave;ng.</li>\r\n\t<li>C&aacute;c th&ocirc;ng tin quảng c&aacute;o như n&ecirc;u ở tr&ecirc;n sẽ được Ch&uacute;ng t&ocirc;i gửi đến Người D&ugrave;ng bằng việc email, tin nhắn, cuộc gọi, th&ocirc;ng b&aacute;o tr&ecirc;n t&agrave;i khoản Người D&ugrave;ng.</li>\r\n\t<li>Th&ocirc;ng tin nhận quảng c&aacute;o sẽ l&agrave; email v&agrave; số điện thoại m&agrave; Người D&ugrave;ng đ&atilde; cung cấp cho ch&uacute;ng t&ocirc;i khi đăng k&yacute; T&agrave;i Khoản Người D&ugrave;ng.</li>\r\n</ol>\r\n\r\n<p><strong>ĐIỀU 8. TUY&Ecirc;N BỐ CHẾ T&Agrave;I</strong></p>\r\n\r\n<ol>\r\n\t<li>Bằng c&aacute;ch sử dụng Website hoặc Dịch Vụ, Người D&ugrave;ng cam kết rằng hoạt động của Người D&ugrave;ng l&agrave; tu&acirc;n thủ đ&uacute;ng với ph&aacute;p luật của Cộng h&ograve;a X&atilde; hội Chủ Nghĩa Việt Nam v&agrave; Người D&ugrave;ng sẽ tự chịu mọi chế t&agrave;i của ph&aacute;p luật nếu c&oacute; h&agrave;nh vi vi phạm ph&aacute;p luật.</li>\r\n\t<li>Người D&ugrave;ng đồng &yacute; rằng Ch&uacute;ng t&ocirc;i c&oacute; quyền tạm kh&oacute;a T&agrave;i Khoản Người D&ugrave;ng hoặc ngừng hiển thị tất cả Nội Dung Người D&ugrave;ng m&agrave; kh&ocirc;ng cần b&aacute;o trước trong c&aacute;c trường hợp sau:</li>\r\n</ol>\r\n\r\n<ul>\r\n\t<li>\r\n\t<ul>\r\n\t\t<li>Người D&ugrave;ng thực hiện sai với cam kết n&ecirc;u tại Điều 3, khoản 3 Điều 5, Điều 6 của Điều Khoản Sử Dụng n&agrave;y;</li>\r\n\t\t<li>Ch&uacute;ng t&ocirc;i nhận được th&ocirc;ng tin từ Người D&ugrave;ng kh&aacute;c hoặc cơ quan nh&agrave; nước về việc Người D&ugrave;ng c&oacute; h&agrave;nh vi bị nghi ngờ l&agrave; vi phạm ph&aacute;p luật h&igrave;nh sự hoặc ph&aacute;p luật lao động;</li>\r\n\t\t<li>Ch&uacute;ng t&ocirc;i c&oacute; căn cứ tin rằng c&aacute;c h&agrave;nh vi của Người D&ugrave;ng trong việc tương t&aacute;c, sử dụng Website, Dịch Vụ hoặc Nội Dung Người D&ugrave;ng c&oacute; c&aacute;c dấu hiệu sau: (1)lừa đảo; (2)vi phạm ph&aacute;p luật của nước Cộng h&ograve;a X&atilde; hội Chủ nghĩa Việt Nam; (3)g&acirc;y thiệt hại đến Người D&ugrave;ng kh&aacute;c; (4)g&acirc;y thiệt hại đến x&atilde; hội; (5)g&acirc;y ảnh hưởng xấu đến hệ thống Website; (6)g&acirc;y thiệt hại đến quyền lợi, t&agrave;i sản của ch&uacute;ng t&ocirc;i.</li>\r\n\t</ul>\r\n\t</li>\r\n</ul>\r\n\r\n<p><strong>ĐIỀU 9. HIỆU LỰC CỦA ĐIỀU KHOẢN SỬ DỤNG</strong></p>\r\n\r\n<ol>\r\n\t<li>Người D&ugrave;ng thỏa thuận rằng, Người D&ugrave;ng đồng &yacute; với Điều Khoản Sử Dụng n&agrave;y nếu thực hiện 01 (một) trong c&aacute;c nội dung sau:</li>\r\n</ol>\r\n\r\n<ul>\r\n\t<li>\r\n\t<ul>\r\n\t\t<li>Chọn v&agrave;o n&uacute;t &ldquo;Đăng K&yacute;&rdquo; khi Người D&ugrave;ng đăng k&yacute; T&agrave;i Khoản Người D&ugrave;ng;</li>\r\n\t\t<li>Chọn v&agrave;o n&uacute;t &ldquo;T&ocirc;i đồng &yacute; với to&agrave;n bộ Điều Khoản Sử Dụng&rdquo;;</li>\r\n\t\t<li>Đ&atilde; sở hữu T&agrave;i Khoản Người D&ugrave;ng v&agrave; T&agrave;i Khoản Người D&ugrave;ng chưa bị x&oacute;a;</li>\r\n\t\t<li>Sử dụng Website hoặc Dịch Vụ bằng c&aacute;ch th&ocirc;ng qua hoặc kh&ocirc;ng th&ocirc;ng qua T&agrave;i Khoản Người D&ugrave;ng.</li>\r\n\t</ul>\r\n\t</li>\r\n</ul>\r\n\r\n<ol start="2">\r\n\t<li>Người D&ugrave;ng ho&agrave;n to&agrave;n tự nguyện đồng &yacute; với Điều Khoản Sử Dụng, đồng &yacute; rằng chịu tr&aacute;ch nhiệm với việc sử dụng Dịch Vụ của Ch&uacute;ng t&ocirc;i, cả chi ph&iacute; sử dụng (nếu c&oacute;).</li>\r\n\t<li>Người d&ugrave;ng đồng &yacute; rằng: Ch&uacute;ng t&ocirc;i được quyền hủy bỏ, sửa đổi, cập nhật Điều Khoản Sử Dụng n&agrave;y m&agrave; kh&ocirc;ng cần sự đồng &yacute; của Người D&ugrave;ng. Khi c&oacute; hủy bỏ, sửa đổi hay cập nhật Điều Khoản Sử Dụng, Ch&uacute;ng t&ocirc;i c&oacute; nghĩa vụ th&ocirc;ng b&aacute;o cho Người D&ugrave;ng.</li>\r\n\t<li>Trong trường hợp Người D&ugrave;ng kh&ocirc;ng đồng &yacute; với Điều Khoản Sử Dụng sau khi được sửa đổi hay cập nhật, Ch&uacute;ng t&ocirc;i từ chối cung cấp Dịch Vụ hoặc từ chối cho ph&eacute;p Người D&ugrave;ng truy cập cũng như sử dụng c&aacute;c t&agrave;i nguy&ecirc;n c&oacute; tại Website.</li>\r\n\t<li>Trong trường hợp, một hoặc một số điều khoản của Điều Khoản Sử Dụng tr&aacute;i với c&aacute;c quy định của ph&aacute;p luật hoặc bị cơ quan c&oacute; thẩm quyền tuy&ecirc;n v&ocirc; hiệu th&igrave; điều khoản n&agrave;y sẽ bị loại bỏ khỏi Điều Khoản Sử Dụng v&agrave; việc loại bỏ n&agrave;y kh&ocirc;ng l&agrave;m ảnh hưởng đến gi&aacute; trị của to&agrave;n bộ c&aacute;c thỏa thuận c&ograve;n lại của Điều Khoản Sử Dụng n&agrave;y.</li>\r\n</ol>	t	2025-03-01 16:20:36.145021+07	2025-03-01 16:20:36.145021+07
4	Chính sách bảo mật thông tin	chinh-sach-bao-mat-thong-tin	<p><strong>Mục đ&iacute;ch thu thập th&ocirc;ng tin c&aacute; nh&acirc;n:</strong></p>\r\n\r\n<p>Việc thu thập dữ liệu l&agrave; c&aacute;c th&ocirc;ng tin m&agrave; Anvibi cần Ứng vi&ecirc;n/ Nh&agrave; tuyển dụng cung cấp bắt buộc khi đăng k&yacute; sử dụng dịch vụ v&agrave; để Anvibi li&ecirc;n hệ x&aacute;c nhận khi kh&aacute;ch h&agrave;ng đăng k&yacute; sử dụng dịch vụ tr&ecirc;n Website nhằm đảm bảo quyền lợi cho cho người d&ugrave;ng.</p>\r\n\r\n<p><strong>Phạm vi thu thập th&ocirc;ng tin</strong></p>\r\n\r\n<p>Khi người d&ugrave;ng đăng k&yacute; v&agrave; sử dụng C&aacute;c Dịch Vụ hoặc mở một t&agrave;i khoản tr&ecirc;n website;</p>\r\n\r\n<p>Khi người d&ugrave;ng gửi bất kỳ biểu mẫu n&agrave;o, bao gồm đơn đăng k&yacute; hoặc c&aacute;c mẫu đơn kh&aacute;c li&ecirc;n quan đến bất kỳ dịch vụ n&agrave;o của Anvibi, bằng h&igrave;nh thức trực tuyến hay dưới h&igrave;nh thức kh&aacute;c;</p>\r\n\r\n<p>Khi người d&ugrave;ng k&yacute; kết c&aacute;c thỏa thuận hoặc khi người d&ugrave;ng cung cấp c&aacute;c t&agrave;i liệu, th&ocirc;ng tin kh&aacute;c ph&aacute;t sinh trong qu&aacute; tr&igrave;nh tương t&aacute;c với Anvibi, hoặc trong qu&aacute; tr&igrave;nh người d&ugrave;ng sử dụng c&aacute;c dịch vụ của Anvibi;</p>\r\n\r\n<ul>\r\n\t<li>Khi người d&ugrave;ng tương t&aacute;c với Anvibi, chẳng hạn như th&ocirc;ng qua c&aacute;c cuộc gọi điện thoại (c&oacute; thể được ghi &acirc;m lại), thư từ, fax, gặp gỡ trực tiếp, c&aacute;c nền tảng ứng dụng truyền th&ocirc;ng x&atilde; hội v&agrave; email;</li>\r\n\t<li>Khi người d&ugrave;ng cấp quyền tr&ecirc;n thiết bị của họ để chia sẻ th&ocirc;ng tin với nền tảng của Anvibi;</li>\r\n\t<li>Khi người d&ugrave;ng li&ecirc;n kết t&agrave;i khoản tr&ecirc;n Sanxuatkhaulaodong.com với c&aacute;c t&agrave;i khoản mạng x&atilde; hội của họ hoặc c&aacute;c t&agrave;i khoản b&ecirc;n ngo&agrave;i kh&aacute;c hoặc sử dụng c&aacute;c t&iacute;nh năng mạng x&atilde; hội kh&aacute;c, ph&ugrave; hợp với c&aacute;c ch&iacute;nh s&aacute;ch của nh&agrave; cung cấp;</li>\r\n\t<li>Khi người d&ugrave;ng cung cấp &yacute; kiến phản hồi hoặc gửi khiếu nại cho Anvibi;</li>\r\n\t<li>Khi người d&ugrave;ng tham gia c&aacute;c cuộc thi v&agrave; khảo s&aacute;t, tham gia nhận ưu đ&atilde;i hoặc tham gia v&agrave;o c&aacute;c hoạt động m&agrave; Anvibi quảng c&aacute;o c&oacute; thể y&ecirc;u cầu th&ocirc;ng tin c&aacute; nh&acirc;n;</li>\r\n\t<li>Khi người d&ugrave;ng gửi dữ liệu c&aacute; nh&acirc;n của họ cho Anvibi v&igrave; bất kỳ l&yacute; do g&igrave;.</li>\r\n</ul>\r\n\r\n<p><strong>Th&ocirc;ng tin Anvibi c&oacute; thể thu thập:</strong></p>\r\n\r\n<ul>\r\n\t<li>C&aacute;c th&ocirc;ng tin c&aacute; nh&acirc;n để x&aacute;c minh nh&acirc;n th&acirc;n của th&agrave;nh vi&ecirc;n như: Họ t&ecirc;n, ng&agrave;y sinh, giới t&iacute;nh, địa chỉ email, số điện thoại, địa chỉ li&ecirc;n lạc&hellip;</li>\r\n\t<li>Th&ocirc;ng tin được gửi bởi hoặc li&ecirc;n quan đến (c&aacute;c) thiết bị được sử dụng để truy cập v&agrave;o C&aacute;c Dịch vụ hoặc Nền tảng của Anvibi;</li>\r\n\t<li>Th&ocirc;ng tin về mạng của người d&ugrave;ng v&agrave; những người, t&agrave;i khoản kh&aacute;c m&agrave; người d&ugrave;ng c&oacute; tương t&aacute;c;</li>\r\n\t<li>H&igrave;nh ảnh hoặc &acirc;m thanh hoặc video;</li>\r\n\t<li>Th&ocirc;ng tin sử dụng v&agrave; giao dịch, bao gồm chi tiết về lịch sử t&igrave;m kiếm, giao dịch, quảng c&aacute;o v&agrave; nội dung hiển thị m&agrave; tương t&aacute;c với nền tảng, cũng như c&aacute;c sản phẩm v&agrave; dịch vụ c&oacute; li&ecirc;n quan của người d&ugrave;ng;</li>\r\n\t<li>Dữ liệu về địa điểm</li>\r\n</ul>\r\n\r\n<p><strong>Phạm vi sử dụng th&ocirc;ng tin</strong></p>\r\n\r\n<p>Anvibi sử dụng th&ocirc;ng tin thu thập từ người d&ugrave;ng trong c&aacute;c trường hợp dưới đ&acirc;y:</p>\r\n\r\n<ul>\r\n\t<li>Cung cấp c&aacute;c dịch vụ đến người d&ugrave;ng;</li>\r\n\t<li>Gửi c&aacute;c th&ocirc;ng b&aacute;o về c&aacute;c hoạt động trao đổi th&ocirc;ng tin giữa ngươi d&ugrave;ng với S&agrave;n TMĐT Sanxuatkhaulaodong;</li>\r\n\t<li>Ngăn ngừa c&aacute;c hoạt động ph&aacute; hủy t&agrave;i khoản người d&ugrave;ng hoặc c&aacute;c hoạt động giả mạo người d&ugrave;ng;</li>\r\n\t<li>Li&ecirc;n lạc v&agrave; giải quyết với người d&ugrave;ng trong những trường hợp đặc biệt;</li>\r\n\t<li>Kh&ocirc;ng sử dụng th&ocirc;ng tin c&aacute; nh&acirc;n của người d&ugrave;ng ngo&agrave;i mục đ&iacute;ch x&aacute;c nhận v&agrave; li&ecirc;n hệ c&oacute; li&ecirc;n quan đến giao dịch tại S&agrave;n TMĐT Sanxuatkhaulaodong;</li>\r\n\t<li>Trong trường hợp c&oacute; y&ecirc;u cầu của c&aacute;c cơ quan c&oacute; thẩm quyền theo quy định của ph&aacute;p luật. Ngo&agrave;i ra, kh&ocirc;ng ai c&oacute; quyền x&acirc;m phạm v&agrave;o th&ocirc;ng tin c&aacute; nh&acirc;n của người d&ugrave;ng;</li>\r\n\t<li>Bất kỳ mục đ&iacute;ch n&agrave;o m&agrave; Anvibi th&ocirc;ng b&aacute;o cho người d&ugrave;ng tại thời điểm xin sự cho ph&eacute;p của người d&ugrave;ng.</li>\r\n</ul>\r\n\r\n<p><strong>Thời gian lưu trữ th&ocirc;ng tin:</strong></p>\r\n\r\n<p>Anvibi sẽ duy tr&igrave; dữ liệu c&aacute; nh&acirc;n tu&acirc;n theo c&aacute;c quy định của ph&aacute;p luật về bảo vệ b&iacute; mật th&ocirc;ng tin c&aacute; nh&acirc;n v&agrave;/hoặc c&aacute;c điều luật hiện h&agrave;nh kh&aacute;c. C&oacute; nghĩa l&agrave;, c&ocirc;ng ty sẽ hủy hoặc x&oacute;a th&ocirc;ng tin nhận dạng ra khỏi dữ liệu c&aacute; nh&acirc;n của người d&ugrave;ng khi Anvibi c&oacute; l&yacute; do hợp l&yacute; để x&aacute;c định rằng</p>\r\n\r\n<ul>\r\n\t<li>Việc lưu giữ dữ liệu c&aacute; nh&acirc;n đ&oacute; kh&ocirc;ng c&ograve;n phục vụ mục đ&iacute;ch thu thập dữ liệu c&aacute; nh&acirc;n đ&oacute; nữa;</li>\r\n\t<li>Việc lưu giữ kh&ocirc;ng c&ograve;n cần thiết cho bất kỳ mục đ&iacute;ch hợp ph&aacute;p hay mục đ&iacute;ch kinh doanh n&agrave;o;</li>\r\n\t<li>Kh&ocirc;ng c&ograve;n c&aacute;c lợi &iacute;ch hợp ph&aacute;p n&agrave;o kh&aacute;c để tiếp tục lưu giữ c&aacute;c dữ liệu c&aacute; nh&acirc;n n&agrave;y. Nếu người d&ugrave;ng ngưng sử dụng dịch vụ của Sanxuatkhaulaodong.com, hoặc quyền của người d&ugrave;ng được sử dụng dịch vụ của Sanxuatkhaulaodong.com bị chấm dứt, c&ocirc;ng ty c&oacute; thể tiếp tục lưu, sử dụng v&agrave;/hoặc tiết lộ dữ liệu c&aacute; nh&acirc;n của người d&ugrave;ng tu&acirc;n theo Ch&iacute;nh s&aacute;ch bảo mật của c&ocirc;ng ty v&agrave; c&aacute;c nghĩa vụ của Anvibi theo c&aacute;c quy định của ph&aacute;p luật c&oacute; li&ecirc;n quan.</li>\r\n</ul>\r\n\r\n<p><strong>Những người hoặc tổ chức c&oacute; thể tiếp cận với th&ocirc;ng tin đ&oacute;: Chia sẻ với c&aacute;c b&ecirc;n thứ ba đ&aacute;ng tin cậy</strong></p>\r\n\r\n<ul>\r\n\t<li>Anvibi c&oacute; thể chia sẻ th&ocirc;ng tin bao gồm th&ocirc;ng tin thống k&ecirc; v&agrave; nh&acirc;n khẩu học về người d&ugrave;ng cũng như th&ocirc;ng tin về việc sử dụng c&aacute;c dịch vụ của người d&ugrave;ng với đối t&aacute;c cung cấp dịch vụ quảng c&aacute;o v&agrave; lập tr&igrave;nh. Anvibi cũng sẽ chia sẻ th&ocirc;ng tin thống k&ecirc; v&agrave; th&ocirc;ng tin nh&acirc;n khẩu học về người d&ugrave;ng của Anvibi v&agrave; việc họ sử dụng c&aacute;c dịch vụ với c&aacute;c đối t&aacute;c quảng c&aacute;o v&agrave; b&ecirc;n thứ ba cung cấp dịch vụ quảng c&aacute;o, t&aacute;i quảng c&aacute;o, hoặc lập tr&igrave;nh;</li>\r\n\t<li>C&aacute;c b&ecirc;n thứ ba n&agrave;y đ&atilde; đồng &yacute; kh&ocirc;ng chia sẻ, sử dụng hoặc giữ lại th&ocirc;ng tin c&aacute; nh&acirc;n của người d&ugrave;ng cho bất kỳ mục đ&iacute;ch n&agrave;o kh&aacute;c ngo&agrave;i mục đ&iacute;ch cần thiết để cung cấp dịch vụ;</li>\r\n</ul>\r\n\r\n<p><strong>Địa chỉ của đơn vị thu thập v&agrave; quản l&yacute; th&ocirc;ng tin</strong></p>\r\n\r\n<p><strong>C&ocirc;ng ty TNHH Anvibi Group;</strong></p>\r\n\r\n<p>Địa chỉ: Th&ocirc;n Giao T&aacute;c, X&atilde; Li&ecirc;n H&agrave;, Huyện Đ&ocirc;ng Anh, Th&agrave;nh phố H&agrave; Nội, Việt Nam;</p>\r\n\r\n<p>Điện thoại: 0976808600</p>\r\n\r\n<p>Email:&nbsp;<a href="mailto:info@hellojob.jp" rel="nofollow" target="_blank">info@anbivi</a>.com</p>\r\n\r\n<p><strong>Phương thức v&agrave; c&ocirc;ng cụ để người ti&ecirc;u d&ugrave;ng tiếp cận v&agrave; chỉnh sửa, cập nhật hoặc x&oacute;a dữ liệu</strong></p>\r\n\r\n<ul>\r\n\t<li>Để dễ d&agrave;ng truy cập, xem, cập nhật, x&oacute;a hoặc chuyển th&ocirc;ng tin c&aacute; nh&acirc;n, hoặc để cập nhật c&aacute;c t&ugrave;y chọn đăng k&yacute;, người d&ugrave;ng cần đăng nhập v&agrave;o T&agrave;i khoản Ứng vi&ecirc;n/ Nh&agrave; tuyển dụng v&agrave; truy cập phần &quot;Trang c&aacute; nh&acirc;n&quot;. Vui l&ograve;ng li&ecirc;n hệ với Anvibi để biết th&ecirc;m th&ocirc;ng tin v&agrave; hướng dẫn để truy cập, cập nhật hoặc x&oacute;a dữ liệu;</li>\r\n\t<li>Nếu người d&ugrave;ng kh&ocirc;ng thể tự thao t&aacute;c v&agrave; cần bất kỳ sự hỗ trợ n&agrave;o th&igrave; c&oacute; thể li&ecirc;n hệ với Ban quản l&yacute; website theo một trong c&aacute;c phương ph&aacute;p được m&ocirc; tả trong phần &quot;Li&ecirc;n hệ với ch&uacute;ng t&ocirc;i&quot; dưới đ&acirc;y.</li>\r\n</ul>\r\n\r\n<p><strong>Cơ chế tiếp nhận v&agrave; giải quyết khiếu nại của người d&ugrave;ng</strong></p>\r\n\r\n<p>Nếu tại bất kỳ thời điểm n&agrave;o, Người d&ugrave;ng c&oacute; c&acirc;u hỏi hay khiếu nại g&igrave; li&ecirc;n quan đến việc vi phạm bảo mật th&ocirc;ng tin, c&aacute;c th&ocirc;ng tin c&aacute; nh&acirc;n của người d&ugrave;ng bị sử dụng sai mục đ&iacute;ch, sai phạm vi th&igrave; người d&ugrave;ng c&oacute; thể li&ecirc;n hệ với Nh&acirc;n vi&ecirc;n Bảo vệ Dữ liệu bằng c&aacute;ch gửi email tới địa chỉ&nbsp;<a href="mailto:Info@anvibi.com" rel="nofollow" target="_blank">Info@anvibi.com</a>&nbsp;hoặc li&ecirc;n lạc qua số điện thoại 0976808600. Anvibi li&ecirc;n tục gi&aacute;m s&aacute;t v&agrave; quản l&yacute; hộp thư n&agrave;y để c&oacute; thể mang đến trải nghiệm m&agrave; người d&ugrave;ng ho&agrave;n to&agrave;n c&oacute; thể tin tưởng. Những Nh&acirc;n vi&ecirc;n bảo vệ dữ liệu sẽ căn cứ v&agrave;o những th&ocirc;ng tin khiếu nại v&agrave; những chứng cứ người d&ugrave;ng cung cấp để xử l&yacute; v&agrave; khắc phục trong v&ograve;ng 3 ng&agrave;y l&agrave;m việc kể từ ng&agrave;y kể từ ng&agrave;y nhận được đầy đủ chứng cứ người d&ugrave;ng cung cấp.</p>\r\n\r\n<p>Trong trường hợp m&aacute;y chủ lưu trữ th&ocirc;ng tin bị hacker tấn c&ocirc;ng dẫn đến mất m&aacute;t dữ liệu c&aacute; nh&acirc;n của người d&ugrave;ng th&igrave; Anvibi sẽ c&oacute; tr&aacute;ch nhiệm th&ocirc;ng b&aacute;o vụ việc cho cơ quan chức năng để điều tra xử l&yacute; kịp thời v&agrave; th&ocirc;ng b&aacute;o cho kh&aacute;ch h&agrave;ng được biết.</p>	t	2025-03-01 16:21:10.059288+07	2025-03-01 16:21:10.059288+07
5	Quy trình giải quyết tranh chấp, khiếu nại.	quy-trinh-giai-quyet-tranh-chap-khieu-nai	<p>Anvibi v&agrave; c&aacute;c đơn vị đối t&aacute;c c&oacute; tr&aacute;ch nhiệm tiếp nhận khiếu nại v&agrave; hỗ trợ người d&ugrave;ng li&ecirc;n quan đến th&ocirc;ng tin việc l&agrave;m đăng tải tại website.</p>\r\n\r\n<p>Khi ph&aacute;t sinh tranh chấp, Anvibi đề cao giải ph&aacute;p thương lượng, h&ograve;a giải giữa c&aacute;c b&ecirc;n nhằm duy tr&igrave; sự tin cậy của th&agrave;nh vi&ecirc;n v&agrave;o chất lượng dịch vụ của Anvibi v&agrave; thực hiện theo c&aacute;c bước sau:</p>\r\n\r\n<p><strong><u>Bước 1</u></strong>: Người d&ugrave;ng khiếu nại về c&aacute;c nội dung li&ecirc;n quan đến th&ocirc;ng tin việc l&agrave;m, tuyển dụng của đơn vị đối t&aacute;c qua email: Info@anvibi.com, người d&ugrave;ng c&oacute; thể phản &aacute;nh trực tiếp đến ban quản trị qua hotline: 0976808600.</p>\r\n\r\n<p><strong><u>Bước 2:</u></strong>&nbsp;Bộ phận Chăm S&oacute;c Kh&aacute;ch H&agrave;ng của Anvibi sẽ tiếp nhận c&aacute;c khiếu nại của người d&ugrave;ng, t&ugrave;y theo t&iacute;nh chất v&agrave; mức độ của khiếu nại th&igrave; b&ecirc;n Anvibi sẽ c&oacute; biện ph&aacute;p cụ thể hỗ trợ người d&ugrave;ng để giải quyết tranh chấp đ&oacute;. Bộ phận n&agrave;y chủ động giải quyết nhanh ch&oacute;ng v&agrave; trả lời ngay kết quả giải quyết c&aacute;c khiếu nại tr&ecirc;n cơ sở Ch&iacute;nh s&aacute;ch m&agrave; c&ocirc;ng ty đ&atilde; c&ocirc;ng bố trong thời hạn 7 ng&agrave;y l&agrave;m việc.</p>\r\n\r\n<p><strong><u>Bước 3:</u></strong>&nbsp;Trong trường hợp nằm ngo&agrave;i khả năng v&agrave; thẩm quyền của Anvibi th&igrave; ban quản trị sẽ y&ecirc;u cầu người d&ugrave;ng đưa vụ việc n&agrave;y ra cơ quan nh&agrave; nước c&oacute; thẩm quyền giải quyết theo ph&aacute;p luật Anvibi t&ocirc;n trọng v&agrave; nghi&ecirc;m t&uacute;c thực hiện c&aacute;c quy định của ph&aacute;p luật về bảo vệ quyền lợi của người d&ugrave;ng (người lao động t&igrave;m việc).</p>\r\n\r\n<p>V&igrave; vậy, đề nghị c&aacute;c th&agrave;nh vi&ecirc;n đăng tin giới thiệu th&ocirc;ng tin việc l&agrave;m, tuyển dụng tr&ecirc;n website của Anvibi cần cung cấp đầy đủ, ch&iacute;nh x&aacute;c, trung thực v&agrave; chi tiết c&aacute;c th&ocirc;ng tin li&ecirc;n quan đến việc l&agrave;m, nơi l&agrave;m việc, điều kiện l&agrave;m việc. Mọi h&agrave;nh vi lừa đảo, gian lận trong kinh doanh đều bị l&ecirc;n &aacute;n v&agrave; chịu ho&agrave;n to&agrave;n mọi tr&aacute;ch nhiệm trước ph&aacute;p luật. C&aacute;c b&ecirc;n bao gồm đơn vị đối t&aacute;c, người d&ugrave;ng sẽ phải c&oacute; vai tr&ograve; tr&aacute;ch nhiệm trong việc t&iacute;ch cực giải quyết vấn đề. Đối với đơn vị đối t&aacute;c cần c&oacute; tr&aacute;ch nhiệm cung cấp văn bản, giấy tờ chứng thực th&ocirc;ng tin li&ecirc;n quan đến sự việc đang g&acirc;y m&acirc;u thuẫn cho kh&aacute;ch h&agrave;ng. Đối với Anvibi sẽ c&oacute; tr&aacute;ch nhiệm cung cấp những th&ocirc;ng tin li&ecirc;n quan đến người d&ugrave;ng v&agrave; đơn vị đối t&aacute;c nếu được người d&ugrave;ng hoặc đơn vị đối t&aacute;c (li&ecirc;n quan đến tranh chấp đ&oacute;) y&ecirc;u cầu. Sau khi c&aacute;c b&ecirc;n đ&atilde; giải quyết xong tranh chấp phải c&oacute; tr&aacute;ch nhiệm b&aacute;o lại cho ban quản trị Anvibi. Trong trường hợp giao dịch ph&aacute;t sinh m&acirc;u thuẫn m&agrave; lỗi thuộc về đơn vị nh&agrave; tuyển dụng: Anvibi sẽ c&oacute; biện ph&aacute;p cảnh c&aacute;o, kh&oacute;a t&agrave;i khoản hoặc chuyển cho cơ quan ph&aacute;p luật c&oacute; thẩm quyền t&ugrave;y theo mức độ của sai phạm. Anvibi sẽ chấm dứt v&agrave; gỡ bỏ to&agrave;n bộ tin b&agrave;i về sản phẩm, dịch vụ của đơn vị đ&oacute; tr&ecirc;n website, đồng thời y&ecirc;u cầu đơn vị bồi ho&agrave;n cho kh&aacute;ch h&agrave;ng thỏa đ&aacute;ng tr&ecirc;n cơ sở thỏa thuận với kh&aacute;ch h&agrave;ng.</p>\r\n\r\n<p>Nếu th&ocirc;ng qua h&igrave;nh thức thỏa thuận m&agrave; vẫn kh&ocirc;ng thể giải quyết được m&acirc;u thuẫn ph&aacute;t sinh từ giao dịch giữa 2 b&ecirc;n, th&igrave; một trong 2 b&ecirc;n sẽ c&oacute; quyền nhờ đến cơ quan ph&aacute;p luật c&oacute; thẩm quyền can thiệp nhằm đảm bảo lợi &iacute;ch hợp ph&aacute;p của c&aacute;c b&ecirc;n, &iacute;t nhất l&agrave; cho Ứng vi&ecirc;n (kh&aacute;ch h&agrave;ng - người lao động t&igrave;m việc).</p>	t	2025-03-01 16:21:32.305134+07	2025-03-01 16:21:32.305134+07
7	Sản xuất video giới thiệu doanh nghiệp xklđ	san-xuat-video-gioi-thieu-doanh-nghiep-xkld	<p>Li&ecirc;n hệ tư vấn: 0976.808.600</p>\r\n\r\n<p><img src="https://sanxuatkhaulaodong.com/upload/2024/06/dv-web-3-large.png" style="height:1415px; width:1000px" /></p>	t	2025-03-01 16:22:55.087753+07	2025-03-01 16:22:55.087753+07
8	Dịch vụ pháp lý cho doanh nghiệp xuất khẩu lao động	dich-vu-phap-ly-cho-doanh-nghiep-xuat-khau-lao-dong	<p><img src="https://sanxuatkhaulaodong.com/upload/2024/06/5-large.png" style="height:1449px; width:1024px" /></p>	t	2025-03-01 16:23:12.98191+07	2025-03-01 16:23:12.98191+07
6	Chương trình ưu đãi dành cho nhà tuyển dụng.	gioi-thieu-danh-cho-nha-tuyen-dung	<p>&Aacute;p dụng từ ng&agrave;y&nbsp;<strong>15/10/2024</strong>&nbsp;đến ng&agrave;y&nbsp;<strong>31/12/2024.</strong></p>\r\n\r\n<p>Hỗ trợ nh&agrave; tuyển dụng:&nbsp;<a class="btn btn-success" href="https://zalo.me/0976808600" rel="nofollow" target="_blank">Nhắn tin zalo</a></p>\r\n\r\n<p><img src="https://sanxuatkhaulaodong.com/upload/2024/10/goi-uu-dai-dang-web-large.jpg" style="display:block; margin-left:auto; margin-right:auto" /></p>\r\n\r\n<p>&nbsp;</p>\r\n\r\n<p><img src="https://sanxuatkhaulaodong.com/upload/2024/06/dv-web-1-large.png" style="display:block; margin-left:auto; margin-right:auto"  /></p>	t	2025-03-01 16:22:38.778962+07	2025-03-01 16:47:12.235552+07
9	Dành cho ứng viên	danh-cho-ung-vien	<p><strong>Một số lưu &yacute; d&agrave;nh cho c&aacute;c bạn ứng vi&ecirc;n khi truy cập s&agrave;n xuất khẩu lao động .com.</strong></p>\r\n\r\n<p><strong>1. S&agrave;n xuất khẩu lao động.com kh&ocirc;ng tuyển lao động đi l&agrave;m việc ngo&agrave;i nước.</strong></p>\r\n\r\n<p>S&agrave;n xuất khẩu lao động .com l&agrave; nền tảng kết nối, cung cấp th&ocirc;ng tin giữa nh&agrave; tuyển dụng v&agrave; c&aacute;c bạn ứng vi&ecirc;n c&oacute; nhu cầu đi xuất khẩu lao động, s&agrave;n kh&ocirc;ng c&oacute; chức năng đưa người lao động đi l&agrave;m việc tại nước ngo&agrave;i, v&igrave; vậy s&agrave;n kh&ocirc;ng tuyển lao động cũng như kh&ocirc;ng li&ecirc;n kết tuyển dụng lao động với bất cứ đơn vị n&agrave;o kh&aacute;c.</p>\r\n\r\n<p><strong>2. C&aacute;c tin tuyển dụng tr&ecirc;n s&agrave;n đều do c&aacute;c nh&agrave; tuyển dụng của c&aacute;c đơn vị kh&aacute;c nhau trực tiếp đăng tải v&agrave; chỉ được sử dụng để tham khảo.</strong></p>\r\n\r\n<p>C&aacute;c tin tuyển dụng tr&ecirc;n s&agrave;n đều do c&aacute;c nh&agrave; tuyển dụng của c&aacute;c đơn vị kh&aacute;c nhau trực tiếp đăng tải, c&aacute;c bạn c&oacute; thể xem, t&igrave;m hiểu v&agrave; tham khảo. Để được tư vấn cụ thể hơn, c&aacute;c bạn ứng vi&ecirc;n c&oacute; thể bấm n&uacute;t &ldquo;<strong>Tư vấn gi&uacute;p t&ocirc;i</strong>&rdquo; rồi để lại số điện thoại, hoặc c&aacute;c bạn cũng c&oacute; thể chủ động li&ecirc;n hệ trực tiếp với nh&agrave; tuyển dụng.</p>\r\n\r\n<p><strong>3. T&igrave;m hiểu kỹ th&ocirc;ng tin trước khi đăng k&yacute;.</strong></p>\r\n\r\n<p>S&agrave;n xuất khẩu lao động.com kh&ocirc;ng đảm bảo t&iacute;nh ch&iacute;nh x&aacute;c của c&aacute;c tin tuyển dụng m&agrave; nh&agrave; tuyển dụng trực tiếp đăng tải, v&igrave; vậy s&agrave;n xuất khẩu lao động.com khuyến nghị c&aacute;c bạn ứng vi&ecirc;n cần t&igrave;m hiểu kỹ th&ocirc;ng tin trước khi đăng k&yacute; tham gia đơn h&agrave;ng, sau khi được nh&agrave; tuyển dụng tư vấn qua điện thoại, ứng vi&ecirc;n cần đến trực tiếp địa chỉ c&ocirc;ng ty của nh&agrave; tuyển dụng để t&igrave;m hiểu kỹ hơn.</p>\r\n\r\n<p><strong>4. Giao dịch t&agrave;i ch&iacute;nh.</strong></p>\r\n\r\n<p>C&aacute;c giao dịch t&agrave;i ch&iacute;nh n&ecirc;n thực hiện tại văn ph&ograve;ng c&ocirc;ng ty của nh&agrave; tuyển dụng, kh&ocirc;ng nộp tiền trực tuyến khi chưa t&igrave;m hiểu kỹ th&ocirc;ng tin của đơn vị tuyển dụng.</p>\r\n\r\n<p><strong>5. Chi ph&iacute; khi truy cập s&agrave;n xuất khẩu lao động .com</strong></p>\r\n\r\n<p>S&agrave;n kh&ocirc;ng thu bất kỳ chi ph&iacute; n&agrave;o từ c&aacute;c bạn ứng vi&ecirc;n trong qu&aacute; tr&igrave;nh c&aacute;c bạn t&igrave;m hiểu, đăng k&yacute; t&agrave;i khoản v&agrave; sử dụng c&aacute;c chức năng tr&ecirc;n s&agrave;n.</p>\r\n\r\n<p><strong>6. Hỗ trợ giải đ&aacute;p thắc mắc.</strong></p>\r\n\r\n<p>Nếu c&aacute;c bạn ứng vi&ecirc;n cần hỗ trợ, giải đ&aacute;p thắc mắc c&oacute; thể nhắn tin cho s&agrave;n th&ocirc;ng qua zalo b&ecirc;n dưới.</p>\r\n\r\n<p><a class="btn btn-success" href="https://zalo.me/0978006030" rel="nofollow" target="_blank">Nhắn tin zalo</a></p>\r\n\r\n<p><em><strong>Cảm ơn c&aacute;c bạn ứng vi&ecirc;n.</strong></em></p>\r\n\r\n<p>Một số b&agrave;i viết hữu &iacute;ch:</p>\r\n\r\n<p><a class="btn btn-success" href="https://sanxuatkhaulaodong.com/huong-dan/ho-chieu-b11486.htm">Hướng dẫn tự xin cấp hộ chiếu online</a></p>\r\n\r\n<p><a class="btn btn-success" href="https://sanxuatkhaulaodong.com/huong-dan/xin-giay-tu-phap-b11561.htm">Hướng dẫn tự xin cấp giấy tư ph&aacute;p online</a></p>\r\n\r\n<p><a class="btn btn-success" href="https://sanxuatkhaulaodong.com/chuong-trinh-ho-tro-xuat-khau-lao-dong/tong-hop-chuong-trinh-uu-dai-b11272.htm">C&aacute;c chương tr&igrave;nh hỗ trợ xuất khẩu lao động</a></p>\r\n\r\n<p><a class="btn btn-success" href="https://sanxuatkhaulaodong.com/huong-dan/ve-may-bay-b11625.htm">Tra cứu gi&aacute; v&eacute; m&aacute;y trong nước v&agrave; quốc tế</a></p>	t	2025-03-01 16:25:02.344608+07	2025-03-01 16:25:02.344608+07
1	Giới thiệu "Sàn xuất khẩu lao động .com"	gioi-thieu	<p><em><strong>Th&acirc;n gửi nh&agrave; tuyển dụng v&agrave; c&aacute;c bạn ứng vi&ecirc;n.</strong></em></p>\r\n\r\n<p>&nbsp;</p>\r\n\r\n<p>Từ ng&agrave;y 24/06/2023 Sanxuatkhaulaodong.com sẽ ch&iacute;nh thức được đưa v&agrave;o hoạt động. S&agrave;n xuất khẩu lao động .com ra đời với mục ti&ecirc;u trở th&agrave;nh một nền tảng cung cấp th&ocirc;ng tin cũng như kết nối giữa nh&agrave; tuyển dụng v&agrave; c&aacute;c bạn ứng vi&ecirc;n c&oacute; nhu cầu đi xuất khẩu lao động.</p>\r\n\r\n<p>Ch&uacute;ng t&ocirc;i l&agrave; nền tảng kết nối, v&igrave; vậy ch&uacute;ng t&ocirc;i kh&ocirc;ng thu bất kỳ chi ph&iacute; n&agrave;o khi c&aacute;c bạn ứng vi&ecirc;n đăng k&yacute; t&agrave;i khoản v&agrave; sử dụng c&aacute;c tiện &iacute;ch tr&ecirc;n s&agrave;n xuất khẩu lao động.</p>\r\n\r\n<p>Đối với c&aacute;c bạn ứng vi&ecirc;n: C&aacute;c bạn c&oacute; thể cập nhật những th&ocirc;ng tin xklđ ch&iacute;nh thống cũng như đăng k&yacute; xuất khẩu lao động trực tiếp với nh&agrave; tuyển dụng.&nbsp;</p>\r\n\r\n<ul>\r\n\t<li>Đăng k&yacute; tạo hồ sơ miễn ph&iacute;.</li>\r\n\t<li>Cập nhật việc l&agrave;m xklđ mới nhất.</li>\r\n\t<li>T&igrave;m việc l&agrave;m xklđ theo: Quốc gia, ng&agrave;nh nghề, nơi thi tuyển, độ tuổi, giới t&iacute;nh&hellip;.</li>\r\n\t<li>T&igrave;m hiểu c&aacute;c trung t&acirc;m xklđ uy t&iacute;n.</li>\r\n\t<li>Để lại th&ocirc;ng tin để được tư vấn.</li>\r\n\t<li>Cập nhật c&aacute;c chương tr&igrave;nh hỗ trợ d&agrave;nh cho người lao động.</li>\r\n\t<li>Cập nhật c&aacute;c th&ocirc;ng tin cần biết trước khi đi xklđ.</li>\r\n</ul>\r\n\r\n<p>Đối với nh&agrave; tuyển dụng: Ch&uacute;ng t&ocirc;i cung cấp c&ocirc;ng cụ gi&uacute;p nh&agrave; tuyển dụng chia sẻ th&ocirc;ng tin đến với c&aacute;c bạn ứng vi&ecirc;n ph&ugrave; hợp một c&aacute;ch nhanh ch&oacute;ng v&agrave; dễ d&agrave;ng.</p>\r\n\r\n<ul>\r\n\t<li>Đăng k&yacute; t&agrave;i khoản miễn ph&iacute;.</li>\r\n\t<li>Đăng tin tuyển dụng xklđ miễn ph&iacute;.</li>\r\n\t<li>Chia sẻ c&aacute;c chương tr&igrave;nh hỗ trợ d&agrave;nh cho người lao động.</li>\r\n\t<li>Giới thiệu doanh nghiệp của m&igrave;nh đến với c&aacute;c bạn ứng vi&ecirc;n.</li>\r\n\t<li>Xem hồ sơ c&aacute;c bạn ứng vi&ecirc;n ph&ugrave; hợp với nhu cầu theo: Độ tuổi, giới t&iacute;nh, tỉnh th&agrave;nh, đang quan t&acirc;m đến ng&agrave;nh nghề hoặc quốc gia n&agrave;o&hellip;.....</li>\r\n</ul>\r\n\r\n<p><strong>Với phương ch&acirc;m hoạt động:</strong></p>\r\n\r\n<ul>\r\n\t<li>Hợp t&aacute;c c&ugrave;ng ph&aacute;t triển.</li>\r\n\t<li>Cung cấp th&ocirc;ng tin ch&iacute;nh thống.</li>\r\n\t<li>Đặt uy t&iacute;n l&ecirc;n h&agrave;ng đầu.</li>\r\n</ul>\r\n\r\n<p>S&agrave;n xuất khẩu lao động .com hy vọng sẽ trở th&agrave;nh cầu nối tin cậy giữa nh&agrave; tuyển dụng v&agrave; c&aacute;c bạn ứng vi&ecirc;n trong h&agrave;nh tr&igrave;nh bước ra nước ngo&agrave;i l&agrave;m việc.</p>\r\n\r\n<p><img src="https://sanxuatkhaulaodong.com/upload/2023/11/gioi-thieu-large.jpg" style="height:498px; width:800px" /></p>\r\n\r\n<p style="text-align:center"><em>Nền tảng xuất khẩu lao động đầu ti&ecirc;n tại Việt Nam.</em></p>\r\n\r\n<p><strong>ĐƠN VỊ CHỦ QUẢN: ANVIBI GROUP.</strong></p>\r\n\r\n<ul>\r\n\t<li>M&atilde; số doanh nghiệp: 0110151964 do Sở Kế Hoạch v&agrave; Đầu Tư th&agrave;nh phố H&agrave; Nội cấp n&agrave;y 17/10/2022.</li>\r\n\t<li>M&atilde; số đăng k&yacute; website TMĐT do Bộ C&ocirc;ng Thương cấp:&nbsp;<strong>2023-0478/ĐK/TMĐT</strong></li>\r\n\t<li>VPGD: To&agrave; nh&agrave; CT1 - IEC, Thanh Tr&igrave;, H&agrave; Nội.</li>\r\n\t<li>Địa chỉ: Li&ecirc;n H&agrave;, Đ&ocirc;ng Anh, H&agrave; Nội.</li>\r\n\t<li>Hotline: 0976.808.600</li>\r\n\t<li>Website: Anvibi.com</li>\r\n\t<li>Email:&nbsp;<a href="mailto:Info@anvibi.com" rel="nofollow" target="_blank">Info@anvibi.com</a></li>\r\n</ul>	t	2025-03-01 16:16:37.268287+07	2025-03-01 16:44:59.988492+07
10	Liên hệ	lien-he	<p><img src="https://sanxuatkhaulaodong.com/upload/2023/10/logo-anvibi-group-ok-large.png" style="height:103px; width:250px" /></p>\r\n\r\n<p>Quy kh&aacute;ch c&oacute; nhu cầu quảng c&aacute;o vui l&ograve;ng li&ecirc;n hệ qua email:&nbsp;<a href="mailto:Info@anvibi.com" rel="nofollow" target="_blank">Info@anvibi.com</a>&nbsp;hoặc qua zalo: 0979.808.600</p>\r\n\r\n<p><strong>C&Ocirc;NG TY TNHH ANVIBI GROUP - ANVIBI GROUP CO.LTD</strong></p>\r\n\r\n<ul>\r\n\t<li>M&atilde; số doanh nghiệp: 0110151964. Do Sở Kế Hoạch v&agrave; Đầu Tư Th&agrave;nh Phố H&agrave; Nội cấp ng&agrave;y 17/10/2022.</li>\r\n\t<li>Địa chỉ: Li&ecirc;n H&agrave;, Đ&ocirc;ng Anh, H&agrave; Nội.</li>\r\n\t<li>VPGD: To&agrave; nh&agrave; CT1 - IEC, Thanh Tr&igrave;, H&agrave; Nội.</li>\r\n\t<li>Website:&nbsp;<a href="https://sanxuatkhaulaodong.com/">Https://sanxuatkhaulaodong.com</a>&nbsp;<a href="https://sanxuatkhaulaodong.com/">Https://anvibi.com</a></li>\r\n\t<li>Email:&nbsp;<a href="mailto:Info@anvibi.com" rel="nofollow" target="_blank">Info@anvibi.com</a></li>\r\n</ul>	t	2025-03-01 16:26:09.870797+07	2025-03-01 16:45:04.335804+07
\.


--
-- Data for Name: profession_profession; Type: TABLE DATA; Schema: public; Owner: postgres
--

COPY public.profession_profession (id, name, slug, priority, active, created, updated) FROM stdin;
1	Công xưởng	cong-xuong	1	t	2025-02-26 16:58:03.661642+07	2025-02-26 16:58:03.661642+07
2	Bảo dưỡng máy móc	bao-duong-may-moc	1	t	2025-02-26 16:58:18.959909+07	2025-02-26 16:58:18.959909+07
3	Chế biến thực phẩm	che-bien-thuc-pham	1	t	2025-02-26 16:58:33.467867+07	2025-02-26 16:58:33.467867+07
4	Chế biến thủy sản	che-bien-thuy-san	1	t	2025-02-26 16:58:50.428189+07	2025-02-26 16:58:50.428189+07
5	Cơ khí	co-khi	1	t	2025-02-26 16:59:10.424607+07	2025-02-26 16:59:10.424607+07
6	Điện tử	dien-tu	1	t	2025-02-26 16:59:20.133646+07	2025-02-26 16:59:20.133646+07
7	Điều dưỡng, hộ lý	dieu-duong-ho-ly	1	t	2025-02-26 16:59:40.287606+07	2025-02-26 16:59:40.287606+07
8	Dọn dẹp vệ sinh	don-dep-ve-sinh	1	t	2025-02-26 16:59:52.82105+07	2025-02-26 16:59:52.82105+07
9	Đóng gói công nghiệp	dong-goi-cong-nghiep	1	t	2025-02-26 17:00:03.806326+07	2025-02-26 17:00:03.806326+07
10	Giúp việc	giup-viec	1	t	2025-02-26 17:00:12.264006+07	2025-02-26 17:00:12.264006+07
11	Hàn xì, hàn mig, mag	han-xi-han-mig-mag	1	t	2025-02-26 17:00:21.799223+07	2025-02-26 17:00:21.799223+07
12	In ấn	in-an	1	t	2025-02-26 17:00:33.845906+07	2025-02-26 17:00:33.845906+07
13	Khách sạn, nhà hàng	khach-san-nha-hang	1	t	2025-02-26 17:00:40.978692+07	2025-02-26 17:00:40.978692+07
14	Lái xe, lái máy	lai-xe-lai-may	1	t	2025-02-26 17:00:49.765607+07	2025-02-26 17:00:49.765607+07
15	May mặc, dệt	may-mac-det	1	t	2025-02-26 17:00:58.952005+07	2025-02-26 17:00:58.952005+07
16	Mộc	moc	1	t	2025-02-26 17:01:05.875147+07	2025-02-26 17:01:05.875147+07
17	Nông nghiệp chăn nuôi	nong-nghiep-chan-nuoi	1	t	2025-02-26 17:01:16.449535+07	2025-02-26 17:01:16.450528+07
18	Nông nghiệp trồng trọt	nong-nghiep-trong-trot	1	t	2025-02-26 17:01:29.254009+07	2025-02-26 17:01:29.254009+07
19	Ô tô	o-to	1	t	2025-02-26 17:01:35.135648+07	2025-02-26 17:01:35.135648+07
20	Thủy sản, ngư nghiệp	thuy-san-ngu-nghiep	1	t	2025-02-26 17:01:49.565171+07	2025-02-26 17:01:49.565171+07
21	Xây dựng	xay-dung	1	t	2025-02-26 17:01:59.135612+07	2025-02-26 17:01:59.135612+07
22	Ngành nghề khác	nganh-nghe-khac	1	t	2025-02-26 17:02:10.192708+07	2025-02-26 17:02:10.192708+07
\.


--
-- Data for Name: spatial_ref_sys; Type: TABLE DATA; Schema: public; Owner: postgres
--

COPY public.spatial_ref_sys (srid, auth_name, auth_srid, srtext, proj4text) FROM stdin;
\.


--
-- Data for Name: thumbnail_kvstore; Type: TABLE DATA; Schema: public; Owner: postgres
--

COPY public.thumbnail_kvstore (key, value) FROM stdin;
\.


--
-- Data for Name: user_advisory; Type: TABLE DATA; Schema: public; Owner: postgres
--

COPY public.user_advisory (id, name, phone, active, created, work_id, is_paid) FROM stdin;
36	Nguyễn Văn Cảnh	0378965433	f	2025-03-07 13:04:39.786444+07	\N	f
37	Bui Thi Hoa	0337019865	f	2025-03-07 20:33:06.256426+07	\N	f
38	Lê Thị Xuân	0337019843	f	2025-03-07 20:36:01.001629+07	31	f
39	Nguyễn Thị A	0373019773	f	2025-03-07 20:36:39.069699+07	\N	f
40	Bui Thu Trà	0385330456	f	2025-03-07 21:08:47.828622+07	34	t
35	Lê Đức Hoành	0339876543	f	2025-03-07 13:01:37.138067+07	31	t
\.


--
-- Data for Name: user_candidateview; Type: TABLE DATA; Schema: public; Owner: postgres
--

COPY public.user_candidateview (id, viewed_at, candidate_id, employer_id) FROM stdin;
1	2025-03-07 11:32:30.436143+07	85	73
2	2025-03-07 11:35:06.477459+07	86	73
3	2025-03-07 11:50:07.429451+07	82	73
4	2025-03-07 12:12:36.529933+07	94	73
5	2025-03-07 12:15:39.455623+07	91	73
6	2025-03-07 22:09:51.477323+07	93	73
7	2025-03-07 22:13:30.994526+07	92	73
8	2025-03-07 23:29:04.175438+07	84	73
9	2025-03-07 23:34:05.269963+07	90	73
\.


--
-- Data for Name: user_customuser; Type: TABLE DATA; Schema: public; Owner: postgres
--

COPY public.user_customuser (id, password, last_login, is_superuser, username, first_name, last_name, email, is_staff, is_active, date_joined, ho_va_ten_dem, ten_goi, gioi_tinh, nam_sinh, phone, facebook, dia_chi, ghi_chu, chieu_cao, can_nang, thi_luc, hinh_xam, viem_gan_b, hut_thuoc, uong_ruou, benh_di_truyen, tot_nghiep, ngoai_ngu, bang_nghe, tay_nghe, da_di_xkld, tinh_cach, so_thich, yeu_cau_khac, role, chuc_vu, kinh_nghiem, noi_lam_viec, avata, anh_bia, tinh_thanh_pho_id, otp_code, otp_created_at, zalo, tu_van, ten_viet_tat, sinh_song_tai, point, free_posts_today, last_reset_date) FROM stdin;
84	pbkdf2_sha256$600000$TajJIY4JC0PrLkvoSbc8zY$kmg1j3f8xZqzSpK2LobHrUuA9coCtBREAfmyn6TruCU=	2025-03-06 12:04:18+07	f	0398765243				f	t	2025-03-06 12:04:12+07	Nguyễn Văn	Anh	Nam	1996	\N	\N	\N		\N	\N	\N	\N	\N	\N	\N	\N	\N	\N	\N	\N	\N	\N	\N	\N	applicant	\N	\N	\N			3	\N	\N	\N		\N	\N	0	2	\N
88	pbkdf2_sha256$600000$p87Pek42ij765kMKvpIT88$BL8vsOJ7zFrr7asa9AVIC7DUsSNLT5CU8AZG+p5HfPI=	\N	f	0337019876				f	t	2025-03-06 23:12:27.145046+07	\N	\N	\N	\N	\N	\N	\N	\N	\N	\N	\N	\N	\N	\N	\N	\N	\N	\N	\N	\N	\N	\N	\N	\N	applicant	\N	\N	\N			\N	\N	\N	\N	\N	\N	\N	0	2	\N
89	pbkdf2_sha256$600000$EHHNLXp00cKdQ4fSdPLnun$hXhjjFIhI77dXedWgn/honG7WKFUN1jmZ9qe2g5/INY=	\N	f	0337019873				f	t	2025-03-06 23:12:47.163544+07	\N	\N	\N	\N	\N	\N	\N	\N	\N	\N	\N	\N	\N	\N	\N	\N	\N	\N	\N	\N	\N	\N	\N	\N	applicant	\N	\N	\N			\N	\N	\N	\N	\N	\N	\N	0	2	\N
86	pbkdf2_sha256$600000$BjREOEAkzyJj62cEAdz6R0$448Gawbg79TPVR7FFrMEVmlrqz2UWc4hsXWBzTkM/n8=	2025-03-06 12:06:39+07	f	0987654222				f	t	2025-03-06 12:06:33+07	Nguyễn Văn	Mạnh	Nữ	1990	\N	\N	\N		\N	\N	\N	\N	\N	\N	\N	\N	\N	\N	\N	\N	\N	\N	\N	\N	applicant	\N	\N	\N			11	\N	\N	\N		\N	\N	0	2	\N
90	pbkdf2_sha256$600000$8SQJyDmdnRvKSRC4A7ozds$MoY+6hvDM4Me36YhKI5uvSfWKxRUjJY+1khDs+PoaZw=	\N	f	0337019821				f	t	2025-03-06 23:13:02.660039+07	\N	\N	\N	\N	\N	\N	\N	\N	\N	\N	\N	\N	\N	\N	\N	\N	\N	\N	\N	\N	\N	\N	\N	\N	applicant	\N	\N	\N			\N	\N	\N	\N	\N	\N	\N	0	2	\N
92	pbkdf2_sha256$600000$52CfBFYjvBHyRksctcbpx8$96F9zljDy+3dsbMOqFLIw3ESdAynx6z/HAF5+KASdRk=	\N	f	0337019850				f	t	2025-03-06 23:13:41.802558+07	\N	\N	\N	\N	\N	\N	\N	\N	\N	\N	\N	\N	\N	\N	\N	\N	\N	\N	\N	\N	\N	\N	\N	\N	applicant	\N	\N	\N			\N	\N	\N	\N	\N	\N	\N	0	2	\N
87	pbkdf2_sha256$600000$7s7RNSRXnP0KcsRv3DEgNT$FvQ2qkXNx11IZeor6/umPaoywO9NkUUlqjOd/R74UBw=	2025-03-06 12:20:45.47288+07	f	0337019856				f	f	2025-03-06 12:20:24.29224+07	\N	\N	\N	\N	\N	\N	\N	\N	\N	\N	\N	\N	\N	\N	\N	\N	\N	\N	\N	\N	\N	\N	\N	\N	employer	\N	\N	\N			\N	\N	2025-03-06 12:20:24.806228+07	\N	\N	\N	\N	0	2	\N
2	pbkdf2_sha256$600000$j4PAPkaXBoosa5hAtRWvO5$B2VKFcIgyrZu/5a66V3ZQ+/FPjUTWPF86eE82838XkU=	2025-03-09 21:41:25.116068+07	t	admin			leduchoanh2k@gmail.com	t	t	2025-02-26 12:13:44+07	\N	\N	\N	0	\N	\N	\N		0	0	0	\N	\N	\N	\N	\N	\N	\N	\N	\N	\N	\N	\N	\N	admin	\N	0	\N			\N	\N	\N	\N		\N	\N	0	2	\N
82	pbkdf2_sha256$600000$nlwaLlep1e6O8UQvSgA6fw$XbHx9v+fzmy+3AfA1+s9OMiV1e2iu9QozUSAVYMsfAU=	2025-03-07 16:02:03.742178+07	f	0965435826				f	t	2025-03-06 00:55:40.337649+07	Lê Đức	Hoành	Nam	2000	0965435826		Thái Bình	Tôi muốn tư vấn đi nhật bản	170	70	8	Không	Không	Không	Không	Không	Tốt nghiệp cao đẳng trở lên	Không	Không			Vui vẻ	Du lịch		applicant	\N	\N	\N	user/uv-default-avt_Rm7Zmxm.jpg		1	\N	\N	0965435826	\N	\N	\N	0	2	\N
91	pbkdf2_sha256$600000$9pp4xoCX9m6iGSmVpcgYn6$Wa41UWupY6XhIcmBMpjDbYWWfXtrGUsPu3dlWrsbU6Y=	2025-03-07 14:10:06+07	f	0385340594				f	t	2025-03-06 23:13:25+07	\N	Ánh	Vui lòng chọn	\N	0385340594	\N	\N		0	0	0	Không	Không	Không	Không	Không	Không	Không	Không	\N	\N	\N	\N	\N	applicant	\N	\N	\N			1	\N	\N	\N		\N	\N	0	2	\N
94	pbkdf2_sha256$600000$mCK6VncWfvJIMlNR2Ke0Ed$nrum/yzLks0sUHRMHGCGn+fmWhHL+xiN2S9EAfAWqh8=	2025-03-07 16:11:32.5889+07	f	0379018465				f	t	2025-03-06 23:14:09.413187+07	Lê Văn	Anh	Vui lòng chọn	2004	0379018465				0	0	0	Không	Không	Không	Không	Không	Không	Không	Không						applicant	\N	\N	\N			\N	\N	\N		\N	\N	\N	0	2	\N
95	pbkdf2_sha256$600000$Ye2IUwbw9v7yKfd8ZYd8Bv$Ye04djzXnRXreomYe9x6MRQ2PsXqY6HuoVc/pBVSa/k=	\N	f	0987567456				f	t	2025-03-07 14:43:16.454764+07	\N	\N	\N	\N	\N	\N	\N	\N	\N	\N	\N	\N	\N	\N	\N	\N	\N	\N	\N	\N	\N	\N	\N	\N	applicant	\N	\N	\N			\N	\N	\N	\N	\N	\N	\N	0	2	\N
96	pbkdf2_sha256$600000$7C4weiX1AryBRgLaDN8Fvw$VqZezTIFABJB44yij04Q64rp8c5yDOXYKro/5YUKh10=	2025-03-07 16:26:41.105865+07	f	0373062134				f	t	2025-03-07 14:57:40.148801+07	Lê Thị	Xuân		2003	0373062134				\N	\N	\N	\N	\N	\N	\N	\N	\N	\N	\N	\N	\N	\N	\N	\N	employer						\N	\N	2025-03-07 14:57:40.622124+07					0	1	2025-03-07
93	pbkdf2_sha256$600000$iSgjEbeORs0PiQjRJEzL0y$yTY0ShQ6jso/y9DnEGaqnV0AGp/uYkRqTTcu0tftVzM=	2025-03-07 16:42:49.39729+07	f	0334567890				f	t	2025-03-06 23:13:54.761674+07	Lê Văn	Minh		2005	0334567890				0	0	0	Không	Không	Không	Không	Không	Không	Không	Không						applicant	\N	\N	\N	user/uv-default-avt_VyngHTG.jpg		14	\N	\N	0334567890	\N	\N	\N	0	2	\N
73	pbkdf2_sha256$600000$fWAIQGUABFubWVrbc6Aqhw$xJxM4vPCQqD8Jc/zayNxImtGVnRAXOu10BZMuHgqr8w=	2025-03-09 21:41:54.284582+07	f	0337019846				f	t	2025-03-04 21:37:02+07	Lê Đức	Hoành	Nữ	2000	0337019846		ABC	<p>Chuyển viên tuyển dụng</p>	\N	\N	\N	\N	\N	\N	\N	\N	\N	\N	\N	\N	\N	\N	\N	\N	employer	ABC	ABC	Hà Nội	user/uv-default-avt_f6yKcmp.jpg	user/banner-mb-221228140825.jpg	\N	\N	2025-03-04 21:37:03.088814+07	0337019846	dfsdfsfsdfd anjasdnjadnj	ABC	Hà Nội	70000	0	2025-03-09
85	pbkdf2_sha256$600000$5Mcx5FuxDA02Eni9On9Hkn$g/tVz4Z6kkgi5h9dP+CO/Z/VQZNHnn/x//FH+jEg204=	2025-03-07 14:09:07+07	f	0345789122				f	t	2025-03-06 12:05:14+07	Nguyễn Văn	Đức	Nam	1995	\N	\N	\N		\N	\N	\N	\N	\N	\N	\N	\N	\N	\N	\N	\N	\N	\N	\N	\N	applicant	\N	\N	\N			6	\N	\N	\N		\N	\N	0	2	\N
83	pbkdf2_sha256$600000$fnPJvjRi4s5Ry3BxDWQxAU$wfps5JxO+asgyROpcQ/Mn6lIAuoDcwh5XNIsJComsd0=	2025-03-06 12:02:57+07	f	0373062133				f	t	2025-03-06 12:02:42+07	Lê Thị	Xuân	Nữ	2003	\N	\N	\N		\N	\N	\N	\N	\N	\N	\N	\N	\N	\N	\N	\N	\N	\N	\N	\N	applicant	\N	\N	\N			1	\N	\N	\N		\N	\N	0	2	\N
\.


--
-- Data for Name: user_customuser_country; Type: TABLE DATA; Schema: public; Owner: postgres
--

COPY public.user_customuser_country (id, customuser_id, country_id) FROM stdin;
27	82	2
28	82	4
29	82	1
30	83	2
31	83	4
32	84	4
33	85	5
34	86	26
35	86	2
\.


--
-- Data for Name: user_customuser_groups; Type: TABLE DATA; Schema: public; Owner: postgres
--

COPY public.user_customuser_groups (id, customuser_id, group_id) FROM stdin;
\.


--
-- Data for Name: user_customuser_nganh_nghe; Type: TABLE DATA; Schema: public; Owner: postgres
--

COPY public.user_customuser_nganh_nghe (id, customuser_id, profession_id) FROM stdin;
27	82	2
28	82	3
29	82	4
30	83	2
31	83	5
32	84	4
33	85	2
34	85	18
35	85	21
36	86	3
\.


--
-- Data for Name: user_customuser_user_permissions; Type: TABLE DATA; Schema: public; Owner: postgres
--

COPY public.user_customuser_user_permissions (id, customuser_id, permission_id) FROM stdin;
\.


--
-- Data for Name: work_gender; Type: TABLE DATA; Schema: public; Owner: postgres
--

COPY public.work_gender (id, name, updated) FROM stdin;
1	Nam	2025-02-26 17:08:26.911709+07
2	Nữ	2025-02-26 17:08:32.545343+07
\.


--
-- Data for Name: work_image; Type: TABLE DATA; Schema: public; Owner: postgres
--

COPY public.work_image (id, image, work_id) FROM stdin;
\.


--
-- Data for Name: work_price; Type: TABLE DATA; Schema: public; Owner: postgres
--

COPY public.work_price (id, price, khuyen_mai, active, priority, updated) FROM stdin;
2	200000	\N	t	1	2025-03-06 00:12:19.57769+07
3	550000	\N	t	1	2025-03-06 00:12:30.913833+07
4	20000000	\N	t	1	2025-03-06 00:12:45.266368+07
\.


--
-- Data for Name: work_work; Type: TABLE DATA; Schema: public; Owner: postgres
--

COPY public.work_work (id, name, slug, cong_ty_nghiep_doan, cong_viec_cu_the, thoi_gian_lam_viec, luong_co_ban, luong_co_ban_menh_gia, lam_them, thu_nhap_du_kien, thu_nhap_du_kien_menh_gia, quyen_loi_khac, so_luong_tuyen, hop_dong, phi_xuat_canh, phi_xuat_canh_menh_gia, chuong_trinh_ho_tro, image, noi_dung_chi_tiet, nam_sinh, ket_thuc_nam_sinh, trinh_do_hoc_van, chuyen_nganh, ngoai_ngu, yeu_cau_hoc_tieng, tinh_trang_suc_khoe, thi_luc, viem_gan_b, xam_hinh, yeu_cau_khac, hinh_thuc_thi_tuyen, ngay_thi_tuyen, han_dang_ky, du_kien_xuat_canh, priority, active, created, updated, country_id, province_id, view, user_id, is_confirmed, hot_expiry) FROM stdin;
37	Tuyển 30 Nam thợ hàn 3G Mig Mag tại Rumani [Hỗ trợ phí thấp]	tuyen-30-nam-tho-han-3g-mig-mag-tai-rumani-ho-tro-phi-thap		<p>Làm việc trong nhà máy đóng tàu.</p>	8/ngày - 05 ngày/tuần	700 - 720	Usd	Làm thêm nhiều	1,000	Usd	<p>Nơi ở, ăn uống, phương tiện đi lại, thuế, đồ bảo hộ, bảo hiểu chủ sử dụng chi trả.</p>	30	02 năm		Triệu		work/250118223419-ruamni-3.png		2007	1985	Không	Không yêu cầu	Không	Không yêu cầu	Tốt	Tốt	Nhận VGB	Có nhận	<p>Chăm chỉ, chịu khó.<br>Có kinh nghiệm làm cơ khí.</p>	Thi tuyển trực tiếp với chủ sử dụng.	\N	\N	06/2025	1	t	2025-03-07 23:49:49.275449+07	2025-03-09 19:39:51.77152+07	7	\N	2	73	t	\N
74	Serbia (châu Âu) tuyển 50 nam thợ ốp lát [Lương cao]	serbia-chau-au-tuyen-50-nam-tho-op-lat-luong-cao		<p>Làm công việc ốp lát trong các công trình xây dựng.<br>Công ty nhận hồ sơ, khám sức khoẻ và kiểm tra tay nghề liên tục.</p>	08h/ngày - 06 ngày/tuần.	25,2	Triệu	Làm thêm nhiều	33,5	Triệu	<p>Ăn, ở, bảo hiểm công ty cung cấp.</p>	50	02 năm		Triệu		work/250211161040-ser_1.png		2000	1983	Không	Không yêu cầu	Không	Không yêu cầu	Tốt	Tốt	Nhận VGB	Có nhận	<p>Ưu tiên lao động có tay nghề, ý thức làm việc chăm chỉ, có trách nhiệm, có tính kỷ luật.<br>Sức khoẻ tốt, không mắc bệnh truyền nhiễm.</p>	Thi tuyển trực tiếp	\N	\N	06/2025	1	t	2025-03-09 21:47:06.662277+07	2025-03-09 21:47:26.068349+07	9	\N	1	73	t	\N
72	Tuyển 15 Nam Nữ kỹ sư vận hành máy sản xuất nhựa Nhật Bản.	tuyen-15-nam-nu-ky-su-van-hanh-may-san-xuat-nhua-nhat-ban		<p>Vận hành máy sản xuất nhựa.</p>	08h/ngày - 05 ngày/tuần.	180,000	Yên	Làm thêm nhiều	25 - 30	Man	<p>Tăng lương sau 03 tháng thử việc.<br>Có thưởng và tăng lương theo năm.<br>Các quyền lợi khác theo luật pháp Nhật Bản quy định.</p>	15	01 năm		Triệu		work/250204233420-ky-su-0402.png		2006	1990	Tốt nghiệp cao đẳng trở lên	Không yêu cầu	Không	Không yêu cầu	Tốt	Tốt	Không nhận VGB	Có nhận	<p><br>Tốt nghiệp cao đẳng trở lên các ngành kỹ thuật.<br>Ưu tiên các ứng viên gắn bó lâu dài với công ty.<br>Làm việc lâu dài 01 năm trở lên.<br>Có sức khoẻ tốt, chăm chỉ, có trách nhiệm, người vui vẻ, hoà đồng.</p>	Phỏng vấn trực tiếp	\N	\N	08/2025	1	t	2025-03-09 19:44:10.868194+07	2025-03-09 20:11:06.647919+07	2	\N	5	73	t	\N
35	Tuyển 08 Nam, 08 Nữ làm về thực phẩm tại Cao Hùng, Đài Loan.	tuyen-08-nam-08-nu-lam-ve-thuc-pham-tai-cao-hung-dai-loan	CÔNG TY THỰC PHẨM NGUYÊN THÁI 沅泰食品 - 高雄市前鎮區新都路10號. - Địa chỉ: Số 10, Tân Độ, Quận Tiền Trấn, thành phố Cao Hùng.	<p>Làm về thực phẩm, thao tác máy cắt thịt gà, phân thịt gà, thỉnh thoảng sẽ vào phòng lạnh để lấy đồ.</p>	08h/ngày - 05 ngày/tuần.	28,590	Đài Tệ	Làm thêm nhiều	33000 - 38000	Đài Tệ	<p>- Tăng ca: 60-80h/ tháng.<br>- Các quyền lợi khác theo luật pháp Đài Loan quy định.</p>	16	03 năm		Triệu		work/250217231338-bali-1702-3.png		2007	1992	Không	Không yêu cầu	Không	Không yêu cầu	Tốt	Tốt	Nhận VGB	Có nhận	<p>Yêu cầu: thuận tay phải, ngoan ngoãn phối hợp tăng ca.<br>Chăm chỉ, chịu có, có ý thức làm việc theo quy định của công ty.<br>Phối hợp làm thêm.<br>Ưu tiên ứng viên đăng ký sớm.</p>	Phỏng vấn trực tiếp.	2025-03-20	2025-03-17	04/2025	1	t	2025-03-07 15:04:13.636293+07	2025-03-07 21:03:23.009161+07	3	96	5	96	t	\N
39	THÔNG BÁO TUYỂN DỤNG ĐƠN XÂY DỰNG - VLADIVOSTOK - LB NGA	thong-bao-tuyen-dung-don-xay-dung-vladivostok-lb-nga		<p>Công nhân xây dựng: thợ xây, trát, bả, sơn, bê tông, cốt pha</p>	9 tiếng/ ngày, 22 ngày/ tháng	900.00	Usd	Làm thêm nhiều	1,200	Triệu	<p><br>- Chỗ ở : Chủ cung cấp miễn phí<br>- Anư: chủ cung cấp thực phẩm người LĐ tự nấu<br>- Phương tiện đi lại từ chỗ ở đến nơi làm việc , và ngược lại : Chủ cung cấp<br>- Thuế, bảo hiểm: Chủ sử dụng chi trả<br>- Người LĐ có tay nghề cao có thể đàm phán với chủ sử dụng nhận khoán để có mức thu nhập cao hơn.</p>	50	03 năm		Triệu		work/250306104734-z63791375270369ac340f61daca9952ff86133b572761d.jpg		2007	1995	Không	Không yêu cầu	Không	Không yêu cầu	Tốt	Tốt	Nhận VGB	Có nhận		Gửi video xây trát	\N	\N	04/2025	1	t	2025-03-07 23:57:37.73833+07	2025-03-09 19:35:26.042626+07	6	\N	2	73	t	2025-03-10 17:48:20.844334+07
34	Tuyển 18 Nữ Hộ Lý Cao Hùng - Đài Loan.	tuyen-18-nu-ho-ly-cao-hung-dai-loan	Viện Dưỡng Lão Cao Hùng.	<p>Làm tại viện Viện Cao Hùng hoặc Bình Đông, Đài Nam.<br>Nội dung công việc: Chăm sóc người già tại viện dưỡng lão.<br>Số giờ tăng ca: bình quân 2h/ngày + tăng ca chủ nhật.</p>	08h/ngày - 05 ngày/tuần.	28,590	Đài Tệ	Làm thêm nhiều	30000 - 40000	Đài Tệ	<p>Theo luật pháp Đài Loan quy định.</p>	18	03 năm		Triệu	<p>Phí thấp.</p>	work/250213105408-dl-1202-5_lOnoF5R.png		2000	1985	Không	Không yêu cầu	Không	Không yêu cầu	Tốt	Tốt	Nhận VGB	Có nhận	<p><br>Chăm chỉ, chịu khó, phối hợp làm thêm giờ.<br>Yêu thích công việc làm hộ lý.<br>Sức khoẻ tốt, không mắc bệnh truyền nhiễm.<br>Trúng tuyển bắt buộc phải học định hướng tại công ty.<br>Ưu tiên ứng viên đăng ký sớm.</p>	Phỏng vấn online.	\N	\N	04/2025	1	t	2025-03-06 12:49:06.290074+07	2025-03-07 21:55:44.349625+07	3	96	11	73	t	2025-03-08 17:15:19.913071+07
38	Năm Châu IMS Tuyển Kỹ sư E7-1 KTV Cơ khí tại Busan, Hàn Quốc	nam-chau-ims-tuyen-ky-su-e7-1-ktv-co-khi-tai-busan-han-quoc		<p>KTV Cơ khí: công việc cơ khí, hàn xì và những việc liên quan</p>		>55,000,000	Triệu	Làm thêm nhiều	55.000.000	Triệu	<p>Có tăng ca, làm thêm<br>Có đóng BHXH</p>	20	02 năm		Triệu		work/250114152135-hanf.jpg		2007	1985	Tốt nghiệp cao đẳng trở lên	Cơ khí, cơ điện tử	Tiếng Hàn	Không yêu cầu	Tốt	Tốt	Không nhận VGB	Không nhận	<p><br>Có kinh nghiệm liên quan từ 1-3 năm tùy bằng cấp<br>Từng làm việc trong công ty kỹ thuật, máy móc<br>Có đóng BHXH<br>Giao tiếp tiếng Hàn cơ bản</p>	Phỏng vấn Trực tiếp	\N	\N	05/2025	1	t	2025-03-07 23:53:57.121119+07	2025-03-07 23:53:57.121119+07	5	\N	0	73	t	\N
75	Tuyển 45 thợ xây dựng tại Algeira [Phí rất thấp]	tuyen-45-tho-xay-dung-tai-algeira-phi-rat-thap		<p>Làm các công việc: Xây, trát, ốp lát, sắt thép, coppha...tại các dự án xây dựng.</p>	10h/ngày - 26 ngày/tháng.	20.00	Triệu	Làm thêm nhiều	25 - 35	Triệu	<p>Ăn, ở, bảo hiểm công ty cung cấp.<br>Có thể nhận làm khoán.</p>	45	02 năm		Triệu		work/250213233544-cv-1302-2.png		1995	1990	Không	Không yêu cầu	Không	Không yêu cầu	Tốt	Tốt	Nhận VGB	Có nhận	<p>Có tay nghề về xây dựng.<br>Chăm chỉ, chịu khó, chịu được vất vả.<br>Sức khoẻ tốt.<br>Ưu tiên đăng ký sớm.</p>	Thi tuyển trực tiếp	\N	\N	07/2025	1	t	2025-03-09 22:01:04.59521+07	2025-03-09 22:01:04.59521+07	12	\N	0	73	t	\N
76	THỢ ĐÓNG TÀU GỖ, GIAO TIẾP TIẾNG ANH. 75-100tr	tho-dong-tau-go-giao-tiep-tieng-anh-75-100tr		<p>ĐÓNG TÀU VỎ GỖ, GIAO TIẾP TIẾNG ANH</p>		75.00	Triệu	Làm thêm nhiều	100.00	Triệu		30	Không giới hạn		Triệu		work/240925011703-img20240925011620.jpg		2005	1985	Không	Không yêu cầu	Tiếng Anh	Không yêu cầu	Tốt	Tốt	Nhận VGB	Có nhận		Online	\N	\N	07/2025	1	t	2025-03-09 22:10:56.842583+07	2025-03-09 22:10:56.842583+07	24	\N	0	73	t	\N
30	Đơn Nhật 01 năm phí 30 triệu - Tuyển 60 Nam lắp ráp linh kiện, phụ tùng Ô Tô.	don-nhat-01-nam-phi-30-trieu-tuyen-60-nam-lap-rap-linh-kien-phu-tung-o-to	Tập đoàn Toyota	<p>Lắp ráp linh kiện, phụ tùng ô tô và các công việc liên quan.&nbsp;</p><p>Chế độ đãi ngộ tốt, môi trường làm việc năng động, tạo điều kiện cho người nước ngoài.</p>	08h/ngày - 05 ngày/tuần.	232,708	Yên	Làm thêm nhiều	25 - 30	Man	<p>Lương thực lĩnh của Senpai hiện tại: 200.000 - 220.000 yên/tháng.&nbsp;</p><p>Trung bình tăng ca 30 tiếng.&nbsp;</p><p>Các quyền lợi khác theo luật pháp Nhật Bản quy định.</p>	60	01 năm		Triệu	<p>Phí xuất cảnh chỉ 30 triệu.</p>	work/250213175930-dl-1202-8_AB4iuJX.png		2007	2000	Không	Không yêu cầu	Không	Không yêu cầu	Tốt	Tốt	Không nhận VGB	Không nhận	<ol><li>Người vui vẻ, hoà đồng.</li><li>Có tính ợp tác và tính kiên nhẫn cao.</li><li>Chăm chỉ, chịu khó.</li><li>Biết báo cáo và biết lễ nghi.</li><li>Sức khoẻ tốt, không mắc bệnh truyền nhiễm.</li><li>Ưu tiên các bạn đăng ký sớm.</li></ol>	Thi tuyển trực tiếp	\N	2025-03-04	08/2025	1	t	2025-03-05 23:06:42.331392+07	2025-03-07 23:58:49.783061+07	1	\N	13	73	t	\N
31	Tuyển 20 Nam Nữ chế biến thực phẩm cho chuỗi 7 Eleven tại Nhật Bản. [Phí thấp]	tuyen-20-nam-nu-che-bien-thuc-pham-cho-chuoi-7-eleven-tai-nhat-ban-phi-thap		<p>Làm đồ ăn tráng miệng, bánh ngọt, đồ ăn nhẹ cho chuỗi 7 Eleven. Đã có senpai Việt Nam đang làm việc, công ty rất tốt.</p>	08h/ngày - 05 ngày/tuần.	182,576	Yên	Làm thêm nhiều	23 - 28	Man	<p>heo luật pháp Nhật Bản quy định.</p>	20	03 năm		Triệu	<p>Miễ phí thi tuyển. Miễn phí khám sức khoẻ. Hỗ trợ 100% chi phí đi lại, ăn uống trong quá trình thi tuyển.&nbsp;</p><p>Đăng ký trực tiếp, phí xuất cảnh thấp nhất.</p>	work/250225235047-nhat-ban-2502-7.png		2007	1993	Không	Không yêu cầu	Không	Không yêu cầu	Tốt	Tốt	Nhận VGB	Có nhận	<p>Chăm chỉ, nhanh nhẹn, phối hợp làm việc theo sự phân công của quản lý.&nbsp;</p><p>Sức khoẻ tốt, không mắc bệnh truyền nhiễm.&nbsp;</p><p>Yêu thích tiếng Nhật và cuộc sống tại Nhật Bản.&nbsp;</p><p>Ưu tiên ứng viên đăng ký sớm.</p>	Thi tuyển trực tiếp	2025-03-22	2025-03-29	09/2025	1	t	2025-03-05 23:10:30.635234+07	2025-03-07 22:08:58.155894+07	1	\N	24	73	t	2025-03-08 16:56:47.37766+07
73	Tuyển 50 thợ mài, thợ cắt hơi làm việc tại Rumani [Phí xuất cảnh thấp]	tuyen-50-tho-mai-tho-cat-hoi-lam-viec-tai-rumani-phi-xuat-canh-thap		<p>Làm việc trong nhà máy đóng tàu.</p>	8/ngày - 05 ngày/tuần	700 - 720	Usd	Làm thêm nhiều	1,000	Triệu	<p>Nơi ở, ăn uống, phương tiện đi lại, thuế, đồ bảo hộ, bảo hiểu chủ sử dụng chi trả.</p>	50	02 năm		Triệu		work/250119095510-thoi-mai-2.png		2005	1980	Không	Không yêu cầu	Không	Không yêu cầu	Tốt	Tốt	Nhận VGB	Có nhận	<p>Chăm chỉ, chịu khó.<br>Đã từng làm cơ khí.</p>	Thi tuyển trực tiếp với chủ sử dụng.	\N	\N	06/2025	1	t	2025-03-09 19:47:42.56205+07	2025-03-09 19:48:00.872832+07	7	\N	1	73	t	\N
36	Tuyển 08 Nữ đóng gói sản phẩm cho siêu thị tại Nhật Bản đợt 2. [Có bảng lương]	tuyen-08-nu-dong-goi-san-pham-cho-sieu-thi-tai-nhat-ban-dot-2-co-bang-luong		<p>Đóng gói công nghiệp, đóng gói các sản phẩm hàng hoá cung cấp cho hệ thống siêu thị. (Hệ thống chuỗi của hàng 100 yên).<br>Đơn hàng truyền thống, thu nhập rất tốt. Có bảng lương thực tế.<br>Đã có 200 senpai người Việt Nam đang làm việc tại các xưởng, chi nhánh của công ty với mức thu nhập cao và được đánh giá rất tốt.</p>	08h/ngày - 05 ngày/tuần.	179,227	Yên	Làm thêm nhiều	22 - 35	Man	<p>Được gia hạn 02 - 05 năm tuỳ theo nguyện vọng của TTS.<br>Các quyền lợi khác theo quy định của pháp luật Nhật Bản.</p>	8	03 năm		Triệu	<p>Đăng ký trực tiếp, phí xuất cảnh thấp.</p>	work/250225154133-b1.jpg		2007	1992	Không	Không yêu cầu	Không	Không yêu cầu	Tốt	Tốt	Không nhận VGB	Không nhận	<p>Chăm chỉ, có tinh thần trách nhiệm, tiếp thu nhanh.<br>Sức khoẻ tốt, không mắc các bệnh truyền nhiễm.<br>Ưu tiên ứng viên đăng ký sớm.</p>	Thi tuyển trực tiếp	2025-03-13	2025-08-08	09/2025	1	t	2025-03-07 23:46:35.134499+07	2025-03-09 19:48:14.336994+07	1	22	3	73	t	\N
\.


--
-- Data for Name: work_work_gioi_tinh; Type: TABLE DATA; Schema: public; Owner: postgres
--

COPY public.work_work_gioi_tinh (id, work_id, gender_id) FROM stdin;
21	30	1
22	31	1
23	31	2
24	34	2
25	35	1
26	35	2
27	36	2
28	37	1
29	38	1
30	39	1
63	72	1
64	72	2
65	73	1
66	75	1
67	76	1
\.


--
-- Data for Name: work_work_nganh_nghe; Type: TABLE DATA; Schema: public; Owner: postgres
--

COPY public.work_work_nganh_nghe (id, work_id, profession_id) FROM stdin;
64	30	1
65	30	2
66	30	5
67	30	6
68	30	11
69	30	19
70	30	22
71	31	1
72	31	3
73	31	9
77	34	1
78	34	22
79	34	7
80	35	1
81	35	3
82	35	4
83	35	22
84	36	1
85	36	3
86	36	6
87	36	9
88	36	22
89	37	1
90	37	11
91	37	5
92	37	22
93	38	1
94	38	11
95	38	5
96	38	22
97	39	21
130	72	1
131	72	2
132	72	5
133	72	6
134	72	9
135	72	11
136	72	19
137	72	22
138	73	1
139	73	5
140	73	22
141	74	21
142	75	21
143	76	1
144	76	2
145	76	5
146	76	6
147	76	11
148	76	16
149	76	17
150	76	18
151	76	20
152	76	22
\.


--
-- Data for Name: work_work_noi_thi_tuyen; Type: TABLE DATA; Schema: public; Owner: postgres
--

COPY public.work_work_noi_thi_tuyen (id, work_id, city_id) FROM stdin;
29	30	1
30	31	1
31	34	1
32	35	1
33	36	1
34	37	1
35	38	1
36	39	1
69	72	1
70	73	1
71	74	1
72	75	1
73	76	1
\.


--
-- Data for Name: work_work_tay_nghe; Type: TABLE DATA; Schema: public; Owner: postgres
--

COPY public.work_work_tay_nghe (id, work_id, workmanship_id) FROM stdin;
37	37	8
38	38	2
39	39	2
72	73	8
73	74	32
74	76	7
75	76	8
76	76	13
77	76	21
78	76	22
79	76	23
80	76	24
81	76	26
82	76	28
83	76	29
\.


--
-- Data for Name: work_workmanship; Type: TABLE DATA; Schema: public; Owner: postgres
--

COPY public.work_workmanship (id, name, updated) FROM stdin;
1	Không yêu cầu	2025-02-26 17:04:06.27526+07
2	Có tay nghề liên quan	2025-02-26 17:04:14.175444+07
3	Bán hàng	2025-02-26 17:04:19.938584+07
4	Chăm sóc sắc đẹp	2025-02-26 17:04:25.016393+07
5	Chế biến thực phẩm	2025-02-26 17:04:30.950085+07
6	Chế biến thủy sản	2025-02-26 17:04:36.973793+07
7	CNC	2025-02-26 17:04:43.57863+07
8	Cơ khí	2025-02-26 17:04:48.948946+07
9	Dệt, May	2025-02-26 17:04:53.936082+07
10	Dọn dẹp vệ sinh	2025-02-26 17:04:59.336882+07
11	Đầu bếp	2025-02-26 17:05:05.181134+07
12	Điện nước	2025-02-26 17:05:10.370584+07
13	Điện tử, điện lạnh	2025-02-26 17:05:18.017964+07
14	Điều dưỡng, hộ lý	2025-02-26 17:05:22.82139+07
15	Đóng gói	2025-02-26 17:05:28.135918+07
16	Giúp việc	2025-02-26 17:05:33.125154+07
17	Hàn xì, hàn mig, mag, 3G, 6G	2025-02-26 17:05:38.603139+07
18	Lái máy xây dựng	2025-02-26 17:05:44.502627+07
19	Lái xe ô tô	2025-02-26 17:05:49.458734+07
20	Làm tóc, làm mi, làm nail	2025-02-26 17:05:55.017527+07
21	Mộc	2025-02-26 17:06:00.037367+07
22	Ngư nghiệp, đánh cá	2025-02-26 17:06:06.264631+07
23	Nông nghiệp chăn nuôi	2025-02-26 17:06:11.482535+07
24	Nông nghiệp trồng trọt	2025-02-26 17:06:17.121179+07
25	Phục vụ nhà hàng, khách sạn	2025-02-26 17:06:23.354109+07
26	Phun sơn kim loại	2025-02-26 17:06:28.971704+07
27	Spa, thẩm mỹ	2025-02-26 17:06:34.964405+07
28	Sửa chữa, bảo dưỡng ô tô	2025-02-26 17:06:39.828899+07
29	Sơn nhà	2025-02-26 17:06:44.986965+07
30	Thẩm mỹ	2025-02-26 17:06:50.331663+07
31	Tin học	2025-02-26 17:06:55.976753+07
32	Xây dựng: Xây, trát, ốp lát, sắt thép, copha, thạc	2025-02-26 17:07:01.843517+07
\.


--
-- Name: auth_group_id_seq; Type: SEQUENCE SET; Schema: public; Owner: postgres
--

SELECT pg_catalog.setval('public.auth_group_id_seq', 1, false);


--
-- Name: auth_group_permissions_id_seq; Type: SEQUENCE SET; Schema: public; Owner: postgres
--

SELECT pg_catalog.setval('public.auth_group_permissions_id_seq', 1, false);


--
-- Name: auth_permission_id_seq; Type: SEQUENCE SET; Schema: public; Owner: postgres
--

SELECT pg_catalog.setval('public.auth_permission_id_seq', 96, true);


--
-- Name: blog_blog_id_seq; Type: SEQUENCE SET; Schema: public; Owner: postgres
--

SELECT pg_catalog.setval('public.blog_blog_id_seq', 24, true);


--
-- Name: blog_cate_id_seq; Type: SEQUENCE SET; Schema: public; Owner: postgres
--

SELECT pg_catalog.setval('public.blog_cate_id_seq', 6, true);


--
-- Name: captcha_captchastore_id_seq; Type: SEQUENCE SET; Schema: public; Owner: postgres
--

SELECT pg_catalog.setval('public.captcha_captchastore_id_seq', 1, false);


--
-- Name: city_city_id_seq; Type: SEQUENCE SET; Schema: public; Owner: postgres
--

SELECT pg_catalog.setval('public.city_city_id_seq', 69, true);


--
-- Name: city_country_id_seq; Type: SEQUENCE SET; Schema: public; Owner: postgres
--

SELECT pg_catalog.setval('public.city_country_id_seq', 52, true);


--
-- Name: city_province_id_seq; Type: SEQUENCE SET; Schema: public; Owner: postgres
--

SELECT pg_catalog.setval('public.city_province_id_seq', 153, true);


--
-- Name: django_admin_log_id_seq; Type: SEQUENCE SET; Schema: public; Owner: postgres
--

SELECT pg_catalog.setval('public.django_admin_log_id_seq', 582, true);


--
-- Name: django_content_type_id_seq; Type: SEQUENCE SET; Schema: public; Owner: postgres
--

SELECT pg_catalog.setval('public.django_content_type_id_seq', 24, true);


--
-- Name: django_migrations_id_seq; Type: SEQUENCE SET; Schema: public; Owner: postgres
--

SELECT pg_catalog.setval('public.django_migrations_id_seq', 148, true);


--
-- Name: django_site_id_seq; Type: SEQUENCE SET; Schema: public; Owner: postgres
--

SELECT pg_catalog.setval('public.django_site_id_seq', 1, true);


--
-- Name: page_page_id_seq; Type: SEQUENCE SET; Schema: public; Owner: postgres
--

SELECT pg_catalog.setval('public.page_page_id_seq', 10, true);


--
-- Name: profession_profession_id_seq; Type: SEQUENCE SET; Schema: public; Owner: postgres
--

SELECT pg_catalog.setval('public.profession_profession_id_seq', 30, true);


--
-- Name: user_advisory_id_seq; Type: SEQUENCE SET; Schema: public; Owner: postgres
--

SELECT pg_catalog.setval('public.user_advisory_id_seq', 40, true);


--
-- Name: user_candidateview_id_seq; Type: SEQUENCE SET; Schema: public; Owner: postgres
--

SELECT pg_catalog.setval('public.user_candidateview_id_seq', 9, true);


--
-- Name: user_customuser_country_id_seq; Type: SEQUENCE SET; Schema: public; Owner: postgres
--

SELECT pg_catalog.setval('public.user_customuser_country_id_seq', 35, true);


--
-- Name: user_customuser_groups_id_seq; Type: SEQUENCE SET; Schema: public; Owner: postgres
--

SELECT pg_catalog.setval('public.user_customuser_groups_id_seq', 1, false);


--
-- Name: user_customuser_id_seq; Type: SEQUENCE SET; Schema: public; Owner: postgres
--

SELECT pg_catalog.setval('public.user_customuser_id_seq', 96, true);


--
-- Name: user_customuser_nganh_nghe_id_seq; Type: SEQUENCE SET; Schema: public; Owner: postgres
--

SELECT pg_catalog.setval('public.user_customuser_nganh_nghe_id_seq', 36, true);


--
-- Name: user_customuser_user_permissions_id_seq; Type: SEQUENCE SET; Schema: public; Owner: postgres
--

SELECT pg_catalog.setval('public.user_customuser_user_permissions_id_seq', 1, false);


--
-- Name: work_gender_id_seq; Type: SEQUENCE SET; Schema: public; Owner: postgres
--

SELECT pg_catalog.setval('public.work_gender_id_seq', 4, true);


--
-- Name: work_image_id_seq; Type: SEQUENCE SET; Schema: public; Owner: postgres
--

SELECT pg_catalog.setval('public.work_image_id_seq', 1, false);


--
-- Name: work_price_id_seq; Type: SEQUENCE SET; Schema: public; Owner: postgres
--

SELECT pg_catalog.setval('public.work_price_id_seq', 4, true);


--
-- Name: work_work_gioi_tinh_id_seq; Type: SEQUENCE SET; Schema: public; Owner: postgres
--

SELECT pg_catalog.setval('public.work_work_gioi_tinh_id_seq', 67, true);


--
-- Name: work_work_id_seq; Type: SEQUENCE SET; Schema: public; Owner: postgres
--

SELECT pg_catalog.setval('public.work_work_id_seq', 76, true);


--
-- Name: work_work_nganh_nghe_id_seq; Type: SEQUENCE SET; Schema: public; Owner: postgres
--

SELECT pg_catalog.setval('public.work_work_nganh_nghe_id_seq', 152, true);


--
-- Name: work_work_noi_thi_tuyen_id_seq; Type: SEQUENCE SET; Schema: public; Owner: postgres
--

SELECT pg_catalog.setval('public.work_work_noi_thi_tuyen_id_seq', 73, true);


--
-- Name: work_work_tay_nghe_id_seq; Type: SEQUENCE SET; Schema: public; Owner: postgres
--

SELECT pg_catalog.setval('public.work_work_tay_nghe_id_seq', 83, true);


--
-- Name: work_workmanship_id_seq; Type: SEQUENCE SET; Schema: public; Owner: postgres
--

SELECT pg_catalog.setval('public.work_workmanship_id_seq', 35, true);


--
-- Name: auth_group auth_group_name_key; Type: CONSTRAINT; Schema: public; Owner: postgres
--

ALTER TABLE ONLY public.auth_group
    ADD CONSTRAINT auth_group_name_key UNIQUE (name);


--
-- Name: auth_group_permissions auth_group_permissions_group_id_permission_id_0cd325b0_uniq; Type: CONSTRAINT; Schema: public; Owner: postgres
--

ALTER TABLE ONLY public.auth_group_permissions
    ADD CONSTRAINT auth_group_permissions_group_id_permission_id_0cd325b0_uniq UNIQUE (group_id, permission_id);


--
-- Name: auth_group_permissions auth_group_permissions_pkey; Type: CONSTRAINT; Schema: public; Owner: postgres
--

ALTER TABLE ONLY public.auth_group_permissions
    ADD CONSTRAINT auth_group_permissions_pkey PRIMARY KEY (id);


--
-- Name: auth_group auth_group_pkey; Type: CONSTRAINT; Schema: public; Owner: postgres
--

ALTER TABLE ONLY public.auth_group
    ADD CONSTRAINT auth_group_pkey PRIMARY KEY (id);


--
-- Name: auth_permission auth_permission_content_type_id_codename_01ab375a_uniq; Type: CONSTRAINT; Schema: public; Owner: postgres
--

ALTER TABLE ONLY public.auth_permission
    ADD CONSTRAINT auth_permission_content_type_id_codename_01ab375a_uniq UNIQUE (content_type_id, codename);


--
-- Name: auth_permission auth_permission_pkey; Type: CONSTRAINT; Schema: public; Owner: postgres
--

ALTER TABLE ONLY public.auth_permission
    ADD CONSTRAINT auth_permission_pkey PRIMARY KEY (id);


--
-- Name: blog_blog blog_blog_pkey; Type: CONSTRAINT; Schema: public; Owner: postgres
--

ALTER TABLE ONLY public.blog_blog
    ADD CONSTRAINT blog_blog_pkey PRIMARY KEY (id);


--
-- Name: blog_blog blog_blog_slug_key; Type: CONSTRAINT; Schema: public; Owner: postgres
--

ALTER TABLE ONLY public.blog_blog
    ADD CONSTRAINT blog_blog_slug_key UNIQUE (slug);


--
-- Name: blog_cate blog_cate_pkey; Type: CONSTRAINT; Schema: public; Owner: postgres
--

ALTER TABLE ONLY public.blog_cate
    ADD CONSTRAINT blog_cate_pkey PRIMARY KEY (id);


--
-- Name: blog_cate blog_cate_slug_key; Type: CONSTRAINT; Schema: public; Owner: postgres
--

ALTER TABLE ONLY public.blog_cate
    ADD CONSTRAINT blog_cate_slug_key UNIQUE (slug);


--
-- Name: captcha_captchastore captcha_captchastore_hashkey_key; Type: CONSTRAINT; Schema: public; Owner: postgres
--

ALTER TABLE ONLY public.captcha_captchastore
    ADD CONSTRAINT captcha_captchastore_hashkey_key UNIQUE (hashkey);


--
-- Name: captcha_captchastore captcha_captchastore_pkey; Type: CONSTRAINT; Schema: public; Owner: postgres
--

ALTER TABLE ONLY public.captcha_captchastore
    ADD CONSTRAINT captcha_captchastore_pkey PRIMARY KEY (id);


--
-- Name: city_city city_city_pkey; Type: CONSTRAINT; Schema: public; Owner: postgres
--

ALTER TABLE ONLY public.city_city
    ADD CONSTRAINT city_city_pkey PRIMARY KEY (id);


--
-- Name: city_city city_city_slug_key; Type: CONSTRAINT; Schema: public; Owner: postgres
--

ALTER TABLE ONLY public.city_city
    ADD CONSTRAINT city_city_slug_key UNIQUE (slug);


--
-- Name: city_country city_country_pkey; Type: CONSTRAINT; Schema: public; Owner: postgres
--

ALTER TABLE ONLY public.city_country
    ADD CONSTRAINT city_country_pkey PRIMARY KEY (id);


--
-- Name: city_country city_country_slug_key; Type: CONSTRAINT; Schema: public; Owner: postgres
--

ALTER TABLE ONLY public.city_country
    ADD CONSTRAINT city_country_slug_key UNIQUE (slug);


--
-- Name: city_province city_province_pkey; Type: CONSTRAINT; Schema: public; Owner: postgres
--

ALTER TABLE ONLY public.city_province
    ADD CONSTRAINT city_province_pkey PRIMARY KEY (id);


--
-- Name: django_admin_log django_admin_log_pkey; Type: CONSTRAINT; Schema: public; Owner: postgres
--

ALTER TABLE ONLY public.django_admin_log
    ADD CONSTRAINT django_admin_log_pkey PRIMARY KEY (id);


--
-- Name: django_content_type django_content_type_app_label_model_76bd3d3b_uniq; Type: CONSTRAINT; Schema: public; Owner: postgres
--

ALTER TABLE ONLY public.django_content_type
    ADD CONSTRAINT django_content_type_app_label_model_76bd3d3b_uniq UNIQUE (app_label, model);


--
-- Name: django_content_type django_content_type_pkey; Type: CONSTRAINT; Schema: public; Owner: postgres
--

ALTER TABLE ONLY public.django_content_type
    ADD CONSTRAINT django_content_type_pkey PRIMARY KEY (id);


--
-- Name: django_migrations django_migrations_pkey; Type: CONSTRAINT; Schema: public; Owner: postgres
--

ALTER TABLE ONLY public.django_migrations
    ADD CONSTRAINT django_migrations_pkey PRIMARY KEY (id);


--
-- Name: django_session django_session_pkey; Type: CONSTRAINT; Schema: public; Owner: postgres
--

ALTER TABLE ONLY public.django_session
    ADD CONSTRAINT django_session_pkey PRIMARY KEY (session_key);


--
-- Name: django_site django_site_domain_a2e37b91_uniq; Type: CONSTRAINT; Schema: public; Owner: postgres
--

ALTER TABLE ONLY public.django_site
    ADD CONSTRAINT django_site_domain_a2e37b91_uniq UNIQUE (domain);


--
-- Name: django_site django_site_pkey; Type: CONSTRAINT; Schema: public; Owner: postgres
--

ALTER TABLE ONLY public.django_site
    ADD CONSTRAINT django_site_pkey PRIMARY KEY (id);


--
-- Name: page_page page_page_pkey; Type: CONSTRAINT; Schema: public; Owner: postgres
--

ALTER TABLE ONLY public.page_page
    ADD CONSTRAINT page_page_pkey PRIMARY KEY (id);


--
-- Name: profession_profession profession_profession_pkey; Type: CONSTRAINT; Schema: public; Owner: postgres
--

ALTER TABLE ONLY public.profession_profession
    ADD CONSTRAINT profession_profession_pkey PRIMARY KEY (id);


--
-- Name: profession_profession profession_profession_slug_key; Type: CONSTRAINT; Schema: public; Owner: postgres
--

ALTER TABLE ONLY public.profession_profession
    ADD CONSTRAINT profession_profession_slug_key UNIQUE (slug);


--
-- Name: thumbnail_kvstore thumbnail_kvstore_pkey; Type: CONSTRAINT; Schema: public; Owner: postgres
--

ALTER TABLE ONLY public.thumbnail_kvstore
    ADD CONSTRAINT thumbnail_kvstore_pkey PRIMARY KEY (key);


--
-- Name: user_advisory user_advisory_pkey; Type: CONSTRAINT; Schema: public; Owner: postgres
--

ALTER TABLE ONLY public.user_advisory
    ADD CONSTRAINT user_advisory_pkey PRIMARY KEY (id);


--
-- Name: user_candidateview user_candidateview_employer_id_candidate_id_4e5ac181_uniq; Type: CONSTRAINT; Schema: public; Owner: postgres
--

ALTER TABLE ONLY public.user_candidateview
    ADD CONSTRAINT user_candidateview_employer_id_candidate_id_4e5ac181_uniq UNIQUE (employer_id, candidate_id);


--
-- Name: user_candidateview user_candidateview_pkey; Type: CONSTRAINT; Schema: public; Owner: postgres
--

ALTER TABLE ONLY public.user_candidateview
    ADD CONSTRAINT user_candidateview_pkey PRIMARY KEY (id);


--
-- Name: user_customuser_country user_customuser_country_customuser_id_country_id_f8ad167a_uniq; Type: CONSTRAINT; Schema: public; Owner: postgres
--

ALTER TABLE ONLY public.user_customuser_country
    ADD CONSTRAINT user_customuser_country_customuser_id_country_id_f8ad167a_uniq UNIQUE (customuser_id, country_id);


--
-- Name: user_customuser_country user_customuser_country_pkey; Type: CONSTRAINT; Schema: public; Owner: postgres
--

ALTER TABLE ONLY public.user_customuser_country
    ADD CONSTRAINT user_customuser_country_pkey PRIMARY KEY (id);


--
-- Name: user_customuser_groups user_customuser_groups_customuser_id_group_id_e0a2f621_uniq; Type: CONSTRAINT; Schema: public; Owner: postgres
--

ALTER TABLE ONLY public.user_customuser_groups
    ADD CONSTRAINT user_customuser_groups_customuser_id_group_id_e0a2f621_uniq UNIQUE (customuser_id, group_id);


--
-- Name: user_customuser_groups user_customuser_groups_pkey; Type: CONSTRAINT; Schema: public; Owner: postgres
--

ALTER TABLE ONLY public.user_customuser_groups
    ADD CONSTRAINT user_customuser_groups_pkey PRIMARY KEY (id);


--
-- Name: user_customuser_nganh_nghe user_customuser_nganh_ng_customuser_id_profession_21200a91_uniq; Type: CONSTRAINT; Schema: public; Owner: postgres
--

ALTER TABLE ONLY public.user_customuser_nganh_nghe
    ADD CONSTRAINT user_customuser_nganh_ng_customuser_id_profession_21200a91_uniq UNIQUE (customuser_id, profession_id);


--
-- Name: user_customuser_nganh_nghe user_customuser_nganh_nghe_pkey; Type: CONSTRAINT; Schema: public; Owner: postgres
--

ALTER TABLE ONLY public.user_customuser_nganh_nghe
    ADD CONSTRAINT user_customuser_nganh_nghe_pkey PRIMARY KEY (id);


--
-- Name: user_customuser user_customuser_pkey; Type: CONSTRAINT; Schema: public; Owner: postgres
--

ALTER TABLE ONLY public.user_customuser
    ADD CONSTRAINT user_customuser_pkey PRIMARY KEY (id);


--
-- Name: user_customuser_user_permissions user_customuser_user_per_customuser_id_permission_a5da865d_uniq; Type: CONSTRAINT; Schema: public; Owner: postgres
--

ALTER TABLE ONLY public.user_customuser_user_permissions
    ADD CONSTRAINT user_customuser_user_per_customuser_id_permission_a5da865d_uniq UNIQUE (customuser_id, permission_id);


--
-- Name: user_customuser_user_permissions user_customuser_user_permissions_pkey; Type: CONSTRAINT; Schema: public; Owner: postgres
--

ALTER TABLE ONLY public.user_customuser_user_permissions
    ADD CONSTRAINT user_customuser_user_permissions_pkey PRIMARY KEY (id);


--
-- Name: user_customuser user_customuser_username_key; Type: CONSTRAINT; Schema: public; Owner: postgres
--

ALTER TABLE ONLY public.user_customuser
    ADD CONSTRAINT user_customuser_username_key UNIQUE (username);


--
-- Name: work_gender work_gender_pkey; Type: CONSTRAINT; Schema: public; Owner: postgres
--

ALTER TABLE ONLY public.work_gender
    ADD CONSTRAINT work_gender_pkey PRIMARY KEY (id);


--
-- Name: work_image work_image_pkey; Type: CONSTRAINT; Schema: public; Owner: postgres
--

ALTER TABLE ONLY public.work_image
    ADD CONSTRAINT work_image_pkey PRIMARY KEY (id);


--
-- Name: work_price work_price_pkey; Type: CONSTRAINT; Schema: public; Owner: postgres
--

ALTER TABLE ONLY public.work_price
    ADD CONSTRAINT work_price_pkey PRIMARY KEY (id);


--
-- Name: work_work_gioi_tinh work_work_gioi_tinh_pkey; Type: CONSTRAINT; Schema: public; Owner: postgres
--

ALTER TABLE ONLY public.work_work_gioi_tinh
    ADD CONSTRAINT work_work_gioi_tinh_pkey PRIMARY KEY (id);


--
-- Name: work_work_gioi_tinh work_work_gioi_tinh_work_id_gender_id_064383f6_uniq; Type: CONSTRAINT; Schema: public; Owner: postgres
--

ALTER TABLE ONLY public.work_work_gioi_tinh
    ADD CONSTRAINT work_work_gioi_tinh_work_id_gender_id_064383f6_uniq UNIQUE (work_id, gender_id);


--
-- Name: work_work_nganh_nghe work_work_nganh_nghe_pkey; Type: CONSTRAINT; Schema: public; Owner: postgres
--

ALTER TABLE ONLY public.work_work_nganh_nghe
    ADD CONSTRAINT work_work_nganh_nghe_pkey PRIMARY KEY (id);


--
-- Name: work_work_nganh_nghe work_work_nganh_nghe_work_id_profession_id_77966343_uniq; Type: CONSTRAINT; Schema: public; Owner: postgres
--

ALTER TABLE ONLY public.work_work_nganh_nghe
    ADD CONSTRAINT work_work_nganh_nghe_work_id_profession_id_77966343_uniq UNIQUE (work_id, profession_id);


--
-- Name: work_work_noi_thi_tuyen work_work_noi_thi_tuyen_pkey; Type: CONSTRAINT; Schema: public; Owner: postgres
--

ALTER TABLE ONLY public.work_work_noi_thi_tuyen
    ADD CONSTRAINT work_work_noi_thi_tuyen_pkey PRIMARY KEY (id);


--
-- Name: work_work_noi_thi_tuyen work_work_noi_thi_tuyen_work_id_city_id_cfaf6b87_uniq; Type: CONSTRAINT; Schema: public; Owner: postgres
--

ALTER TABLE ONLY public.work_work_noi_thi_tuyen
    ADD CONSTRAINT work_work_noi_thi_tuyen_work_id_city_id_cfaf6b87_uniq UNIQUE (work_id, city_id);


--
-- Name: work_work work_work_pkey; Type: CONSTRAINT; Schema: public; Owner: postgres
--

ALTER TABLE ONLY public.work_work
    ADD CONSTRAINT work_work_pkey PRIMARY KEY (id);


--
-- Name: work_work work_work_slug_key; Type: CONSTRAINT; Schema: public; Owner: postgres
--

ALTER TABLE ONLY public.work_work
    ADD CONSTRAINT work_work_slug_key UNIQUE (slug);


--
-- Name: work_work_tay_nghe work_work_tay_nghe_pkey; Type: CONSTRAINT; Schema: public; Owner: postgres
--

ALTER TABLE ONLY public.work_work_tay_nghe
    ADD CONSTRAINT work_work_tay_nghe_pkey PRIMARY KEY (id);


--
-- Name: work_work_tay_nghe work_work_tay_nghe_work_id_workmanship_id_3b7eb367_uniq; Type: CONSTRAINT; Schema: public; Owner: postgres
--

ALTER TABLE ONLY public.work_work_tay_nghe
    ADD CONSTRAINT work_work_tay_nghe_work_id_workmanship_id_3b7eb367_uniq UNIQUE (work_id, workmanship_id);


--
-- Name: work_workmanship work_workmanship_pkey; Type: CONSTRAINT; Schema: public; Owner: postgres
--

ALTER TABLE ONLY public.work_workmanship
    ADD CONSTRAINT work_workmanship_pkey PRIMARY KEY (id);


--
-- Name: auth_group_name_a6ea08ec_like; Type: INDEX; Schema: public; Owner: postgres
--

CREATE INDEX auth_group_name_a6ea08ec_like ON public.auth_group USING btree (name varchar_pattern_ops);


--
-- Name: auth_group_permissions_group_id_b120cbf9; Type: INDEX; Schema: public; Owner: postgres
--

CREATE INDEX auth_group_permissions_group_id_b120cbf9 ON public.auth_group_permissions USING btree (group_id);


--
-- Name: auth_group_permissions_permission_id_84c5c92e; Type: INDEX; Schema: public; Owner: postgres
--

CREATE INDEX auth_group_permissions_permission_id_84c5c92e ON public.auth_group_permissions USING btree (permission_id);


--
-- Name: auth_permission_content_type_id_2f476e4b; Type: INDEX; Schema: public; Owner: postgres
--

CREATE INDEX auth_permission_content_type_id_2f476e4b ON public.auth_permission USING btree (content_type_id);


--
-- Name: blog_blog_cate_id_df541f6c; Type: INDEX; Schema: public; Owner: postgres
--

CREATE INDEX blog_blog_cate_id_df541f6c ON public.blog_blog USING btree (cate_id);


--
-- Name: blog_blog_slug_4812aa2c_like; Type: INDEX; Schema: public; Owner: postgres
--

CREATE INDEX blog_blog_slug_4812aa2c_like ON public.blog_blog USING btree (slug varchar_pattern_ops);


--
-- Name: blog_cate_slug_b535712c_like; Type: INDEX; Schema: public; Owner: postgres
--

CREATE INDEX blog_cate_slug_b535712c_like ON public.blog_cate USING btree (slug varchar_pattern_ops);


--
-- Name: captcha_captchastore_hashkey_cbe8d15a_like; Type: INDEX; Schema: public; Owner: postgres
--

CREATE INDEX captcha_captchastore_hashkey_cbe8d15a_like ON public.captcha_captchastore USING btree (hashkey varchar_pattern_ops);


--
-- Name: city_city_slug_4bc607ea_like; Type: INDEX; Schema: public; Owner: postgres
--

CREATE INDEX city_city_slug_4bc607ea_like ON public.city_city USING btree (slug varchar_pattern_ops);


--
-- Name: city_country_slug_6e27a7fc_like; Type: INDEX; Schema: public; Owner: postgres
--

CREATE INDEX city_country_slug_6e27a7fc_like ON public.city_country USING btree (slug varchar_pattern_ops);


--
-- Name: city_province_quoc_gia_id_e80325ae; Type: INDEX; Schema: public; Owner: postgres
--

CREATE INDEX city_province_quoc_gia_id_e80325ae ON public.city_province USING btree (country_id);


--
-- Name: django_admin_log_content_type_id_c4bce8eb; Type: INDEX; Schema: public; Owner: postgres
--

CREATE INDEX django_admin_log_content_type_id_c4bce8eb ON public.django_admin_log USING btree (content_type_id);


--
-- Name: django_admin_log_user_id_c564eba6; Type: INDEX; Schema: public; Owner: postgres
--

CREATE INDEX django_admin_log_user_id_c564eba6 ON public.django_admin_log USING btree (user_id);


--
-- Name: django_session_expire_date_a5c62663; Type: INDEX; Schema: public; Owner: postgres
--

CREATE INDEX django_session_expire_date_a5c62663 ON public.django_session USING btree (expire_date);


--
-- Name: django_session_session_key_c0390e0f_like; Type: INDEX; Schema: public; Owner: postgres
--

CREATE INDEX django_session_session_key_c0390e0f_like ON public.django_session USING btree (session_key varchar_pattern_ops);


--
-- Name: django_site_domain_a2e37b91_like; Type: INDEX; Schema: public; Owner: postgres
--

CREATE INDEX django_site_domain_a2e37b91_like ON public.django_site USING btree (domain varchar_pattern_ops);


--
-- Name: page_page_slug_d6b7c8ed; Type: INDEX; Schema: public; Owner: postgres
--

CREATE INDEX page_page_slug_d6b7c8ed ON public.page_page USING btree (slug);


--
-- Name: page_page_slug_d6b7c8ed_like; Type: INDEX; Schema: public; Owner: postgres
--

CREATE INDEX page_page_slug_d6b7c8ed_like ON public.page_page USING btree (slug varchar_pattern_ops);


--
-- Name: profession_profession_slug_74d16802_like; Type: INDEX; Schema: public; Owner: postgres
--

CREATE INDEX profession_profession_slug_74d16802_like ON public.profession_profession USING btree (slug varchar_pattern_ops);


--
-- Name: thumbnail_kvstore_key_3f850178_like; Type: INDEX; Schema: public; Owner: postgres
--

CREATE INDEX thumbnail_kvstore_key_3f850178_like ON public.thumbnail_kvstore USING btree (key varchar_pattern_ops);


--
-- Name: user_advisory_work_id_ba2124ce; Type: INDEX; Schema: public; Owner: postgres
--

CREATE INDEX user_advisory_work_id_ba2124ce ON public.user_advisory USING btree (work_id);


--
-- Name: user_candidateview_candidate_id_796c83b2; Type: INDEX; Schema: public; Owner: postgres
--

CREATE INDEX user_candidateview_candidate_id_796c83b2 ON public.user_candidateview USING btree (candidate_id);


--
-- Name: user_candidateview_employer_id_95b59aca; Type: INDEX; Schema: public; Owner: postgres
--

CREATE INDEX user_candidateview_employer_id_95b59aca ON public.user_candidateview USING btree (employer_id);


--
-- Name: user_customuser_country_country_id_91a98ea7; Type: INDEX; Schema: public; Owner: postgres
--

CREATE INDEX user_customuser_country_country_id_91a98ea7 ON public.user_customuser_country USING btree (country_id);


--
-- Name: user_customuser_country_customuser_id_fe7b5f04; Type: INDEX; Schema: public; Owner: postgres
--

CREATE INDEX user_customuser_country_customuser_id_fe7b5f04 ON public.user_customuser_country USING btree (customuser_id);


--
-- Name: user_customuser_groups_customuser_id_192632a7; Type: INDEX; Schema: public; Owner: postgres
--

CREATE INDEX user_customuser_groups_customuser_id_192632a7 ON public.user_customuser_groups USING btree (customuser_id);


--
-- Name: user_customuser_groups_group_id_bcbc9e48; Type: INDEX; Schema: public; Owner: postgres
--

CREATE INDEX user_customuser_groups_group_id_bcbc9e48 ON public.user_customuser_groups USING btree (group_id);


--
-- Name: user_customuser_nganh_nghe_customuser_id_fa300dab; Type: INDEX; Schema: public; Owner: postgres
--

CREATE INDEX user_customuser_nganh_nghe_customuser_id_fa300dab ON public.user_customuser_nganh_nghe USING btree (customuser_id);


--
-- Name: user_customuser_nganh_nghe_profession_id_fc2e502a; Type: INDEX; Schema: public; Owner: postgres
--

CREATE INDEX user_customuser_nganh_nghe_profession_id_fc2e502a ON public.user_customuser_nganh_nghe USING btree (profession_id);


--
-- Name: user_customuser_tinh_thanh_pho_id_4ebe23f7; Type: INDEX; Schema: public; Owner: postgres
--

CREATE INDEX user_customuser_tinh_thanh_pho_id_4ebe23f7 ON public.user_customuser USING btree (tinh_thanh_pho_id);


--
-- Name: user_customuser_user_permissions_customuser_id_4552d9cc; Type: INDEX; Schema: public; Owner: postgres
--

CREATE INDEX user_customuser_user_permissions_customuser_id_4552d9cc ON public.user_customuser_user_permissions USING btree (customuser_id);


--
-- Name: user_customuser_user_permissions_permission_id_e57e8b9a; Type: INDEX; Schema: public; Owner: postgres
--

CREATE INDEX user_customuser_user_permissions_permission_id_e57e8b9a ON public.user_customuser_user_permissions USING btree (permission_id);


--
-- Name: user_customuser_username_24be6f7e_like; Type: INDEX; Schema: public; Owner: postgres
--

CREATE INDEX user_customuser_username_24be6f7e_like ON public.user_customuser USING btree (username varchar_pattern_ops);


--
-- Name: work_image_work_id_7dea5dfd; Type: INDEX; Schema: public; Owner: postgres
--

CREATE INDEX work_image_work_id_7dea5dfd ON public.work_image USING btree (work_id);


--
-- Name: work_work_country_id_cb507f3b; Type: INDEX; Schema: public; Owner: postgres
--

CREATE INDEX work_work_country_id_cb507f3b ON public.work_work USING btree (country_id);


--
-- Name: work_work_gioi_tinh_gender_id_a1b783e0; Type: INDEX; Schema: public; Owner: postgres
--

CREATE INDEX work_work_gioi_tinh_gender_id_a1b783e0 ON public.work_work_gioi_tinh USING btree (gender_id);


--
-- Name: work_work_gioi_tinh_work_id_2d436ae6; Type: INDEX; Schema: public; Owner: postgres
--

CREATE INDEX work_work_gioi_tinh_work_id_2d436ae6 ON public.work_work_gioi_tinh USING btree (work_id);


--
-- Name: work_work_nganh_nghe_profession_id_b0f9080c; Type: INDEX; Schema: public; Owner: postgres
--

CREATE INDEX work_work_nganh_nghe_profession_id_b0f9080c ON public.work_work_nganh_nghe USING btree (profession_id);


--
-- Name: work_work_nganh_nghe_work_id_4968ba14; Type: INDEX; Schema: public; Owner: postgres
--

CREATE INDEX work_work_nganh_nghe_work_id_4968ba14 ON public.work_work_nganh_nghe USING btree (work_id);


--
-- Name: work_work_noi_thi_tuyen_city_id_b17d8331; Type: INDEX; Schema: public; Owner: postgres
--

CREATE INDEX work_work_noi_thi_tuyen_city_id_b17d8331 ON public.work_work_noi_thi_tuyen USING btree (city_id);


--
-- Name: work_work_noi_thi_tuyen_work_id_21d53e52; Type: INDEX; Schema: public; Owner: postgres
--

CREATE INDEX work_work_noi_thi_tuyen_work_id_21d53e52 ON public.work_work_noi_thi_tuyen USING btree (work_id);


--
-- Name: work_work_province_id_3da6ea33; Type: INDEX; Schema: public; Owner: postgres
--

CREATE INDEX work_work_province_id_3da6ea33 ON public.work_work USING btree (province_id);


--
-- Name: work_work_slug_81fecd39_like; Type: INDEX; Schema: public; Owner: postgres
--

CREATE INDEX work_work_slug_81fecd39_like ON public.work_work USING btree (slug varchar_pattern_ops);


--
-- Name: work_work_tay_nghe_work_id_3ba4024a; Type: INDEX; Schema: public; Owner: postgres
--

CREATE INDEX work_work_tay_nghe_work_id_3ba4024a ON public.work_work_tay_nghe USING btree (work_id);


--
-- Name: work_work_tay_nghe_workmanship_id_85e3681c; Type: INDEX; Schema: public; Owner: postgres
--

CREATE INDEX work_work_tay_nghe_workmanship_id_85e3681c ON public.work_work_tay_nghe USING btree (workmanship_id);


--
-- Name: work_work_user_id_de4a18bf; Type: INDEX; Schema: public; Owner: postgres
--

CREATE INDEX work_work_user_id_de4a18bf ON public.work_work USING btree (user_id);


--
-- Name: auth_group_permissions auth_group_permissio_permission_id_84c5c92e_fk_auth_perm; Type: FK CONSTRAINT; Schema: public; Owner: postgres
--

ALTER TABLE ONLY public.auth_group_permissions
    ADD CONSTRAINT auth_group_permissio_permission_id_84c5c92e_fk_auth_perm FOREIGN KEY (permission_id) REFERENCES public.auth_permission(id) DEFERRABLE INITIALLY DEFERRED;


--
-- Name: auth_group_permissions auth_group_permissions_group_id_b120cbf9_fk_auth_group_id; Type: FK CONSTRAINT; Schema: public; Owner: postgres
--

ALTER TABLE ONLY public.auth_group_permissions
    ADD CONSTRAINT auth_group_permissions_group_id_b120cbf9_fk_auth_group_id FOREIGN KEY (group_id) REFERENCES public.auth_group(id) DEFERRABLE INITIALLY DEFERRED;


--
-- Name: auth_permission auth_permission_content_type_id_2f476e4b_fk_django_co; Type: FK CONSTRAINT; Schema: public; Owner: postgres
--

ALTER TABLE ONLY public.auth_permission
    ADD CONSTRAINT auth_permission_content_type_id_2f476e4b_fk_django_co FOREIGN KEY (content_type_id) REFERENCES public.django_content_type(id) DEFERRABLE INITIALLY DEFERRED;


--
-- Name: blog_blog blog_blog_cate_id_df541f6c_fk_blog_cate_id; Type: FK CONSTRAINT; Schema: public; Owner: postgres
--

ALTER TABLE ONLY public.blog_blog
    ADD CONSTRAINT blog_blog_cate_id_df541f6c_fk_blog_cate_id FOREIGN KEY (cate_id) REFERENCES public.blog_cate(id) DEFERRABLE INITIALLY DEFERRED;


--
-- Name: city_province city_province_country_id_19a615c6_fk_city_country_id; Type: FK CONSTRAINT; Schema: public; Owner: postgres
--

ALTER TABLE ONLY public.city_province
    ADD CONSTRAINT city_province_country_id_19a615c6_fk_city_country_id FOREIGN KEY (country_id) REFERENCES public.city_country(id) DEFERRABLE INITIALLY DEFERRED;


--
-- Name: django_admin_log django_admin_log_content_type_id_c4bce8eb_fk_django_co; Type: FK CONSTRAINT; Schema: public; Owner: postgres
--

ALTER TABLE ONLY public.django_admin_log
    ADD CONSTRAINT django_admin_log_content_type_id_c4bce8eb_fk_django_co FOREIGN KEY (content_type_id) REFERENCES public.django_content_type(id) DEFERRABLE INITIALLY DEFERRED;


--
-- Name: django_admin_log django_admin_log_user_id_c564eba6_fk_user_customuser_id; Type: FK CONSTRAINT; Schema: public; Owner: postgres
--

ALTER TABLE ONLY public.django_admin_log
    ADD CONSTRAINT django_admin_log_user_id_c564eba6_fk_user_customuser_id FOREIGN KEY (user_id) REFERENCES public.user_customuser(id) DEFERRABLE INITIALLY DEFERRED;


--
-- Name: user_advisory user_advisory_work_id_ba2124ce_fk_work_work_id; Type: FK CONSTRAINT; Schema: public; Owner: postgres
--

ALTER TABLE ONLY public.user_advisory
    ADD CONSTRAINT user_advisory_work_id_ba2124ce_fk_work_work_id FOREIGN KEY (work_id) REFERENCES public.work_work(id) DEFERRABLE INITIALLY DEFERRED;


--
-- Name: user_candidateview user_candidateview_candidate_id_796c83b2_fk_user_customuser_id; Type: FK CONSTRAINT; Schema: public; Owner: postgres
--

ALTER TABLE ONLY public.user_candidateview
    ADD CONSTRAINT user_candidateview_candidate_id_796c83b2_fk_user_customuser_id FOREIGN KEY (candidate_id) REFERENCES public.user_customuser(id) DEFERRABLE INITIALLY DEFERRED;


--
-- Name: user_candidateview user_candidateview_employer_id_95b59aca_fk_user_customuser_id; Type: FK CONSTRAINT; Schema: public; Owner: postgres
--

ALTER TABLE ONLY public.user_candidateview
    ADD CONSTRAINT user_candidateview_employer_id_95b59aca_fk_user_customuser_id FOREIGN KEY (employer_id) REFERENCES public.user_customuser(id) DEFERRABLE INITIALLY DEFERRED;


--
-- Name: user_customuser_country user_customuser_coun_customuser_id_fe7b5f04_fk_user_cust; Type: FK CONSTRAINT; Schema: public; Owner: postgres
--

ALTER TABLE ONLY public.user_customuser_country
    ADD CONSTRAINT user_customuser_coun_customuser_id_fe7b5f04_fk_user_cust FOREIGN KEY (customuser_id) REFERENCES public.user_customuser(id) DEFERRABLE INITIALLY DEFERRED;


--
-- Name: user_customuser_country user_customuser_country_country_id_91a98ea7_fk_city_country_id; Type: FK CONSTRAINT; Schema: public; Owner: postgres
--

ALTER TABLE ONLY public.user_customuser_country
    ADD CONSTRAINT user_customuser_country_country_id_91a98ea7_fk_city_country_id FOREIGN KEY (country_id) REFERENCES public.city_country(id) DEFERRABLE INITIALLY DEFERRED;


--
-- Name: user_customuser_groups user_customuser_grou_customuser_id_192632a7_fk_user_cust; Type: FK CONSTRAINT; Schema: public; Owner: postgres
--

ALTER TABLE ONLY public.user_customuser_groups
    ADD CONSTRAINT user_customuser_grou_customuser_id_192632a7_fk_user_cust FOREIGN KEY (customuser_id) REFERENCES public.user_customuser(id) DEFERRABLE INITIALLY DEFERRED;


--
-- Name: user_customuser_groups user_customuser_groups_group_id_bcbc9e48_fk_auth_group_id; Type: FK CONSTRAINT; Schema: public; Owner: postgres
--

ALTER TABLE ONLY public.user_customuser_groups
    ADD CONSTRAINT user_customuser_groups_group_id_bcbc9e48_fk_auth_group_id FOREIGN KEY (group_id) REFERENCES public.auth_group(id) DEFERRABLE INITIALLY DEFERRED;


--
-- Name: user_customuser_nganh_nghe user_customuser_ngan_customuser_id_fa300dab_fk_user_cust; Type: FK CONSTRAINT; Schema: public; Owner: postgres
--

ALTER TABLE ONLY public.user_customuser_nganh_nghe
    ADD CONSTRAINT user_customuser_ngan_customuser_id_fa300dab_fk_user_cust FOREIGN KEY (customuser_id) REFERENCES public.user_customuser(id) DEFERRABLE INITIALLY DEFERRED;


--
-- Name: user_customuser_nganh_nghe user_customuser_ngan_profession_id_fc2e502a_fk_professio; Type: FK CONSTRAINT; Schema: public; Owner: postgres
--

ALTER TABLE ONLY public.user_customuser_nganh_nghe
    ADD CONSTRAINT user_customuser_ngan_profession_id_fc2e502a_fk_professio FOREIGN KEY (profession_id) REFERENCES public.profession_profession(id) DEFERRABLE INITIALLY DEFERRED;


--
-- Name: user_customuser user_customuser_tinh_thanh_pho_id_4ebe23f7_fk_city_city_id; Type: FK CONSTRAINT; Schema: public; Owner: postgres
--

ALTER TABLE ONLY public.user_customuser
    ADD CONSTRAINT user_customuser_tinh_thanh_pho_id_4ebe23f7_fk_city_city_id FOREIGN KEY (tinh_thanh_pho_id) REFERENCES public.city_city(id) DEFERRABLE INITIALLY DEFERRED;


--
-- Name: user_customuser_user_permissions user_customuser_user_customuser_id_4552d9cc_fk_user_cust; Type: FK CONSTRAINT; Schema: public; Owner: postgres
--

ALTER TABLE ONLY public.user_customuser_user_permissions
    ADD CONSTRAINT user_customuser_user_customuser_id_4552d9cc_fk_user_cust FOREIGN KEY (customuser_id) REFERENCES public.user_customuser(id) DEFERRABLE INITIALLY DEFERRED;


--
-- Name: user_customuser_user_permissions user_customuser_user_permission_id_e57e8b9a_fk_auth_perm; Type: FK CONSTRAINT; Schema: public; Owner: postgres
--

ALTER TABLE ONLY public.user_customuser_user_permissions
    ADD CONSTRAINT user_customuser_user_permission_id_e57e8b9a_fk_auth_perm FOREIGN KEY (permission_id) REFERENCES public.auth_permission(id) DEFERRABLE INITIALLY DEFERRED;


--
-- Name: work_image work_image_work_id_7dea5dfd_fk_work_work_id; Type: FK CONSTRAINT; Schema: public; Owner: postgres
--

ALTER TABLE ONLY public.work_image
    ADD CONSTRAINT work_image_work_id_7dea5dfd_fk_work_work_id FOREIGN KEY (work_id) REFERENCES public.work_work(id) DEFERRABLE INITIALLY DEFERRED;


--
-- Name: work_work work_work_country_id_cb507f3b_fk_city_country_id; Type: FK CONSTRAINT; Schema: public; Owner: postgres
--

ALTER TABLE ONLY public.work_work
    ADD CONSTRAINT work_work_country_id_cb507f3b_fk_city_country_id FOREIGN KEY (country_id) REFERENCES public.city_country(id) DEFERRABLE INITIALLY DEFERRED;


--
-- Name: work_work_gioi_tinh work_work_gioi_tinh_gender_id_a1b783e0_fk_work_gender_id; Type: FK CONSTRAINT; Schema: public; Owner: postgres
--

ALTER TABLE ONLY public.work_work_gioi_tinh
    ADD CONSTRAINT work_work_gioi_tinh_gender_id_a1b783e0_fk_work_gender_id FOREIGN KEY (gender_id) REFERENCES public.work_gender(id) DEFERRABLE INITIALLY DEFERRED;


--
-- Name: work_work_gioi_tinh work_work_gioi_tinh_work_id_2d436ae6_fk_work_work_id; Type: FK CONSTRAINT; Schema: public; Owner: postgres
--

ALTER TABLE ONLY public.work_work_gioi_tinh
    ADD CONSTRAINT work_work_gioi_tinh_work_id_2d436ae6_fk_work_work_id FOREIGN KEY (work_id) REFERENCES public.work_work(id) DEFERRABLE INITIALLY DEFERRED;


--
-- Name: work_work_nganh_nghe work_work_nganh_nghe_profession_id_b0f9080c_fk_professio; Type: FK CONSTRAINT; Schema: public; Owner: postgres
--

ALTER TABLE ONLY public.work_work_nganh_nghe
    ADD CONSTRAINT work_work_nganh_nghe_profession_id_b0f9080c_fk_professio FOREIGN KEY (profession_id) REFERENCES public.profession_profession(id) DEFERRABLE INITIALLY DEFERRED;


--
-- Name: work_work_nganh_nghe work_work_nganh_nghe_work_id_4968ba14_fk_work_work_id; Type: FK CONSTRAINT; Schema: public; Owner: postgres
--

ALTER TABLE ONLY public.work_work_nganh_nghe
    ADD CONSTRAINT work_work_nganh_nghe_work_id_4968ba14_fk_work_work_id FOREIGN KEY (work_id) REFERENCES public.work_work(id) DEFERRABLE INITIALLY DEFERRED;


--
-- Name: work_work_noi_thi_tuyen work_work_noi_thi_tuyen_city_id_b17d8331_fk_city_city_id; Type: FK CONSTRAINT; Schema: public; Owner: postgres
--

ALTER TABLE ONLY public.work_work_noi_thi_tuyen
    ADD CONSTRAINT work_work_noi_thi_tuyen_city_id_b17d8331_fk_city_city_id FOREIGN KEY (city_id) REFERENCES public.city_city(id) DEFERRABLE INITIALLY DEFERRED;


--
-- Name: work_work_noi_thi_tuyen work_work_noi_thi_tuyen_work_id_21d53e52_fk_work_work_id; Type: FK CONSTRAINT; Schema: public; Owner: postgres
--

ALTER TABLE ONLY public.work_work_noi_thi_tuyen
    ADD CONSTRAINT work_work_noi_thi_tuyen_work_id_21d53e52_fk_work_work_id FOREIGN KEY (work_id) REFERENCES public.work_work(id) DEFERRABLE INITIALLY DEFERRED;


--
-- Name: work_work work_work_province_id_3da6ea33_fk_city_province_id; Type: FK CONSTRAINT; Schema: public; Owner: postgres
--

ALTER TABLE ONLY public.work_work
    ADD CONSTRAINT work_work_province_id_3da6ea33_fk_city_province_id FOREIGN KEY (province_id) REFERENCES public.city_province(id) DEFERRABLE INITIALLY DEFERRED;


--
-- Name: work_work_tay_nghe work_work_tay_nghe_work_id_3ba4024a_fk_work_work_id; Type: FK CONSTRAINT; Schema: public; Owner: postgres
--

ALTER TABLE ONLY public.work_work_tay_nghe
    ADD CONSTRAINT work_work_tay_nghe_work_id_3ba4024a_fk_work_work_id FOREIGN KEY (work_id) REFERENCES public.work_work(id) DEFERRABLE INITIALLY DEFERRED;


--
-- Name: work_work_tay_nghe work_work_tay_nghe_workmanship_id_85e3681c_fk_work_work; Type: FK CONSTRAINT; Schema: public; Owner: postgres
--

ALTER TABLE ONLY public.work_work_tay_nghe
    ADD CONSTRAINT work_work_tay_nghe_workmanship_id_85e3681c_fk_work_work FOREIGN KEY (workmanship_id) REFERENCES public.work_workmanship(id) DEFERRABLE INITIALLY DEFERRED;


--
-- Name: work_work work_work_user_id_de4a18bf_fk_user_customuser_id; Type: FK CONSTRAINT; Schema: public; Owner: postgres
--

ALTER TABLE ONLY public.work_work
    ADD CONSTRAINT work_work_user_id_de4a18bf_fk_user_customuser_id FOREIGN KEY (user_id) REFERENCES public.user_customuser(id) DEFERRABLE INITIALLY DEFERRED;


--
-- PostgreSQL database dump complete
--

